utterance_id,speaker_id,clean_path,distorted_path,severity,transcript,duration_sec
001_วันนี้ฉะฉันรู้สึกดีมาก,spk001,data/raw/001_วันนี้ฉะฉันรู้สึกดีมาก.wav,data/distorted/001_วันนี้ฉะฉันรู้สึกดีมาก_severe.wav,severe,วันนี้ฉะฉันรู้สึกดีมาก,5.1634
002_ขอน้ำหนึ่งแก้วได้ไหม,spk001,data/raw/002_ขอน้ำหนึ่งแก้วได้ไหม.wav,data/distorted/002_ขอน้ำหนึ่งแก้วได้ไหม_severe.wav,severe,ขอน้ำหนึ่งแก้วได้ไหม,5.7266
003_ฉันอยู่ที่บ้านนะ,spk001,data/raw/003_ฉันอยู่ที่บ้านนะ.wav,data/distorted/003_ฉันอยู่ที่บ้านนะ_severe.wav,severe,ฉันอยู่ที่บ้านนะ,5.5211
004_หิวข้าวแล้ว,spk001,data/raw/004_หิวข้าวแล้ว.wav,data/distorted/004_หิวข้าวแล้ว_severe.wav,severe,หิวข้าวแล้ว,5.9488
005_ขอบคุณมากนะครับ,spk001,data/raw/005_ขอบคุณมากนะครับ.wav,data/distorted/005_ขอบคุณมากนะครับ_severe.wav,severe,ขอบคุณมากนะครับ,4.7894
006_ช่วยฉันด้วยได้ไหม,spk001,data/raw/006_ช่วยฉันด้วยได้ไหม.wav,data/distorted/006_ช่วยฉันด้วยได้ไหม_severe.wav,severe,ช่วยฉันด้วยได้ไหม,5.7329
007_วันนี้อากาศร้อนมาก,spk001,data/raw/007_วันนี้อากาศร้อนมาก.wav,data/distorted/007_วันนี้อากาศร้อนมาก_severe.wav,severe,วันนี้อากาศร้อนมาก,4.8814
008_ฉันชื่อกันต์กวี,spk001,data/raw/008_ฉันชื่อกันต์กวี.wav,data/distorted/008_ฉันชื่อกันต์กวี_severe.wav,severe,ฉันชื่อกันต์กวี,5.119
009_โทรหาหมอให้ทีได้ไหม,spk001,data/raw/009_โทรหาหมอให้ทีได้ไหม.wav,data/distorted/009_โทรหาหมอให้ทีได้ไหม_severe.wav,severe,โทรหาหมอให้ทีได้ไหม,5.4365
010_ฉันต้องการความช่วยเหลือ,spk001,data/raw/010_ฉันต้องการความช่วยเหลือ.wav,data/distorted/010_ฉันต้องการความช่วยเหลือ_severe.wav,severe,ฉันต้องการความช่วยเหลือ,4.823
cv_0000,common_voice,data/common_voice/cv_0000.wav,data/distorted_cv/cv_0000_severe.wav,severe,ชีสนั้นอร่อยโดยเฉพาะอย่างยิ่งเมื่อมาพร้อมกับขนมปังแสนอร่อยกรอบ,5.247
cv_0001,common_voice,data/common_voice/cv_0001.wav,data/distorted_cv/cv_0001_severe.wav,severe,ใกล้กระดูกทำให้เนื้อหวานขึ้น,3.9406
cv_0002,common_voice,data/common_voice/cv_0002.wav,data/distorted_cv/cv_0002_severe.wav,severe,ฉันมาแล้ว คุณเห็นไหม,2.4489
cv_0003,common_voice,data/common_voice/cv_0003.wav,data/distorted_cv/cv_0003_severe.wav,severe,ฉันรู้สึกปิติยินดี,3.0836
cv_0004,common_voice,data/common_voice/cv_0004.wav,data/distorted_cv/cv_0004_severe.wav,severe,คุณถามฉันหรือเปล่าว่ามันคืออะไร?,2.6856
cv_0005,common_voice,data/common_voice/cv_0005.wav,data/distorted_cv/cv_0005_severe.wav,severe,วันนี้หัวหน้าไม่มาเนื่องจากเขาเป็นไข้หวัด,3.5109
cv_0006,common_voice,data/common_voice/cv_0006.wav,data/distorted_cv/cv_0006_severe.wav,severe,เตรียมพร้อมสำหรับการระเบิดเขาประกาศและเริ่มนับถอยหลัง,4.8054
cv_0007,common_voice,data/common_voice/cv_0007.wav,data/distorted_cv/cv_0007_severe.wav,severe,การทดสอบกลายเป็นหายนะ,3.2643
cv_0008,common_voice,data/common_voice/cv_0008.wav,data/distorted_cv/cv_0008_severe.wav,severe,การวิ่งนั้นไร้ประโยชน์เพราะพวกเขาเล็กเกินไป,3.4403
cv_0009,common_voice,data/common_voice/cv_0009.wav,data/distorted_cv/cv_0009_severe.wav,severe,เราต้องหาว่าการทดลองนี้นานแค่ไหน,4.3986
cv_0010,common_voice,data/common_voice/cv_0010.wav,data/distorted_cv/cv_0010_severe.wav,severe,อย่าโง่เลย!,2.525
cv_0011,common_voice,data/common_voice/cv_0011.wav,data/distorted_cv/cv_0011_severe.wav,severe,เธอกินด้วยความรู้สึกหิวโหย,3.5101
cv_0012,common_voice,data/common_voice/cv_0012.wav,data/distorted_cv/cv_0012_severe.wav,severe,งั้นฟังนะ ขอล่ะ,3.8964
cv_0013,common_voice,data/common_voice/cv_0013.wav,data/distorted_cv/cv_0013_severe.wav,severe,ม้าหมุนไม่น่าตื่นเต้นเท่าไหร่,3.7487
cv_0014,common_voice,data/common_voice/cv_0014.wav,data/distorted_cv/cv_0014_severe.wav,severe,ริชาร์ดกล่าวว่านี่เป็นสถานที่ที่น่ารัก,5.5705
cv_0015,common_voice,data/common_voice/cv_0015.wav,data/distorted_cv/cv_0015_severe.wav,severe,เวลาตอนเย็นที่นั่นช่างดีเสียจริง,4.7831
cv_0016,common_voice,data/common_voice/cv_0016.wav,data/distorted_cv/cv_0016_severe.wav,severe,ฉันเกือบจะแน่ใจแล้ว,3.6808
cv_0017,common_voice,data/common_voice/cv_0017.wav,data/distorted_cv/cv_0017_severe.wav,severe,อยากให้อนาคตเราสดใส,4.2107
cv_0018,common_voice,data/common_voice/cv_0018.wav,data/distorted_cv/cv_0018_severe.wav,severe,เธอน่าจะมากับรถเมย์ เขาพูดวนซ้ำแล้วซ้ำเล่า,5.3162
cv_0019,common_voice,data/common_voice/cv_0019.wav,data/distorted_cv/cv_0019_severe.wav,severe,ธุรกิจนี้ของแองเจล่าและฉัน,4.1996
cv_0020,common_voice,data/common_voice/cv_0020.wav,data/distorted_cv/cv_0020_severe.wav,severe,พวกเขาอาศัยอยู่ในบ้านบนระเบียงด้านหนึ่งของรางรถไฟ,5.8117
cv_0021,common_voice,data/common_voice/cv_0021.wav,data/distorted_cv/cv_0021_severe.wav,severe,นั่นคือจิตวิญญาณ!.,2.873
cv_0022,common_voice,data/common_voice/cv_0022.wav,data/distorted_cv/cv_0022_severe.wav,severe,โทมัสบอกเธอว่าพี่ชายเธอยกเลิกการแสดงของเขา,5.8412
cv_0023,common_voice,data/common_voice/cv_0023.wav,data/distorted_cv/cv_0023_severe.wav,severe,กรุณาแบ่งปันความคิดเห็นของคุณ,4.3459
cv_0024,common_voice,data/common_voice/cv_0024.wav,data/distorted_cv/cv_0024_severe.wav,severe,คุณเข้าใจไหมว่าฉันค่อนข้างเด็ก อายุเพียงสิบแปดปีเท่านั้น และฉันปรารถนาที่จะมีชีวิตอยู่ต่อไป,9.963
cv_0025,common_voice,data/common_voice/cv_0025.wav,data/distorted_cv/cv_0025_severe.wav,severe,แต่เขาพูดถูก,2.7409
cv_0026,common_voice,data/common_voice/cv_0026.wav,data/distorted_cv/cv_0026_severe.wav,severe,กฎลูกโซ่ถูกนำไปใช้สองครั้งกับสูตรนี้,3.7348
cv_0027,common_voice,data/common_voice/cv_0027.wav,data/distorted_cv/cv_0027_severe.wav,severe,มีข้อมูลจำนวนเท่าไรในหนึ่งเอกซะไบท์,4.4167
cv_0028,common_voice,data/common_voice/cv_0028.wav,data/distorted_cv/cv_0028_severe.wav,severe,ก็ไม่เป็นไร,3.6603
cv_0029,common_voice,data/common_voice/cv_0029.wav,data/distorted_cv/cv_0029_severe.wav,severe,เลขนี้คือ?,2.1299
cv_0030,common_voice,data/common_voice/cv_0030.wav,data/distorted_cv/cv_0030_severe.wav,severe,'ข้าขอให้การรับรองว่า อยู่กับข้าที่นี่ มั่นคงแน่นหนาพอ' เขากล่าว,6.8601
cv_0031,common_voice,data/common_voice/cv_0031.wav,data/distorted_cv/cv_0031_severe.wav,severe,ฟังเพลงเพราะไม่มีโฆษณาคั่น,4.8202
cv_0032,common_voice,data/common_voice/cv_0032.wav,data/distorted_cv/cv_0032_severe.wav,severe,มันโอเค ไม่มีการทำให้แตกหักกะร่องกะแร่ง,6.1215
cv_0033,common_voice,data/common_voice/cv_0033.wav,data/distorted_cv/cv_0033_severe.wav,severe,ฉันเถียงกับเธอไม่ได้ เธอก็รู้ดีอยู่แล้ว,6.5466
cv_0034,common_voice,data/common_voice/cv_0034.wav,data/distorted_cv/cv_0034_severe.wav,severe,คนขับรถบรรทุกมักจะหยุดพักระหว่างทางที่ร้านตามจุดพักรถ,6.8049
cv_0035,common_voice,data/common_voice/cv_0035.wav,data/distorted_cv/cv_0035_severe.wav,severe,นี่คือเหมืองร้าง,3.3735
cv_0036,common_voice,data/common_voice/cv_0036.wav,data/distorted_cv/cv_0036_severe.wav,severe,ไม่มีทาง ฉันหวังว่าอย่างนั้นนะ ลูกพี่ลูกน้องริชาร์ด,6.0839
cv_0037,common_voice,data/common_voice/cv_0037.wav,data/distorted_cv/cv_0037_severe.wav,severe,การเชื่อมต่ออินเทอร์เน็ตของเขาช้าเกินไป,5.5364
cv_0038,common_voice,data/common_voice/cv_0038.wav,data/distorted_cv/cv_0038_severe.wav,severe,ใช้อนาคอนดาสำหรับโครงการนี้กันเถอะ,3.8662
cv_0039,common_voice,data/common_voice/cv_0039.wav,data/distorted_cv/cv_0039_severe.wav,severe,ตัวอย่างที่ดีของไดโนเสาร์คือพเตเรอแดกติล,5.9017
cv_0040,common_voice,data/common_voice/cv_0040.wav,data/distorted_cv/cv_0040_severe.wav,severe,ฉันรอคุณมาตอบอยู่นะ,3.6223
cv_0041,common_voice,data/common_voice/cv_0041.wav,data/distorted_cv/cv_0041_severe.wav,severe,ฉันจองวันหยุดเรียบร้อยแล้ว,2.9194
cv_0042,common_voice,data/common_voice/cv_0042.wav,data/distorted_cv/cv_0042_severe.wav,severe,เมื่อไหร่รถไฟฟ้าความเร็วสูงจะเสร็จสักที,3.9982
cv_0043,common_voice,data/common_voice/cv_0043.wav,data/distorted_cv/cv_0043_severe.wav,severe,มันเป็นความคิดที่น่าจะเป็นไปได้และน่าจะเข้าท่าด้วย,4.9351
cv_0044,common_voice,data/common_voice/cv_0044.wav,data/distorted_cv/cv_0044_severe.wav,severe,มันจะช่วยให้อะไรดีขึ้น,2.4354
cv_0045,common_voice,data/common_voice/cv_0045.wav,data/distorted_cv/cv_0045_severe.wav,severe,เราต้องรวบรวมรายชื่อหุ้นส่วนทั้งหมดของโครงการนี้,4.2599
cv_0046,common_voice,data/common_voice/cv_0046.wav,data/distorted_cv/cv_0046_severe.wav,severe,ช่างไฟรู้วิธีเชื่อม,4.8542
cv_0047,common_voice,data/common_voice/cv_0047.wav,data/distorted_cv/cv_0047_severe.wav,severe,นี่เพื่อนของคุณหรอ ?,2.3952
cv_0048,common_voice,data/common_voice/cv_0048.wav,data/distorted_cv/cv_0048_severe.wav,severe,คุณกำลังจะพูดว่าอะไร ?,2.7317
cv_0049,common_voice,data/common_voice/cv_0049.wav,data/distorted_cv/cv_0049_severe.wav,severe,ความคิดเห็นถูกแบ่งแยกไปตามความสำคัญของการไขว้กับการกลายพันธุ์,5.1167
cv_0050,common_voice,data/common_voice/cv_0050.wav,data/distorted_cv/cv_0050_severe.wav,severe,คุณไม่ชอบแจ๊คเก็ตตัวนี้หรอ,3.2789
cv_0051,common_voice,data/common_voice/cv_0051.wav,data/distorted_cv/cv_0051_severe.wav,severe,ฉันว่าฉันจะสั่งขนมปังไส้หมูฉีก,4.5518
cv_0052,common_voice,data/common_voice/cv_0052.wav,data/distorted_cv/cv_0052_severe.wav,severe,ฉันพยายามจำโน๊ตให้ได้มากที่สุดก่อนจะสอบ,3.6931
cv_0053,common_voice,data/common_voice/cv_0053.wav,data/distorted_cv/cv_0053_severe.wav,severe,วงเล็บปีกกาพิมพ์ยาก,2.9831
cv_0054,common_voice,data/common_voice/cv_0054.wav,data/distorted_cv/cv_0054_severe.wav,severe,ไฟแรง !,3.6714
cv_0055,common_voice,data/common_voice/cv_0055.wav,data/distorted_cv/cv_0055_severe.wav,severe,มันมีรูอยู่ที่พรม,5.3271
cv_0056,common_voice,data/common_voice/cv_0056.wav,data/distorted_cv/cv_0056_severe.wav,severe,คุณช่วยบอกรายละเอียดของเขาให้ฉันฟังหน่อยได้ไหม ?,7.86
cv_0057,common_voice,data/common_voice/cv_0057.wav,data/distorted_cv/cv_0057_severe.wav,severe,มันคือหนทางเดียว,4.8472
cv_0058,common_voice,data/common_voice/cv_0058.wav,data/distorted_cv/cv_0058_severe.wav,severe,นายหญิงออกไปข้างนอกใช่ไหม,6.1191
cv_0059,common_voice,data/common_voice/cv_0059.wav,data/distorted_cv/cv_0059_severe.wav,severe,เขาทำมันเพื่ออะไร ?,6.2437
cv_0060,common_voice,data/common_voice/cv_0060.wav,data/distorted_cv/cv_0060_severe.wav,severe,การเดินทางไกลกลับบ้านใช้เวลาหนึ่งปี,4.6756
cv_0061,common_voice,data/common_voice/cv_0061.wav,data/distorted_cv/cv_0061_severe.wav,severe,พวกเขายืนกำลังฟังในความมืด,4.9508
cv_0062,common_voice,data/common_voice/cv_0062.wav,data/distorted_cv/cv_0062_severe.wav,severe,เทคโนโลยีชีวภาพ หรือ ไอโอเทค เป็นตัวเลือกที่นิยมสำหรับปริญญาตรี,6.9796
cv_0063,common_voice,data/common_voice/cv_0063.wav,data/distorted_cv/cv_0063_severe.wav,severe,กลีบดอกร่วงโรยตามลม,3.5722
cv_0064,common_voice,data/common_voice/cv_0064.wav,data/distorted_cv/cv_0064_severe.wav,severe,ขอพระเจ้าอวยพรท่านสุขภาพดีเพียงใด !,4.8312
cv_0065,common_voice,data/common_voice/cv_0065.wav,data/distorted_cv/cv_0065_severe.wav,severe,อลิซรู้สึกงุนงงทั้งหมด,3.6993
cv_0066,common_voice,data/common_voice/cv_0066.wav,data/distorted_cv/cv_0066_severe.wav,severe,เธอพักฟื้นตัวเองด้วยความพยายาม,5.1126
cv_0067,common_voice,data/common_voice/cv_0067.wav,data/distorted_cv/cv_0067_severe.wav,severe,ยามค่ำคืนนั้นสงบและเต็มไปด้วยหิมะ,5.5704
cv_0068,common_voice,data/common_voice/cv_0068.wav,data/distorted_cv/cv_0068_severe.wav,severe,บาคาร์ดี้ ไรย์ วอดก้า - คุณต้องการอะไร ถามบาร์เทนเดอร์,8.2345
cv_0069,common_voice,data/common_voice/cv_0069.wav,data/distorted_cv/cv_0069_severe.wav,severe,กลุ่มกบฏเปลี่ยนโฉมรถรถคู่ใจของเขาด้วยเครื่องยนต์ไฮดรอลิค,8.1741
cv_0070,common_voice,data/common_voice/cv_0070.wav,data/distorted_cv/cv_0070_severe.wav,severe,ไทเกอร์ วูดส์ คือนักกอล์ฟที่มีชื่อเสียง,5.6089
cv_0071,common_voice,data/common_voice/cv_0071.wav,data/distorted_cv/cv_0071_severe.wav,severe,แมป,2.1833
cv_0072,common_voice,data/common_voice/cv_0072.wav,data/distorted_cv/cv_0072_severe.wav,severe,วันนี้ก็เป็นวันที่ดีอีกวัน,4.2585
cv_0073,common_voice,data/common_voice/cv_0073.wav,data/distorted_cv/cv_0073_severe.wav,severe,คิดว่าพวกเขาคงชักสีหน้าใส่ฉัน,5.3936
cv_0074,common_voice,data/common_voice/cv_0074.wav,data/distorted_cv/cv_0074_severe.wav,severe,ชื่อที่ให้ในสเปนและโปรตุเกส,4.9176
cv_0075,common_voice,data/common_voice/cv_0075.wav,data/distorted_cv/cv_0075_severe.wav,severe,ฟิลิปยืนละล้าละลัง หูเงี่ยฟังเสียง,6.28
cv_0076,common_voice,data/common_voice/cv_0076.wav,data/distorted_cv/cv_0076_severe.wav,severe,ได้โปรดเอาซุปมาให้หน่อย,3.4178
cv_0077,common_voice,data/common_voice/cv_0077.wav,data/distorted_cv/cv_0077_severe.wav,severe,เมื่อไวน์หมดสติอยู่,4.0301
cv_0078,common_voice,data/common_voice/cv_0078.wav,data/distorted_cv/cv_0078_severe.wav,severe,มันเกิดอะไรขึ้นในร้านทำผมกันแน่ ?,3.815
cv_0079,common_voice,data/common_voice/cv_0079.wav,data/distorted_cv/cv_0079_severe.wav,severe,ข้อสอบข้อนี้ยากจริง ๆ,3.7321
cv_0080,common_voice,data/common_voice/cv_0080.wav,data/distorted_cv/cv_0080_severe.wav,severe,กีฬากระโดดร่ม เป็นสิ่งที่ค่อนข้างอันตราย,5.9328
cv_0081,common_voice,data/common_voice/cv_0081.wav,data/distorted_cv/cv_0081_severe.wav,severe,ซาลกำลังทำให้คนอื่น ๆ โกรธ,3.8637
cv_0082,common_voice,data/common_voice/cv_0082.wav,data/distorted_cv/cv_0082_severe.wav,severe,ฉันเห็นเบ็นในเมืองรถ มินิคูเปอร์ของเขา,4.7446
cv_0083,common_voice,data/common_voice/cv_0083.wav,data/distorted_cv/cv_0083_severe.wav,severe,ซึ่งศาลจะอ่านคำพิพากษาดารณี,4.3536
cv_0084,common_voice,data/common_voice/cv_0084.wav,data/distorted_cv/cv_0084_severe.wav,severe,พิธีกรรมสาธารณะและสิ่งมันระลึกถึง,5.398
cv_0085,common_voice,data/common_voice/cv_0085.wav,data/distorted_cv/cv_0085_severe.wav,severe,ฉันคิดอยู่ว่าจะซื้อหมวกนั่น แต่ดันไปเห็นว่ามันราคาแปดสิบดอลลาร์,7.0438
cv_0086,common_voice,data/common_voice/cv_0086.wav,data/distorted_cv/cv_0086_severe.wav,severe,โอไบรอันส่งเสียงกรีดร้องที่ดำดิ่งอย่างรวดเร็วพร้อมกับเสียงสะอื้น,6.5693
cv_0087,common_voice,data/common_voice/cv_0087.wav,data/distorted_cv/cv_0087_severe.wav,severe,มาสิ มาทดลองชิ้นส่วนแรกกัน ม็อคเทอร์เทิลกล่างแก่กริฟฟอน,7.9428
cv_0088,common_voice,data/common_voice/cv_0088.wav,data/distorted_cv/cv_0088_severe.wav,severe,ฉันคิดว่าฉันอาจจะหยุด,3.8299
cv_0089,common_voice,data/common_voice/cv_0089.wav,data/distorted_cv/cv_0089_severe.wav,severe,ต้องระวางโทษจำคุกไม่เกินห้าปี หรือปรับไม่เกินหนึ่งแสนบาท,6.2031
cv_0090,common_voice,data/common_voice/cv_0090.wav,data/distorted_cv/cv_0090_severe.wav,severe,หัวใจผมคำนับผู้หญิงคนนี้ไปแล้ว,4.3673
cv_0091,common_voice,data/common_voice/cv_0091.wav,data/distorted_cv/cv_0091_severe.wav,severe,แปดร้อยยี่สิบสี่ถัง,3.2001
cv_0092,common_voice,data/common_voice/cv_0092.wav,data/distorted_cv/cv_0092_severe.wav,severe,เราจะเอามันมาเป็นมื้อเที่ยงวันนี้,4.0269
cv_0093,common_voice,data/common_voice/cv_0093.wav,data/distorted_cv/cv_0093_severe.wav,severe,ที่จะเป็นอิสระที่ค่าใช้จ่ายของผู้อื่น,5.4082
cv_0094,common_voice,data/common_voice/cv_0094.wav,data/distorted_cv/cv_0094_severe.wav,severe,อย่าเอ่ยถึงมัน ชายชรา ฉันตอบอย่างสุภาพ,7.355
cv_0095,common_voice,data/common_voice/cv_0095.wav,data/distorted_cv/cv_0095_severe.wav,severe,ไส้กรอกพวกนี้อร่อยมาก ๆ,3.7525
cv_0096,common_voice,data/common_voice/cv_0096.wav,data/distorted_cv/cv_0096_severe.wav,severe,สำหรับฉันมันธรรมดามาก,3.5996
cv_0097,common_voice,data/common_voice/cv_0097.wav,data/distorted_cv/cv_0097_severe.wav,severe,เพลงนั้น ในขณะที่ทางเทคนิคแล้วเป็นเพลงวอลทซ์ ก็ฟังแล้วเหมือนคนเมาเล่นทูบาที่เข้าไปเล่นในส่วนเครื่องเคาะจังหวะของวงออร์เคสตร้า,7.8243
cv_0098,common_voice,data/common_voice/cv_0098.wav,data/distorted_cv/cv_0098_severe.wav,severe,พลอยปลอมส่องประกายมากแต่มีราคาน้อย,4.7236
cv_0099,common_voice,data/common_voice/cv_0099.wav,data/distorted_cv/cv_0099_severe.wav,severe,การเดินทางไปมหาวิทยาลัยธรรมศาสตร์ ศูนย์รังสิต ด้วยรถโดยสารประจำทาง,8.2534
cv_0100,common_voice,data/common_voice/cv_0100.wav,data/distorted_cv/cv_0100_severe.wav,severe,ฉันทำให้ตัวเองรู้สึกดีเหมือนเดิมและเดินกลับบ้านต่อ,4.7289
cv_0101,common_voice,data/common_voice/cv_0101.wav,data/distorted_cv/cv_0101_severe.wav,severe,คนเราต้องสู้ชีวิต,3.4087
cv_0102,common_voice,data/common_voice/cv_0102.wav,data/distorted_cv/cv_0102_severe.wav,severe,แฮรรี่หวังว่าเขาจะพบกับความสำเร็จจากโปรเจคที่เขากำลังทำอยู่,6.6943
cv_0103,common_voice,data/common_voice/cv_0103.wav,data/distorted_cv/cv_0103_severe.wav,severe,ฉันก็รักคุณเหมือนกัน,3.5374
cv_0104,common_voice,data/common_voice/cv_0104.wav,data/distorted_cv/cv_0104_severe.wav,severe,คำสารภาพของเธอเกี่ยวกับมันยืนยันเรื่องราวทั้งหมด,4.9241
cv_0105,common_voice,data/common_voice/cv_0105.wav,data/distorted_cv/cv_0105_severe.wav,severe,บ่ายหนึ่ง,2.7308
cv_0106,common_voice,data/common_voice/cv_0106.wav,data/distorted_cv/cv_0106_severe.wav,severe,แผนที่ถนนแบบเปิดช่วยให้พนักงานช่วยเหลือด้านมนุษยธรรมเข้าถึงสถานที่ที่ยากที่สุดในการเข้าถึง,7.7404
cv_0107,common_voice,data/common_voice/cv_0107.wav,data/distorted_cv/cv_0107_severe.wav,severe,ไรอันคงไม่เคยตรวจสุจภาพจิต,3.0778
cv_0108,common_voice,data/common_voice/cv_0108.wav,data/distorted_cv/cv_0108_severe.wav,severe,ฉันข้ามถนนพร้อมกับผิวปากอย่างสนุกสานและล้อเลียนท่าทางโยกเยกของคนส่งนม,6.7597
cv_0109,common_voice,data/common_voice/cv_0109.wav,data/distorted_cv/cv_0109_severe.wav,severe,ความรู้สึกน่าชื่นชม,2.9312
cv_0110,common_voice,data/common_voice/cv_0110.wav,data/distorted_cv/cv_0110_severe.wav,severe,ระบบเรียนรู้ผ่านเครื่องจักรช่วยกระตุ้นให้คนพัฒนาตนเองมากขึ้น,5.7722
cv_0111,common_voice,data/common_voice/cv_0111.wav,data/distorted_cv/cv_0111_severe.wav,severe,ในห้องของมาร์ธไม่มีแสงสว่างเลย,3.0304
cv_0112,common_voice,data/common_voice/cv_0112.wav,data/distorted_cv/cv_0112_severe.wav,severe,จริยธรรมจะต้องถูกสร้างให้กับปัญญาประดิษฐ์ตั้งแต่แรก,5.4597
cv_0113,common_voice,data/common_voice/cv_0113.wav,data/distorted_cv/cv_0113_severe.wav,severe,วนิดาก้าวเข้ามาเป็นนักศึกษามหาวิทยาลัยธรรมศาสตร์ในยุคประชาธิปไตยเบ่งบาน หลังเหตุการณ์ สิบสี่ ตุลา และเข้าร่วมกิจกรรม นักศึกษาฝ่ายก้าวหน้าอย่างแข็งขัน,10.2554
cv_0114,common_voice,data/common_voice/cv_0114.wav,data/distorted_cv/cv_0114_severe.wav,severe,คุณวูดคอร์ต คุณกำลังจะไปลอนดอนหรือ ?,3.7532
cv_0115,common_voice,data/common_voice/cv_0115.wav,data/distorted_cv/cv_0115_severe.wav,severe,สนามหญ้าถูกโรยหน้าด้วยดอกเดซี่,4.494
cv_0116,common_voice,data/common_voice/cv_0116.wav,data/distorted_cv/cv_0116_severe.wav,severe,แจ็คทุกคนมีจิลของเขา,2.785
cv_0117,common_voice,data/common_voice/cv_0117.wav,data/distorted_cv/cv_0117_severe.wav,severe,ฉันระงับความไม่พอใจของฉันไว้,2.8206
cv_0118,common_voice,data/common_voice/cv_0118.wav,data/distorted_cv/cv_0118_severe.wav,severe,การจำนองของเรามีการค้างชำระ,2.8718
cv_0119,common_voice,data/common_voice/cv_0119.wav,data/distorted_cv/cv_0119_severe.wav,severe,ไฟลวกหมาจิ้งจอก,3.0393
cv_0120,common_voice,data/common_voice/cv_0120.wav,data/distorted_cv/cv_0120_severe.wav,severe,มีอาอายุครบเจ็ดขวบวันนี้,3.4934
cv_0121,common_voice,data/common_voice/cv_0121.wav,data/distorted_cv/cv_0121_severe.wav,severe,บ่ายโมง,2.5293
cv_0122,common_voice,data/common_voice/cv_0122.wav,data/distorted_cv/cv_0122_severe.wav,severe,วันทำงาน,2.7292
cv_0123,common_voice,data/common_voice/cv_0123.wav,data/distorted_cv/cv_0123_severe.wav,severe,ฉันไปว่ายน้ำเล่นกับโลมามาเมื่อวาน,4.5633
cv_0124,common_voice,data/common_voice/cv_0124.wav,data/distorted_cv/cv_0124_severe.wav,severe,สิ่งเล็ก ๆ เป็นจุดเริ่มต้นของความยิ่งใหญ่,4.2037
cv_0125,common_voice,data/common_voice/cv_0125.wav,data/distorted_cv/cv_0125_severe.wav,severe,ไม่ เธอต้องฟังเขา,3.2569
cv_0126,common_voice,data/common_voice/cv_0126.wav,data/distorted_cv/cv_0126_severe.wav,severe,ความร่ำรวยคือล่อของผู้มั่งคั่ง,4.9134
cv_0127,common_voice,data/common_voice/cv_0127.wav,data/distorted_cv/cv_0127_severe.wav,severe,เธอเดินออกจากห้องพิจารณาคดี,4.7633
cv_0128,common_voice,data/common_voice/cv_0128.wav,data/distorted_cv/cv_0128_severe.wav,severe,เมษายน,2.2022
cv_0129,common_voice,data/common_voice/cv_0129.wav,data/distorted_cv/cv_0129_severe.wav,severe,จัดตั้งจังหวัดกาฬสินธุ์ โดยแยกจากจังหวัดมหาสารคาม,5.2066
cv_0130,common_voice,data/common_voice/cv_0130.wav,data/distorted_cv/cv_0130_severe.wav,severe,อย่ากังวลเลย พวกนั้นเป็นคนดี,3.5096
cv_0131,common_voice,data/common_voice/cv_0131.wav,data/distorted_cv/cv_0131_severe.wav,severe,อย่าทำให้มิสแคลร์ตื่น,3.7901
cv_0132,common_voice,data/common_voice/cv_0132.wav,data/distorted_cv/cv_0132_severe.wav,severe,มองซิเออร์ คุณอยากรู้ความจริงใช่ไหม ฉันเกลียดเธอ,5.6892
cv_0133,common_voice,data/common_voice/cv_0133.wav,data/distorted_cv/cv_0133_severe.wav,severe,และฉันก็ระเบิดหัวเราะออกมา เป็นการขำเยาะเย้ยที่น่าเอ็นดู,5.3051
cv_0134,common_voice,data/common_voice/cv_0134.wav,data/distorted_cv/cv_0134_severe.wav,severe,ฉันถือมันไว้ในอุ้งมือของฉัน,3.3338
cv_0135,common_voice,data/common_voice/cv_0135.wav,data/distorted_cv/cv_0135_severe.wav,severe,ที่นั่นฉันทานอาหารเช้าเป็นวิสกี้ผสมโซดาและขนมปังกรอบนิดหน่อยจากในตู้,9.577
cv_0136,common_voice,data/common_voice/cv_0136.wav,data/distorted_cv/cv_0136_severe.wav,severe,ให้เราดูโรงจอดรถ,3.9515
cv_0137,common_voice,data/common_voice/cv_0137.wav,data/distorted_cv/cv_0137_severe.wav,severe,แต่แผนที่นี้สร้างมาเพื่อเธอ ใช่มั้ย,6.2941
cv_0138,common_voice,data/common_voice/cv_0138.wav,data/distorted_cv/cv_0138_severe.wav,severe,เขาเป็นคนสูงศักดิ์,2.4647
cv_0139,common_voice,data/common_voice/cv_0139.wav,data/distorted_cv/cv_0139_severe.wav,severe,เรียล,2.2306
cv_0140,common_voice,data/common_voice/cv_0140.wav,data/distorted_cv/cv_0140_severe.wav,severe,กรุณาเงียบ,2.6756
cv_0141,common_voice,data/common_voice/cv_0141.wav,data/distorted_cv/cv_0141_severe.wav,severe,ตรงนี้ฉันเห็นและรู้อยู่แล้วหละ,3.796
cv_0142,common_voice,data/common_voice/cv_0142.wav,data/distorted_cv/cv_0142_severe.wav,severe,มันเป็นวัฒนธรรมที่ต้องกินสายไหมริมทะเล,4.3629
cv_0143,common_voice,data/common_voice/cv_0143.wav,data/distorted_cv/cv_0143_severe.wav,severe,ซอฟต์แวร์นั้นเป็นกรรมสิทธิ์ของโปรแกรมหรือเป็นโอเพ่นซอร์สหรือไม่,6.6724
cv_0144,common_voice,data/common_voice/cv_0144.wav,data/distorted_cv/cv_0144_severe.wav,severe,คุณยายของฉันกำลังพักฟื้นตัวอยู่ที่ศูนย์ฟื้นฟูผู้ป่วย,5.1366
cv_0145,common_voice,data/common_voice/cv_0145.wav,data/distorted_cv/cv_0145_severe.wav,severe,วิกผมของตัวตลกแต่ละตัวมีหมวกกะลาเล็ก ๆ ที่มีสายรัดคางยืดหยุ่น,8.1823
cv_0146,common_voice,data/common_voice/cv_0146.wav,data/distorted_cv/cv_0146_severe.wav,severe,รถคันนี้ขายในราคา หนึ่งหมื่นสองพันสี่ร้อยหกสิบเก้าดอลลาร์,6.2953
cv_0147,common_voice,data/common_voice/cv_0147.wav,data/distorted_cv/cv_0147_severe.wav,severe,มาร์คแกะกล่องสินค้าด้วยความระมัดระวัง,5.0974
cv_0148,common_voice,data/common_voice/cv_0148.wav,data/distorted_cv/cv_0148_severe.wav,severe,คุณจะมาโทษฉันที่ถอนตัวไม่ได้,5.6426
cv_0149,common_voice,data/common_voice/cv_0149.wav,data/distorted_cv/cv_0149_severe.wav,severe,มูหราดเพื่อนของฉันกำลังจะมาสุดสัปดาห์นี้,5.2683
cv_0150,common_voice,data/common_voice/cv_0150.wav,data/distorted_cv/cv_0150_severe.wav,severe,อยู่ตรงนี้ล่ะฟัง อย่าไปไหนเลย,4.3696
cv_0151,common_voice,data/common_voice/cv_0151.wav,data/distorted_cv/cv_0151_severe.wav,severe,ฉันได้รับมรดกรูปปั้นในพินัยกรรมของยายของฉัน,6.0823
cv_0152,common_voice,data/common_voice/cv_0152.wav,data/distorted_cv/cv_0152_severe.wav,severe,เธอไม่ชอบกระแสของถุงน่องไนลอน,4.203
cv_0153,common_voice,data/common_voice/cv_0153.wav,data/distorted_cv/cv_0153_severe.wav,severe,ผู้ชายหลายคนที่เดินกลางถนน,4.2132
cv_0154,common_voice,data/common_voice/cv_0154.wav,data/distorted_cv/cv_0154_severe.wav,severe,สินค้ามีราคาที่แตกต่างกัน,3.0916
cv_0155,common_voice,data/common_voice/cv_0155.wav,data/distorted_cv/cv_0155_severe.wav,severe,ฉันจะไปเยอรมันพรุ่งนี้,3.9589
cv_0156,common_voice,data/common_voice/cv_0156.wav,data/distorted_cv/cv_0156_severe.wav,severe,การจราจรติดขัดทั้งเมือง,2.9301
cv_0157,common_voice,data/common_voice/cv_0157.wav,data/distorted_cv/cv_0157_severe.wav,severe,เราทำเป็นว่ามันไม่เคยเกิดขึ้นไม่ได้หรอก,4.8666
cv_0158,common_voice,data/common_voice/cv_0158.wav,data/distorted_cv/cv_0158_severe.wav,severe,สถานที่แข่งที่ต่อไปคือที่ไหน,5.3884
cv_0159,common_voice,data/common_voice/cv_0159.wav,data/distorted_cv/cv_0159_severe.wav,severe,หินเหล็กไฟได้กระเด็นออกและจุดคบเพลิงน้ำมันสน,7.8182
cv_0160,common_voice,data/common_voice/cv_0160.wav,data/distorted_cv/cv_0160_severe.wav,severe,เติบโตช้ายังดีกว่าไม่พัฒนาเลย,4.5812
cv_0161,common_voice,data/common_voice/cv_0161.wav,data/distorted_cv/cv_0161_severe.wav,severe,ฉันถูกดึงไปเพื่อฝ่าไฟแดง,3.4271
cv_0162,common_voice,data/common_voice/cv_0162.wav,data/distorted_cv/cv_0162_severe.wav,severe,ฉันแนะนำให้ใช้เครื่องตรวจตัวสะกดเพื่อหลีกเลี่ยงความผิดพลาดดังกล่าว,5.2259
cv_0163,common_voice,data/common_voice/cv_0163.wav,data/distorted_cv/cv_0163_severe.wav,severe,คุณมีมัน,2.8341
cv_0164,common_voice,data/common_voice/cv_0164.wav,data/distorted_cv/cv_0164_severe.wav,severe,โซดาจะดีกับสุขภาพมากกว่านี้ ถ้ามันไม่มีน้ำตาลในนั้น,4.4745
cv_0165,common_voice,data/common_voice/cv_0165.wav,data/distorted_cv/cv_0165_severe.wav,severe,ทำเช่นนั้นด้วยแท่งไม้,3.9682
cv_0166,common_voice,data/common_voice/cv_0166.wav,data/distorted_cv/cv_0166_severe.wav,severe,บริษัทเราจะต้องปรับตัวเพื่อใช้งานเทคโนโลยีเหล่านี้,6.4393
cv_0167,common_voice,data/common_voice/cv_0167.wav,data/distorted_cv/cv_0167_severe.wav,severe,ฉันพิจารณาแล้วว่ามันเป็นพฤติกรรมที่สุ่มเสี่ยง,5.9078
cv_0168,common_voice,data/common_voice/cv_0168.wav,data/distorted_cv/cv_0168_severe.wav,severe,ฉันเขียนจดหมายถึงภรรยาของฉันด้วยมือ,3.9637
cv_0169,common_voice,data/common_voice/cv_0169.wav,data/distorted_cv/cv_0169_severe.wav,severe,แล้วเขาก็เดินไปที่ห้องบัลลังก์แล้วเคาะประตู,4.9659
cv_0170,common_voice,data/common_voice/cv_0170.wav,data/distorted_cv/cv_0170_severe.wav,severe,ฉันฟื้นฟูตัวเองและเดินไปบ้านต่อ,4.273
cv_0171,common_voice,data/common_voice/cv_0171.wav,data/distorted_cv/cv_0171_severe.wav,severe,การศึกษาเป็นสิ่งสำคัญมาก,3.1378
cv_0172,common_voice,data/common_voice/cv_0172.wav,data/distorted_cv/cv_0172_severe.wav,severe,คุณคงไม่มีที่ไป,2.5213
cv_0173,common_voice,data/common_voice/cv_0173.wav,data/distorted_cv/cv_0173_severe.wav,severe,คุณเตรียมพร้อมสำหรับการตอบคำถามภูมิศาสตร์ในวันพรุ่งนี้?,4.4838
cv_0174,common_voice,data/common_voice/cv_0174.wav,data/distorted_cv/cv_0174_severe.wav,severe,เติมผักชี,3.8942
cv_0175,common_voice,data/common_voice/cv_0175.wav,data/distorted_cv/cv_0175_severe.wav,severe,บังเอิญว่ามันเป็นเรื่องจริง,2.4183
cv_0176,common_voice,data/common_voice/cv_0176.wav,data/distorted_cv/cv_0176_severe.wav,severe,ยูเอสบีไดรฟ์,4.415
cv_0177,common_voice,data/common_voice/cv_0177.wav,data/distorted_cv/cv_0177_severe.wav,severe,วันอาสาฬหบูชา,4.4718
cv_0178,common_voice,data/common_voice/cv_0178.wav,data/distorted_cv/cv_0178_severe.wav,severe,ฉันยกผ้าคลุมขึ้นและพูดกับหล่อน,3.7309
cv_0179,common_voice,data/common_voice/cv_0179.wav,data/distorted_cv/cv_0179_severe.wav,severe,ฉันต้องการเรียนรู้เรื่องสัตววิทยา,3.3351
cv_0180,common_voice,data/common_voice/cv_0180.wav,data/distorted_cv/cv_0180_severe.wav,severe,ทำไมที่นี่ยังต้องใช้สำเนาบัตรประชาชน,3.7786
cv_0181,common_voice,data/common_voice/cv_0181.wav,data/distorted_cv/cv_0181_severe.wav,severe,พวกเขาเปิดขวดไวน์และดื่มอย่างหนัก,3.9729
cv_0182,common_voice,data/common_voice/cv_0182.wav,data/distorted_cv/cv_0182_severe.wav,severe,ที่กินที่เที่ยว,2.2131
cv_0183,common_voice,data/common_voice/cv_0183.wav,data/distorted_cv/cv_0183_severe.wav,severe,คอมพิวเตอร์เครื่องนี้ติดไวรัส,4.0563
cv_0184,common_voice,data/common_voice/cv_0184.wav,data/distorted_cv/cv_0184_severe.wav,severe,โอ้มันแย่มาก!,2.0356
cv_0185,common_voice,data/common_voice/cv_0185.wav,data/distorted_cv/cv_0185_severe.wav,severe,มันไม่ถูกต้องเธอรู้ใช่ไหม,4.5868
cv_0186,common_voice,data/common_voice/cv_0186.wav,data/distorted_cv/cv_0186_severe.wav,severe,ฉันขอแซนด์วิชที่ไม่ใส่มะเขือเทศ,3.4813
cv_0187,common_voice,data/common_voice/cv_0187.wav,data/distorted_cv/cv_0187_severe.wav,severe,หยุดทำงาน,3.2304
cv_0188,common_voice,data/common_voice/cv_0188.wav,data/distorted_cv/cv_0188_severe.wav,severe,ขอพูดอีกครั้งว่าที่นี่มีบางอย่างที่ฉันไม่เข้าใจ,5.3708
cv_0189,common_voice,data/common_voice/cv_0189.wav,data/distorted_cv/cv_0189_severe.wav,severe,คุณคิดยังไงถึงจะดีที่สุด คุณซัมเมอร์สัน,6.0214
cv_0190,common_voice,data/common_voice/cv_0190.wav,data/distorted_cv/cv_0190_severe.wav,severe,คุณเห็นสิ่งที่จะเกิดขึ้น,3.2837
cv_0191,common_voice,data/common_voice/cv_0191.wav,data/distorted_cv/cv_0191_severe.wav,severe,อีกไกลแค่ไหนถึงจะถึง,4.0586
cv_0192,common_voice,data/common_voice/cv_0192.wav,data/distorted_cv/cv_0192_severe.wav,severe,คุณอายุเท่าไหร่?,4.1491
cv_0193,common_voice,data/common_voice/cv_0193.wav,data/distorted_cv/cv_0193_severe.wav,severe,เคทลีนหยิบมือถือออกมาจากกระเป๋า,5.8057
cv_0194,common_voice,data/common_voice/cv_0194.wav,data/distorted_cv/cv_0194_severe.wav,severe,เราบอกเขาไปว่า ฉันก็อยู่อย่างฉัน เธอก็อยู่อย่างเธอ,5.8642
cv_0195,common_voice,data/common_voice/cv_0195.wav,data/distorted_cv/cv_0195_severe.wav,severe,คุณยังเด็กที่จะเป็นผู้ดูแลโรงแรม” ฉันพูด,5.7133
cv_0196,common_voice,data/common_voice/cv_0196.wav,data/distorted_cv/cv_0196_severe.wav,severe,คุณเป็นอย่างไรบ้าง,2.3991
cv_0197,common_voice,data/common_voice/cv_0197.wav,data/distorted_cv/cv_0197_severe.wav,severe,และแสงสว่างจ้าทะลุผ่านรอยขาดของผ้าม่าน,4.6854
cv_0198,common_voice,data/common_voice/cv_0198.wav,data/distorted_cv/cv_0198_severe.wav,severe,มีห้องว่างอยู่จากที่ที่เธอมา,5.2112
cv_0199,common_voice,data/common_voice/cv_0199.wav,data/distorted_cv/cv_0199_severe.wav,severe,ทำไมฉันถึงต้องตามหาเธอบ่อย ๆ ถ้าฉันไม่สนใจ,5.6787
cv_0200,common_voice_ext,data/common_voice_ext/cv_0200.wav,data/distorted_cv_ext/cv_0200_severe.wav,severe,ฉันคิดว่ามันสวยดี,4.3232
cv_0201,common_voice_ext,data/common_voice_ext/cv_0201.wav,data/distorted_cv_ext/cv_0201_severe.wav,severe,งาน,1.8869
cv_0202,common_voice_ext,data/common_voice_ext/cv_0202.wav,data/distorted_cv_ext/cv_0202_severe.wav,severe,ฉันเป็นหนี้บุณคุณของคุณ ขอบคุณ,3.9084
cv_0203,common_voice_ext,data/common_voice_ext/cv_0203.wav,data/distorted_cv_ext/cv_0203_severe.wav,severe,ไม่จำเป็น ฉันสั่งอาหารกลับบ้านแล้ว เดี๋ยวอาหารก็มา,5.3102
cv_0204,common_voice_ext,data/common_voice_ext/cv_0204.wav,data/distorted_cv_ext/cv_0204_severe.wav,severe,อาจารย์ใหญ่ว่าจ้างเหล่าบัณฑิตที่จบการศึกษาโดยเสนอผลตอบแทนอย่างงาม,7.504
cv_0205,common_voice_ext,data/common_voice_ext/cv_0205.wav,data/distorted_cv_ext/cv_0205_severe.wav,severe,เธอห้ามไม่ให้พวกเขาสูบบุหรี่หลังห้อง,3.6391
cv_0206,common_voice_ext,data/common_voice_ext/cv_0206.wav,data/distorted_cv_ext/cv_0206_severe.wav,severe,แน่นอนฉันอยู่ในวิญญาณที่ดีกว่าที่ฉันเคยเป็นเวลาหลายเดือน,6.2358
cv_0207,common_voice_ext,data/common_voice_ext/cv_0207.wav,data/distorted_cv_ext/cv_0207_severe.wav,severe,ไม่มีแม้แต่ความเป็นไปได้ในการทำเช่นนั้น,4.0679
cv_0208,common_voice_ext,data/common_voice_ext/cv_0208.wav,data/distorted_cv_ext/cv_0208_severe.wav,severe,ฉันถูกรายล้อมไปด้วยวิญญาณ,4.629
cv_0209,common_voice_ext,data/common_voice_ext/cv_0209.wav,data/distorted_cv_ext/cv_0209_severe.wav,severe,พระเจ้าทรงรักคนโกหกที่ร่าเริง,4.7067
cv_0210,common_voice_ext,data/common_voice_ext/cv_0210.wav,data/distorted_cv_ext/cv_0210_severe.wav,severe,เส้นผ่าศูนย์กลางไม่เกินแปดยาร์ด,3.6881
cv_0211,common_voice_ext,data/common_voice_ext/cv_0211.wav,data/distorted_cv_ext/cv_0211_severe.wav,severe,พวกเขาทั้งหมดดี,2.2571
cv_0212,common_voice_ext,data/common_voice_ext/cv_0212.wav,data/distorted_cv_ext/cv_0212_severe.wav,severe,มันเป็นเวลาแปดโมงเช้าแล้ว และเวลากลางวันก็คลืบคลานมาอย่างรวดเร็ว,5.7559
cv_0213,common_voice_ext,data/common_voice_ext/cv_0213.wav,data/distorted_cv_ext/cv_0213_severe.wav,severe,เขาคำรามออกมาเป็นครั้งสุดท้ายก่อนจะเคลื่อนตัวหายไปจากสายตาท่ามกลางหมู่ไม้,7.3049
cv_0214,common_voice_ext,data/common_voice_ext/cv_0214.wav,data/distorted_cv_ext/cv_0214_severe.wav,severe,ฉันเลิกคิ้ว,2.2938
cv_0215,common_voice_ext,data/common_voice_ext/cv_0215.wav,data/distorted_cv_ext/cv_0215_severe.wav,severe,ให้ความสำคัญกับอาชีพของตัวเองเข้าไว้ แม้ว่ามันจะต่ำต้อยแค่ไหน,5.8184
cv_0216,common_voice_ext,data/common_voice_ext/cv_0216.wav,data/distorted_cv_ext/cv_0216_severe.wav,severe,ในไม่ช้าไฟก็ดับ,3.5337
cv_0217,common_voice_ext,data/common_voice_ext/cv_0217.wav,data/distorted_cv_ext/cv_0217_severe.wav,severe,ตาของเขาจับจ้อง พร้อมมือที่มั่นคง,5.1081
cv_0218,common_voice_ext,data/common_voice_ext/cv_0218.wav,data/distorted_cv_ext/cv_0218_severe.wav,severe,ฉันหมายความแบบนั้นแหละ ทำไมจะไม่ใช่,4.6658
cv_0219,common_voice_ext,data/common_voice_ext/cv_0219.wav,data/distorted_cv_ext/cv_0219_severe.wav,severe,ตอนนี้อย่าแก้ตัวอีกต่อไป แต่ฟังนะ !,5.2384
cv_0220,common_voice_ext,data/common_voice_ext/cv_0220.wav,data/distorted_cv_ext/cv_0220_severe.wav,severe,พวงกุญแจหัวใจสีชมพูเรืองแสง,3.5871
cv_0221,common_voice_ext,data/common_voice_ext/cv_0221.wav,data/distorted_cv_ext/cv_0221_severe.wav,severe,โปรดตรวจสอบการวัดขาด้านใน,2.7917
cv_0222,common_voice_ext,data/common_voice_ext/cv_0222.wav,data/distorted_cv_ext/cv_0222_severe.wav,severe,เห็นได้ชัดว่าค่ำคืนนี้นั้นน่าตื่นเต้น,3.61
cv_0223,common_voice_ext,data/common_voice_ext/cv_0223.wav,data/distorted_cv_ext/cv_0223_severe.wav,severe,ความฝันเด็กไทยไม่ควรถูกบังคับโดยผู้ใหญ่,4.0989
cv_0224,common_voice_ext,data/common_voice_ext/cv_0224.wav,data/distorted_cv_ext/cv_0224_severe.wav,severe,รายละเอียดเหล่านี้เป็นความจริงอย่างแน่นอน,4.8781
cv_0225,common_voice_ext,data/common_voice_ext/cv_0225.wav,data/distorted_cv_ext/cv_0225_severe.wav,severe,ทุกวันพระเขาจะพาลูกไปวัด,3.6928
cv_0226,common_voice_ext,data/common_voice_ext/cv_0226.wav,data/distorted_cv_ext/cv_0226_severe.wav,severe,เราวางแพลนจะไปโตเกียวอีกรอบ,3.6893
cv_0227,common_voice_ext,data/common_voice_ext/cv_0227.wav,data/distorted_cv_ext/cv_0227_severe.wav,severe,ดูหิ่งห้อย !,2.6152
cv_0228,common_voice_ext,data/common_voice_ext/cv_0228.wav,data/distorted_cv_ext/cv_0228_severe.wav,severe,เขาต้องการอะไรจากเธอ?,2.3011
cv_0229,common_voice_ext,data/common_voice_ext/cv_0229.wav,data/distorted_cv_ext/cv_0229_severe.wav,severe,พลังประชารัฐเลือกประยุทธเป็นนายก,2.8013
cv_0230,common_voice_ext,data/common_voice_ext/cv_0230.wav,data/distorted_cv_ext/cv_0230_severe.wav,severe,ฉันหวังว่าฉันจะทำได้โดยที่หน้าไม่ต้องแก่,3.4016
cv_0231,common_voice_ext,data/common_voice_ext/cv_0231.wav,data/distorted_cv_ext/cv_0231_severe.wav,severe,ศิลปะการขี่ม้าอันยอดเยี่ยมอย่างที่ฉันกำลังพูด มันคือการรักษาสมดุลของคุณ,6.036
cv_0232,common_voice_ext,data/common_voice_ext/cv_0232.wav,data/distorted_cv_ext/cv_0232_severe.wav,severe,ตีพิมพ์ตอนไหน,2.7399
cv_0233,common_voice_ext,data/common_voice_ext/cv_0233.wav,data/distorted_cv_ext/cv_0233_severe.wav,severe,คดีนี้น่าพิศวงสำหรับคนเฒ่าคนแก่,4.0172
cv_0234,common_voice_ext,data/common_voice_ext/cv_0234.wav,data/distorted_cv_ext/cv_0234_severe.wav,severe,ตีสอง,2.6599
cv_0235,common_voice_ext,data/common_voice_ext/cv_0235.wav,data/distorted_cv_ext/cv_0235_severe.wav,severe,สัญญาเช่าหมดอายุแล้ว,2.8986
cv_0236,common_voice_ext,data/common_voice_ext/cv_0236.wav,data/distorted_cv_ext/cv_0236_severe.wav,severe,ไม่ว่าหญิงชราจะพูดอะไรก็ต้องทำ,4.0697
cv_0237,common_voice_ext,data/common_voice_ext/cv_0237.wav,data/distorted_cv_ext/cv_0237_severe.wav,severe,กุญแจตกหายไปไหนนะ,2.2824
cv_0238,common_voice_ext,data/common_voice_ext/cv_0238.wav,data/distorted_cv_ext/cv_0238_severe.wav,severe,กฎหมายอิสลามเรียกว่าชาริอะฮ์,4.0083
cv_0239,common_voice_ext,data/common_voice_ext/cv_0239.wav,data/distorted_cv_ext/cv_0239_severe.wav,severe,มันค่อนข้างที่จะไม่เหมือนที่เคยเป็นก่อนหน้านี้ในการฟื้นฟูโทนสีของมัน,6.168
cv_0240,common_voice_ext,data/common_voice_ext/cv_0240.wav,data/distorted_cv_ext/cv_0240_severe.wav,severe,ทำกับคนอื่นตามที่คุณต้องการให้พวกเขาทำกับคุณ,4.1037
cv_0241,common_voice_ext,data/common_voice_ext/cv_0241.wav,data/distorted_cv_ext/cv_0241_severe.wav,severe,โทรศัพท์ฉันแบตหมด คุณมีที่ชาร์จไหม,3.2349
cv_0242,common_voice_ext,data/common_voice_ext/cv_0242.wav,data/distorted_cv_ext/cv_0242_severe.wav,severe,แค่ประตูไม้ตารางบาง ๆ เท่านั้น ที่กั้นกลางระหว่างเธอและพวกเขา,7.1865
cv_0243,common_voice_ext,data/common_voice_ext/cv_0243.wav,data/distorted_cv_ext/cv_0243_severe.wav,severe,เขามองมาที่ฉัน.,2.8813
cv_0244,common_voice_ext,data/common_voice_ext/cv_0244.wav,data/distorted_cv_ext/cv_0244_severe.wav,severe,เขาถูกยิงเมื่อคืน,3.7045
cv_0245,common_voice_ext,data/common_voice_ext/cv_0245.wav,data/distorted_cv_ext/cv_0245_severe.wav,severe,ฉันรู้ว่านั่นเป็นเสียงของเขา,4.3514
cv_0246,common_voice_ext,data/common_voice_ext/cv_0246.wav,data/distorted_cv_ext/cv_0246_severe.wav,severe,ดูข้อมูลหุ้นแอดวานซ์,3.4167
cv_0247,common_voice_ext,data/common_voice_ext/cv_0247.wav,data/distorted_cv_ext/cv_0247_severe.wav,severe,เขาเป็นคนเดียวที่หาเลี้ยงครอบครัวของเขา,4.8934
cv_0248,common_voice_ext,data/common_voice_ext/cv_0248.wav,data/distorted_cv_ext/cv_0248_severe.wav,severe,ฉันกลับไปที่งานของฉัน,3.5294
cv_0249,common_voice_ext,data/common_voice_ext/cv_0249.wav,data/distorted_cv_ext/cv_0249_severe.wav,severe,ฉันจะคิดว่าจะซื้ออะไรดี,4.3569
cv_0250,common_voice_ext,data/common_voice_ext/cv_0250.wav,data/distorted_cv_ext/cv_0250_severe.wav,severe,ฉันบอกคุณว่าก่อนหน้านี้ฉันมีความหวัง,4.4163
cv_0251,common_voice_ext,data/common_voice_ext/cv_0251.wav,data/distorted_cv_ext/cv_0251_severe.wav,severe,การจัดวางจานบนโต๊ะเป็นเรื่องง่าย,4.0114
cv_0252,common_voice_ext,data/common_voice_ext/cv_0252.wav,data/distorted_cv_ext/cv_0252_severe.wav,severe,ยุคกลางตอนนี้สะกดบ่อยขึ้นในยุคกลาง,4.6582
cv_0253,common_voice_ext,data/common_voice_ext/cv_0253.wav,data/distorted_cv_ext/cv_0253_severe.wav,severe,บัวของห้องส่วนใหญ่ไม่บุบสลาย แต่มีร่องรอยของความเสียหายจากความชื้น,7.9431
cv_0254,common_voice_ext,data/common_voice_ext/cv_0254.wav,data/distorted_cv_ext/cv_0254_severe.wav,severe,ไม่มีอะไรที่จะยอมรับ เรามีทุกอย่างอยู่ในเทป,5.7008
cv_0255,common_voice_ext,data/common_voice_ext/cv_0255.wav,data/distorted_cv_ext/cv_0255_severe.wav,severe,ขอเวลาฉันอีกนิด,2.4838
cv_0256,common_voice_ext,data/common_voice_ext/cv_0256.wav,data/distorted_cv_ext/cv_0256_severe.wav,severe,จับให้มั่นคงและมองอย่างคงที่,4.9462
cv_0257,common_voice_ext,data/common_voice_ext/cv_0257.wav,data/distorted_cv_ext/cv_0257_severe.wav,severe,โอ้ เงียบสิ ! เจ้ากระต่ายน้อยกระซิบด้วยน้ำเสียงที่ตื่นตระหนกตกใจกลัว,7.8315
cv_0258,common_voice_ext,data/common_voice_ext/cv_0258.wav,data/distorted_cv_ext/cv_0258_severe.wav,severe,เหนื่อยมากไหมลูก,3.1324
cv_0259,common_voice_ext,data/common_voice_ext/cv_0259.wav,data/distorted_cv_ext/cv_0259_severe.wav,severe,ควรเปิดโอกาสให้อยู่กับลูกได้อย่างสะดวก,3.7686
cv_0260,common_voice_ext,data/common_voice_ext/cv_0260.wav,data/distorted_cv_ext/cv_0260_severe.wav,severe,ฉันหวงัว่านายจ้างฉันจะติดตามเรื่องนี้นะ,4.3383
cv_0261,common_voice_ext,data/common_voice_ext/cv_0261.wav,data/distorted_cv_ext/cv_0261_severe.wav,severe,ฟ้าร้องเหมือนฝนใกล้จะตก,3.188
cv_0262,common_voice_ext,data/common_voice_ext/cv_0262.wav,data/distorted_cv_ext/cv_0262_severe.wav,severe,ระหว่างเขากับชายหาดคือบริเวณที่มีหญ้ากั้นเป็นรั้ว,6.3316
cv_0263,common_voice_ext,data/common_voice_ext/cv_0263.wav,data/distorted_cv_ext/cv_0263_severe.wav,severe,คุณมีวิธีการแยกความแตกต่างระหว่างรถบัสกับรถโค้ชอย่าไงร ?,6.0628
cv_0264,common_voice_ext,data/common_voice_ext/cv_0264.wav,data/distorted_cv_ext/cv_0264_severe.wav,severe,มานี่ลิซ กลับมาอีกครั้ง,4.9856
cv_0265,common_voice_ext,data/common_voice_ext/cv_0265.wav,data/distorted_cv_ext/cv_0265_severe.wav,severe,ใช่ ใช่ คำเหล่านี้ออกมาอย่างหนักแน่นและชัดเจน,6.0266
cv_0266,common_voice_ext,data/common_voice_ext/cv_0266.wav,data/distorted_cv_ext/cv_0266_severe.wav,severe,เขารีบไปที่ที่นั่งคนขับ,3.4685
cv_0267,common_voice_ext,data/common_voice_ext/cv_0267.wav,data/distorted_cv_ext/cv_0267_severe.wav,severe,คริสต์มาส,2.4808
cv_0268,common_voice_ext,data/common_voice_ext/cv_0268.wav,data/distorted_cv_ext/cv_0268_severe.wav,severe,เธอดูเตะตาทีเดียวเมื่อได้รับการเปลี่ยนโฉม,5.3136
cv_0269,common_voice_ext,data/common_voice_ext/cv_0269.wav,data/distorted_cv_ext/cv_0269_severe.wav,severe,ฉันตกใจที่เขาขาดความเป็นผู้ใหญ่,3.8864
cv_0270,common_voice_ext,data/common_voice_ext/cv_0270.wav,data/distorted_cv_ext/cv_0270_severe.wav,severe,‘ฉันคิดว่าคุณทำ’ เมาส์พูด,4.3379
cv_0271,common_voice_ext,data/common_voice_ext/cv_0271.wav,data/distorted_cv_ext/cv_0271_severe.wav,severe,เขาเป็นพ่อทูนหัวของฉัน และเป็นหนึ่งในคนที่ยอดเยี่ยมที่สุดที่ไป,7.5634
cv_0272,common_voice_ext,data/common_voice_ext/cv_0272.wav,data/distorted_cv_ext/cv_0272_severe.wav,severe,ทหารผ่านศึกผู้รักชาติกลับมาที่สหรัฐอเมริกา,5.7063
cv_0273,common_voice_ext,data/common_voice_ext/cv_0273.wav,data/distorted_cv_ext/cv_0273_severe.wav,severe,ชาวบ้านนับร้อยสมัครเป็นทหารอาสาที่ชายแดนนี้,5.7928
cv_0274,common_voice_ext,data/common_voice_ext/cv_0274.wav,data/distorted_cv_ext/cv_0274_severe.wav,severe,'ข้ารู้ดีว่า ช่างเข้ากันกับเจ้าดีจริง ๆ ! ' ราชินีตรัสขึ้นอย่างมีชัย,7.6389
cv_0275,common_voice_ext,data/common_voice_ext/cv_0275.wav,data/distorted_cv_ext/cv_0275_severe.wav,severe,คุณไม่รู้หรือ,2.4846
cv_0276,common_voice_ext,data/common_voice_ext/cv_0276.wav,data/distorted_cv_ext/cv_0276_severe.wav,severe,เขาให้สัญญาณกับอะเดล,3.2459
cv_0277,common_voice_ext,data/common_voice_ext/cv_0277.wav,data/distorted_cv_ext/cv_0277_severe.wav,severe,มนุษยชาติใช้เงินไปหลายพันล้านเพื่อตรวจจับสิ่งมีชีวิตบนดาวอังคาร,7.987
cv_0278,common_voice_ext,data/common_voice_ext/cv_0278.wav,data/distorted_cv_ext/cv_0278_severe.wav,severe,มันเรียกว่าการเข้ารหัสแบบส่วนตัวและแบบสาธารณะ,6.5639
cv_0279,common_voice_ext,data/common_voice_ext/cv_0279.wav,data/distorted_cv_ext/cv_0279_severe.wav,severe,เราจะไม่ขอใช้ชีวิตร่วมกันต่ออีกคืนนึงเป็นอันขาด,6.0753
cv_0280,common_voice_ext,data/common_voice_ext/cv_0280.wav,data/distorted_cv_ext/cv_0280_severe.wav,severe,ถ้าสิ่งนั้นเป็นสิ่งที่มีค่าที่จะทำ มันก็มีค่าที่จะทำ,7.0628
cv_0281,common_voice_ext,data/common_voice_ext/cv_0281.wav,data/distorted_cv_ext/cv_0281_severe.wav,severe,ผู้บริโภคต้องการคำตอบจากผู้ผลิตเกี่ยวกับคุณภาพของสินค้าที่ซื้อมา,6.5764
cv_0282,common_voice_ext,data/common_voice_ext/cv_0282.wav,data/distorted_cv_ext/cv_0282_severe.wav,severe,เขาเดินเข้ามาในห้องอย่างร่าเริงมากกว่าที่เคย,5.7406
cv_0283,common_voice_ext,data/common_voice_ext/cv_0283.wav,data/distorted_cv_ext/cv_0283_severe.wav,severe,ทุ่งหญ้านั้นเต็มไปด้วยดอกเดซี่,4.2739
cv_0284,common_voice_ext,data/common_voice_ext/cv_0284.wav,data/distorted_cv_ext/cv_0284_severe.wav,severe,โปรตีนมีหลายหน้าที่ในร่ายกายมนุษย์,4.2873
cv_0285,common_voice_ext,data/common_voice_ext/cv_0285.wav,data/distorted_cv_ext/cv_0285_severe.wav,severe,พวกเขานั้นกำลังเล่น ทำตามหัวหน้า ในตอนที่ เอริก้าตกลงไปในแม่น้ำ,6.9341
cv_0286,common_voice_ext,data/common_voice_ext/cv_0286.wav,data/distorted_cv_ext/cv_0286_severe.wav,severe,คุณได้เจอเขาไหม,2.4395
cv_0287,common_voice_ext,data/common_voice_ext/cv_0287.wav,data/distorted_cv_ext/cv_0287_severe.wav,severe,คุณไม่มีทางได้เลือดจากก้อนหินหรอก,4.391
cv_0288,common_voice_ext,data/common_voice_ext/cv_0288.wav,data/distorted_cv_ext/cv_0288_severe.wav,severe,บ้านบ่อคำอยู่ที่จังหวัดหนองคาย,3.9712
cv_0289,common_voice_ext,data/common_voice_ext/cv_0289.wav,data/distorted_cv_ext/cv_0289_severe.wav,severe,ถ้อยคำต่าง ๆ ที่พูดออกมาถูกเรียบเรียงออกมาเป็นอย่างดี,5.4326
cv_0290,common_voice_ext,data/common_voice_ext/cv_0290.wav,data/distorted_cv_ext/cv_0290_severe.wav,severe,เธอยังคงยืนอยู่ในห้องโถง,2.8354
cv_0291,common_voice_ext,data/common_voice_ext/cv_0291.wav,data/distorted_cv_ext/cv_0291_severe.wav,severe,ตั้งล็อก,2.5976
cv_0292,common_voice_ext,data/common_voice_ext/cv_0292.wav,data/distorted_cv_ext/cv_0292_severe.wav,severe,สุนิสาและราตรีกำลังอ่านหนังสือ,4.0943
cv_0293,common_voice_ext,data/common_voice_ext/cv_0293.wav,data/distorted_cv_ext/cv_0293_severe.wav,severe,ผมหน้าม้าของเธอดูยาวจนทำให้ไปปิดลูกตาเธอ,4.3934
cv_0294,common_voice_ext,data/common_voice_ext/cv_0294.wav,data/distorted_cv_ext/cv_0294_severe.wav,severe,แต่มันเกินกว่าที่จะคาดการณ์ได้,4.4938
cv_0295,common_voice_ext,data/common_voice_ext/cv_0295.wav,data/distorted_cv_ext/cv_0295_severe.wav,severe,ขอให้ฉันอยู่ตรงนี้สักพัก,3.4729
cv_0296,common_voice_ext,data/common_voice_ext/cv_0296.wav,data/distorted_cv_ext/cv_0296_severe.wav,severe,ฉันกำลังศึกษาการทำบุญ,3.8226
cv_0297,common_voice_ext,data/common_voice_ext/cv_0297.wav,data/distorted_cv_ext/cv_0297_severe.wav,severe,ฉันเปิดประตูก่อน,3.0272
cv_0298,common_voice_ext,data/common_voice_ext/cv_0298.wav,data/distorted_cv_ext/cv_0298_severe.wav,severe,ลูกชายจะไปเรียนต่อที่อเมริกา,4.0592
cv_0299,common_voice_ext,data/common_voice_ext/cv_0299.wav,data/distorted_cv_ext/cv_0299_severe.wav,severe,เขาไม่ได้อยู่แถวนี้นี่,3.6769
cv_0300,common_voice_ext,data/common_voice_ext/cv_0300.wav,data/distorted_cv_ext/cv_0300_severe.wav,severe,นอนลงไป และก็เล่าให้ฉันฟังสิ,3.3984
cv_0301,common_voice_ext,data/common_voice_ext/cv_0301.wav,data/distorted_cv_ext/cv_0301_severe.wav,severe,คุณทำสิ่งนั้นเพื่อพวกเราทุกคนตลอดทั้งวัน คุณแม่บ้าน,5.4823
cv_0302,common_voice_ext,data/common_voice_ext/cv_0302.wav,data/distorted_cv_ext/cv_0302_severe.wav,severe,พยาบาลของฉันบอกชื่อเขาให้ฉัน,4.8418
cv_0303,common_voice_ext,data/common_voice_ext/cv_0303.wav,data/distorted_cv_ext/cv_0303_severe.wav,severe,คุณอยากจะกินขนมสโคนหรือไม่ ?,4.4241
cv_0304,common_voice_ext,data/common_voice_ext/cv_0304.wav,data/distorted_cv_ext/cv_0304_severe.wav,severe,ตรวจพบข้อบกพร่องที่ระบุไม่ได้,4.6939
cv_0305,common_voice_ext,data/common_voice_ext/cv_0305.wav,data/distorted_cv_ext/cv_0305_severe.wav,severe,สุนัขกลายเป็นเชื่องหลังจากที่กินอาหาร,4.5443
cv_0306,common_voice_ext,data/common_voice_ext/cv_0306.wav,data/distorted_cv_ext/cv_0306_severe.wav,severe,นักเรียนต้องไม่คลุกคลีกับไก่ที่ป่วย เพราะอาจติดเชื้อไข้หวัดนกได้,6.3029
cv_0307,common_voice_ext,data/common_voice_ext/cv_0307.wav,data/distorted_cv_ext/cv_0307_severe.wav,severe,พวกเขาพาเธอขึ้นไปชั้นบนเข้าไปที่ห้องนอนใหญ่ซึ่งมองออกไปเห็นทะเลสาบ,7.8669
cv_0308,common_voice_ext,data/common_voice_ext/cv_0308.wav,data/distorted_cv_ext/cv_0308_severe.wav,severe,ซิกมันด์อธิบายเหตุการณ์ที่เกิดขึ้นพร้อมทั้งรายละเอียดที่น่ารังเกียจ,7.3894
cv_0309,common_voice_ext,data/common_voice_ext/cv_0309.wav,data/distorted_cv_ext/cv_0309_severe.wav,severe,จงเชื่อในสิ่งที่เห็นมากกว่าสิ่งที่ชวนเชื่อ,5.3779
cv_0310,common_voice_ext,data/common_voice_ext/cv_0310.wav,data/distorted_cv_ext/cv_0310_severe.wav,severe,ไม่ต้องทำอีกเลย,2.7603
cv_0311,common_voice_ext,data/common_voice_ext/cv_0311.wav,data/distorted_cv_ext/cv_0311_severe.wav,severe,ฉันกำลังครุ่นคิดว่าจะซื้อขิง,4.5352
cv_0312,common_voice_ext,data/common_voice_ext/cv_0312.wav,data/distorted_cv_ext/cv_0312_severe.wav,severe,ปิดจอ,2.9321
cv_0313,common_voice_ext,data/common_voice_ext/cv_0313.wav,data/distorted_cv_ext/cv_0313_severe.wav,severe,พรุ่งนี้เช้าเจอฉันที่ป้ายรถเมล์,4.2031
cv_0314,common_voice_ext,data/common_voice_ext/cv_0314.wav,data/distorted_cv_ext/cv_0314_severe.wav,severe,ข้อมูลต้นฉบับเชิงลึกที่เอามาใช้จากแหล่งข้อมูลภายนอก สามารถเป็นอันตรายต่อความปลอดภัยของผู้ใช้งานได้,8.9294
cv_0315,common_voice_ext,data/common_voice_ext/cv_0315.wav,data/distorted_cv_ext/cv_0315_severe.wav,severe,เขาไม่รู้ว่าเกิดอะไรขึ้นในหัวของหัวหน้าของเขา,5.4912
cv_0316,common_voice_ext,data/common_voice_ext/cv_0316.wav,data/distorted_cv_ext/cv_0316_severe.wav,severe,คุณจำฉันผิดเป็นอีกคน,4.497
cv_0317,common_voice_ext,data/common_voice_ext/cv_0317.wav,data/distorted_cv_ext/cv_0317_severe.wav,severe,ห้าสิบหกเปอร์เซนต์,2.3109
cv_0318,common_voice_ext,data/common_voice_ext/cv_0318.wav,data/distorted_cv_ext/cv_0318_severe.wav,severe,คุณแม่ของฉันใช้ปลอกนิ้วขนาดเล็กขณะเย็บผ้า,5.6701
cv_0319,common_voice_ext,data/common_voice_ext/cv_0319.wav,data/distorted_cv_ext/cv_0319_severe.wav,severe,สบายดีไหมค่ะ,3.9981
cv_0320,common_voice_ext,data/common_voice_ext/cv_0320.wav,data/distorted_cv_ext/cv_0320_severe.wav,severe,'ก็ไม่เห็นจะมีไวน์สักนิด' เธอย้ำ,4.7207
cv_0321,common_voice_ext,data/common_voice_ext/cv_0321.wav,data/distorted_cv_ext/cv_0321_severe.wav,severe,วอน,2.8143
cv_0322,common_voice_ext,data/common_voice_ext/cv_0322.wav,data/distorted_cv_ext/cv_0322_severe.wav,severe,อันนั้นจะเหมาะกับคุณไหม,3.5083
cv_0323,common_voice_ext,data/common_voice_ext/cv_0323.wav,data/distorted_cv_ext/cv_0323_severe.wav,severe,ความฉงนสนเท่ห์บนใบหน้าของเขาเพิ่มขึ้นอย่างมาก,4.9828
cv_0324,common_voice_ext,data/common_voice_ext/cv_0324.wav,data/distorted_cv_ext/cv_0324_severe.wav,severe,จอสูงเกินไป,2.3992
cv_0325,common_voice_ext,data/common_voice_ext/cv_0325.wav,data/distorted_cv_ext/cv_0325_severe.wav,severe,เราจะเชื่อมโยงธุรกิจที่ประสบความสำเร็จในระหว่างเศรษฐกิจขาลงได้อย่างไร ?,11.1606
cv_0326,common_voice_ext,data/common_voice_ext/cv_0326.wav,data/distorted_cv_ext/cv_0326_severe.wav,severe,ฉันกำลังไปที่ร้านซูชิ เธออยากจะได้อะไรไหม?,4.9845
cv_0327,common_voice_ext,data/common_voice_ext/cv_0327.wav,data/distorted_cv_ext/cv_0327_severe.wav,severe,พวกเขามีสภาพเหมือนกันกับพวกเราเลย,4.0221
cv_0328,common_voice_ext,data/common_voice_ext/cv_0328.wav,data/distorted_cv_ext/cv_0328_severe.wav,severe,พวกเขาทั้งหมดออกไปที่ห้องโถง,3.3566
cv_0329,common_voice_ext,data/common_voice_ext/cv_0329.wav,data/distorted_cv_ext/cv_0329_severe.wav,severe,นี่ฉันไง คุณดูสิ,3.9581
cv_0330,common_voice_ext,data/common_voice_ext/cv_0330.wav,data/distorted_cv_ext/cv_0330_severe.wav,severe,มันเป็นสิทธิที่ไม่สามารถแบ่งแยกได้,3.5073
cv_0331,common_voice_ext,data/common_voice_ext/cv_0331.wav,data/distorted_cv_ext/cv_0331_severe.wav,severe,สิ่งที่ต้องรู้สึก,2.9937
cv_0332,common_voice_ext,data/common_voice_ext/cv_0332.wav,data/distorted_cv_ext/cv_0332_severe.wav,severe,หลังจากเขียนรายงานความบกพร่อง เราควรตรวจสอบว่ามีการตอบรับหรือยัง,5.5339
cv_0333,common_voice_ext,data/common_voice_ext/cv_0333.wav,data/distorted_cv_ext/cv_0333_severe.wav,severe,งานนำเสนอประหลาดที่มีเป็ดสิบสามตัว อีกัวน่า และตุ่นปากเป็ด เปลี่ยนบรรยากาศได้ระดับหนึ่ง,7.5796
cv_0334,common_voice_ext,data/common_voice_ext/cv_0334.wav,data/distorted_cv_ext/cv_0334_severe.wav,severe,อย่าโกรธที่ฉันพูดแบบนั้นเลยนะ,2.8151
cv_0335,common_voice_ext,data/common_voice_ext/cv_0335.wav,data/distorted_cv_ext/cv_0335_severe.wav,severe,สอง,2.3341
cv_0336,common_voice_ext,data/common_voice_ext/cv_0336.wav,data/distorted_cv_ext/cv_0336_severe.wav,severe,หรือเขาจะถูกดึงดูดให้ทำลาย,4.6717
cv_0337,common_voice_ext,data/common_voice_ext/cv_0337.wav,data/distorted_cv_ext/cv_0337_severe.wav,severe,'ฉันชอบของขวัญวันเกิดที่สุดเลย' เธอพูดตอนสุดท้าย,6.2613
cv_0338,common_voice_ext,data/common_voice_ext/cv_0338.wav,data/distorted_cv_ext/cv_0338_severe.wav,severe,มันเป็นสิ่งประดิษฐ์ของฉันเอง เพื่อเก็บเสื้อผ้าและแซนด์วิช,8.6454
cv_0339,common_voice_ext,data/common_voice_ext/cv_0339.wav,data/distorted_cv_ext/cv_0339_severe.wav,severe,เราจะออกเดินทางในอีกยี่สิบนาทีข้างหน้า,5.5492
cv_0340,common_voice_ext,data/common_voice_ext/cv_0340.wav,data/distorted_cv_ext/cv_0340_severe.wav,severe,ฉันคิดไว้แล้วแหละว่า ฉันรู้ว่าฉันทำมันไปทำไม,4.9472
cv_0341,common_voice_ext,data/common_voice_ext/cv_0341.wav,data/distorted_cv_ext/cv_0341_severe.wav,severe,โรมิโอและจูเลียตอาจเป็นการแสดงที่โด่งดังที่สุดของวิลเลียมเชกสเปียร์,7.2843
cv_0342,common_voice_ext,data/common_voice_ext/cv_0342.wav,data/distorted_cv_ext/cv_0342_severe.wav,severe,จะแช่แข็งผลไม้กับพวกผักยังไง,5.2386
cv_0343,common_voice_ext,data/common_voice_ext/cv_0343.wav,data/distorted_cv_ext/cv_0343_severe.wav,severe,อัลกอริทึมการเรียนรู้ของเครื่องควรได้รับการออกแบบเพื่อความสามารถในการตรวจสอบ,10.1747
cv_0344,common_voice_ext,data/common_voice_ext/cv_0344.wav,data/distorted_cv_ext/cv_0344_severe.wav,severe,ผู้ก่อตั้งมหาวิทยาลัยศิลปากร,5.7148
cv_0345,common_voice_ext,data/common_voice_ext/cv_0345.wav,data/distorted_cv_ext/cv_0345_severe.wav,severe,มันไม่ใช่ความผิดของคุณที่ทำให้สมองของคุณบาดเจ็บ,7.2773
cv_0346,common_voice_ext,data/common_voice_ext/cv_0346.wav,data/distorted_cv_ext/cv_0346_severe.wav,severe,สองปีก่อน ฉันทิ้งความศิวิไลซ์เพื่อสิ่งนี้,5.0789
cv_0347,common_voice_ext,data/common_voice_ext/cv_0347.wav,data/distorted_cv_ext/cv_0347_severe.wav,severe,ร้านหัวมุมถูกปล้นเมื่อคืน,4.347
cv_0348,common_voice_ext,data/common_voice_ext/cv_0348.wav,data/distorted_cv_ext/cv_0348_severe.wav,severe,แต่มันก็เป็นเช่นนั้น,2.7217
cv_0349,common_voice_ext,data/common_voice_ext/cv_0349.wav,data/distorted_cv_ext/cv_0349_severe.wav,severe,ครั้งหนึ่งฉันเคยป่วย ไทฟอยด์,4.556
cv_0350,common_voice_ext,data/common_voice_ext/cv_0350.wav,data/distorted_cv_ext/cv_0350_severe.wav,severe,เธอเห็นปุ๊บก็มั่นใจทันที,3.6932
cv_0351,common_voice_ext,data/common_voice_ext/cv_0351.wav,data/distorted_cv_ext/cv_0351_severe.wav,severe,ใช่แล้ว,2.1393
cv_0352,common_voice_ext,data/common_voice_ext/cv_0352.wav,data/distorted_cv_ext/cv_0352_severe.wav,severe,ลิซเอาดอกไม้ใส่ลงในแจกันแก้ว,4.8776
cv_0353,common_voice_ext,data/common_voice_ext/cv_0353.wav,data/distorted_cv_ext/cv_0353_severe.wav,severe,ริซอตโต้สูตรซอสมะเขือเทศ,4.8883
cv_0354,common_voice_ext,data/common_voice_ext/cv_0354.wav,data/distorted_cv_ext/cv_0354_severe.wav,severe,บริเวณนี้ดีสำหรับเด็กหรือไม่?,4.3083
cv_0355,common_voice_ext,data/common_voice_ext/cv_0355.wav,data/distorted_cv_ext/cv_0355_severe.wav,severe,เรามักจอดรถจักรยานยนต์ใกล้กับอาคารนี้,5.3701
cv_0356,common_voice_ext,data/common_voice_ext/cv_0356.wav,data/distorted_cv_ext/cv_0356_severe.wav,severe,ยาชีวจิตคืออะไร,4.2326
cv_0357,common_voice_ext,data/common_voice_ext/cv_0357.wav,data/distorted_cv_ext/cv_0357_severe.wav,severe,ฉันเกือบจะคิดว่าเขาทำ,3.4535
cv_0358,common_voice_ext,data/common_voice_ext/cv_0358.wav,data/distorted_cv_ext/cv_0358_severe.wav,severe,โลกหมุนรอบตัวเองหนึ่งรอบใช้เวลาหนึ่งวัน,4.7332
cv_0359,common_voice_ext,data/common_voice_ext/cv_0359.wav,data/distorted_cv_ext/cv_0359_severe.wav,severe,คุณคิดยังไงกับเรื่องนี้ เทิร์น,4.4648
cv_0360,common_voice_ext,data/common_voice_ext/cv_0360.wav,data/distorted_cv_ext/cv_0360_severe.wav,severe,เธอจะไม่ปล่อยให้เขาไป,4.1482
cv_0361,common_voice_ext,data/common_voice_ext/cv_0361.wav,data/distorted_cv_ext/cv_0361_severe.wav,severe,สีเทาถูกระบายเป็นทางยาว,4.6627
cv_0362,common_voice_ext,data/common_voice_ext/cv_0362.wav,data/distorted_cv_ext/cv_0362_severe.wav,severe,เด็กวัยรุ่นมักจะชื่นชอบกินปลาแท่งทอด มันฝรั่งทอดกรอบ และถั่วอบในซอสมะเขือเทศ,9.6568
cv_0363,common_voice_ext,data/common_voice_ext/cv_0363.wav,data/distorted_cv_ext/cv_0363_severe.wav,severe,อย่าทำให้ตัวเองอับอายไปมากกว่านี้เลย,5.6501
cv_0364,common_voice_ext,data/common_voice_ext/cv_0364.wav,data/distorted_cv_ext/cv_0364_severe.wav,severe,ห้องนี้คนไม่เยอะเท่าห้องที่แล้ว,4.4701
cv_0365,common_voice_ext,data/common_voice_ext/cv_0365.wav,data/distorted_cv_ext/cv_0365_severe.wav,severe,คิดถึงจังเลย,2.8826
cv_0366,common_voice_ext,data/common_voice_ext/cv_0366.wav,data/distorted_cv_ext/cv_0366_severe.wav,severe,ผมโดนปล้นมาครับท่าน ผมขอแก้ตัว,5.2334
cv_0367,common_voice_ext,data/common_voice_ext/cv_0367.wav,data/distorted_cv_ext/cv_0367_severe.wav,severe,ฉันไม่เคยไปจากยี่สิบ,3.7326
cv_0368,common_voice_ext,data/common_voice_ext/cv_0368.wav,data/distorted_cv_ext/cv_0368_severe.wav,severe,ชายคนที่ซ่อมรถคันนั้นซ่อมมันอย่างดีมาก,5.5617
cv_0369,common_voice_ext,data/common_voice_ext/cv_0369.wav,data/distorted_cv_ext/cv_0369_severe.wav,severe,ฉันสามารถซื้อด้วยตัวเอง,3.893
cv_0370,common_voice_ext,data/common_voice_ext/cv_0370.wav,data/distorted_cv_ext/cv_0370_severe.wav,severe,งั้นลองคิดดูสิ,2.9901
cv_0371,common_voice_ext,data/common_voice_ext/cv_0371.wav,data/distorted_cv_ext/cv_0371_severe.wav,severe,ฉันรู้สึกมากกว่ารำคาญเล็กน้อย,3.6952
cv_0372,common_voice_ext,data/common_voice_ext/cv_0372.wav,data/distorted_cv_ext/cv_0372_severe.wav,severe,ในบางที่เขาเรียกอเมริกันฟุตบอลว่าแฮนด์เอ๊ก,5.4802
cv_0373,common_voice_ext,data/common_voice_ext/cv_0373.wav,data/distorted_cv_ext/cv_0373_severe.wav,severe,ฉันชอบอยู่ภายในบ้าน,2.9569
cv_0374,common_voice_ext,data/common_voice_ext/cv_0374.wav,data/distorted_cv_ext/cv_0374_severe.wav,severe,สามนาฬิกา,2.7994
cv_0375,common_voice_ext,data/common_voice_ext/cv_0375.wav,data/distorted_cv_ext/cv_0375_severe.wav,severe,ในอีกทางนึง เขาก็อันตรายมาก,4.0326
cv_0376,common_voice_ext,data/common_voice_ext/cv_0376.wav,data/distorted_cv_ext/cv_0376_severe.wav,severe,ไหนขอพวกเราดูหน่อยสิ,2.4782
cv_0377,common_voice_ext,data/common_voice_ext/cv_0377.wav,data/distorted_cv_ext/cv_0377_severe.wav,severe,มันคงจะไม่จำเป็นแล้วล่ะครับ,2.943
cv_0378,common_voice_ext,data/common_voice_ext/cv_0378.wav,data/distorted_cv_ext/cv_0378_severe.wav,severe,เจนพูดออกมาอย่างเห็นอกเห็นใจ,3.4171
cv_0379,common_voice_ext,data/common_voice_ext/cv_0379.wav,data/distorted_cv_ext/cv_0379_severe.wav,severe,พวกเขาไม่อนุญาตให้ฉันเข้าไปในสวน,4.6082
cv_0380,common_voice_ext,data/common_voice_ext/cv_0380.wav,data/distorted_cv_ext/cv_0380_severe.wav,severe,ฉันเขียนมาถึงคุณเนื่องด้วยงานที่ได้โฆษณาไว้,5.5669
cv_0381,common_voice_ext,data/common_voice_ext/cv_0381.wav,data/distorted_cv_ext/cv_0381_severe.wav,severe,มันมีแดดเพียงไม่กี่นาทีที่ผ่านมา!,3.6521
cv_0382,common_voice_ext,data/common_voice_ext/cv_0382.wav,data/distorted_cv_ext/cv_0382_severe.wav,severe,ตะปูรูปนี้กับผนัง,4.003
cv_0383,common_voice_ext,data/common_voice_ext/cv_0383.wav,data/distorted_cv_ext/cv_0383_severe.wav,severe,มาดื่มโค้กด้วยกันสามารถเป็นเบาหวาน,4.7212
cv_0384,common_voice_ext,data/common_voice_ext/cv_0384.wav,data/distorted_cv_ext/cv_0384_severe.wav,severe,ฉันจะทำให้ดี,2.8331
cv_0385,common_voice_ext,data/common_voice_ext/cv_0385.wav,data/distorted_cv_ext/cv_0385_severe.wav,severe,ฟิลิปไม่ได้พยายามติดตาม,3.4328
cv_0386,common_voice_ext,data/common_voice_ext/cv_0386.wav,data/distorted_cv_ext/cv_0386_severe.wav,severe,ถ้าเธออยากได้ เธอต้องเอามา,4.8326
cv_0387,common_voice_ext,data/common_voice_ext/cv_0387.wav,data/distorted_cv_ext/cv_0387_severe.wav,severe,ฉันยังเด็กและมีความหวัง,4.7197
cv_0388,common_voice_ext,data/common_voice_ext/cv_0388.wav,data/distorted_cv_ext/cv_0388_severe.wav,severe,ฉันทำสิ่งนี้เพื่อป้องกันการขี่จักรยานและกระตุ้นให้เกิดการเคลื่อนไหวมากขึ้นผ่านพื้นที่ทางออก,10.5837
cv_0389,common_voice_ext,data/common_voice_ext/cv_0389.wav,data/distorted_cv_ext/cv_0389_severe.wav,severe,ฉันจะไม่มีวันลืมมัน,4.0977
cv_0390,common_voice_ext,data/common_voice_ext/cv_0390.wav,data/distorted_cv_ext/cv_0390_severe.wav,severe,แสดงตัวอย่าง,2.709
cv_0391,common_voice_ext,data/common_voice_ext/cv_0391.wav,data/distorted_cv_ext/cv_0391_severe.wav,severe,จัดตั้งจังหวัดพะเยา โดยแยกจากจังหวัดเชียงราย,5.6222
cv_0392,common_voice_ext,data/common_voice_ext/cv_0392.wav,data/distorted_cv_ext/cv_0392_severe.wav,severe,แค่ให้เวลาฉันอีกหน่อย,3.0133
cv_0393,common_voice_ext,data/common_voice_ext/cv_0393.wav,data/distorted_cv_ext/cv_0393_severe.wav,severe,น่าชื่นชม,2.1144
cv_0394,common_voice_ext,data/common_voice_ext/cv_0394.wav,data/distorted_cv_ext/cv_0394_severe.wav,severe,“ผมขอให้ท่านอภัยผม” เขากล่าว,4.1566
cv_0395,common_voice_ext,data/common_voice_ext/cv_0395.wav,data/distorted_cv_ext/cv_0395_severe.wav,severe,เรายังมีหนังสือหลายเล่มที่ไม่ได้อ่าน,3.4177
cv_0396,common_voice_ext,data/common_voice_ext/cv_0396.wav,data/distorted_cv_ext/cv_0396_severe.wav,severe,ไปทำงานร่วมกับคนที่เหลือในทีม แล้วค่อยกลับมาคุยเรื่องนี้กันอีกครั้งวันหลังก็แล้วกัน,6.6579
cv_0397,common_voice_ext,data/common_voice_ext/cv_0397.wav,data/distorted_cv_ext/cv_0397_severe.wav,severe,เขาต้องมีส่วนรู้เห็นกับอาชญากรรมนี้แน่,4.5673
cv_0398,common_voice_ext,data/common_voice_ext/cv_0398.wav,data/distorted_cv_ext/cv_0398_severe.wav,severe,ปู่กับย่าคอยเป็นกำลังใจให้เสมอ,5.2233
cv_0399,common_voice_ext,data/common_voice_ext/cv_0399.wav,data/distorted_cv_ext/cv_0399_severe.wav,severe,ศักดินาจงพินาศ ประชาราษฎร์จงเจริญ,4.3959
cv_0400,common_voice_ext,data/common_voice_ext/cv_0400.wav,data/distorted_cv_ext/cv_0400_severe.wav,severe,ไม่มีไฟโดยไม่มีควัน,3.6397
cv_0401,common_voice_ext,data/common_voice_ext/cv_0401.wav,data/distorted_cv_ext/cv_0401_severe.wav,severe,เธอไปที่ร้านขายยาเพื่อรับยา,3.3779
cv_0402,common_voice_ext,data/common_voice_ext/cv_0402.wav,data/distorted_cv_ext/cv_0402_severe.wav,severe,ลูกชายของฉันเข้าร่วมงานหุ่นยนต์เลโก้,3.9733
cv_0403,common_voice_ext,data/common_voice_ext/cv_0403.wav,data/distorted_cv_ext/cv_0403_severe.wav,severe,ขอบคุณมากที่ช่วยบริจาคเงินให้ผม,3.8082
cv_0404,common_voice_ext,data/common_voice_ext/cv_0404.wav,data/distorted_cv_ext/cv_0404_severe.wav,severe,วิธีนี้คงไม่ได้ผลอะไรเท่าไหร่,3.8934
cv_0405,common_voice_ext,data/common_voice_ext/cv_0405.wav,data/distorted_cv_ext/cv_0405_severe.wav,severe,เมื่อครูมาลีเข้าห้องเพื่อน ๆ ก็ออกไปทานอาหารกลางวันหมดแล้ว,5.7358
cv_0406,common_voice_ext,data/common_voice_ext/cv_0406.wav,data/distorted_cv_ext/cv_0406_severe.wav,severe,จังหวะนั้นคุ้นเคยกันอย่างชัดเจน,3.5476
cv_0407,common_voice_ext,data/common_voice_ext/cv_0407.wav,data/distorted_cv_ext/cv_0407_severe.wav,severe,ทำไม ฉันไม่เคยได้ยินเรื่องราวแบบนั้นมาก่อน!,7.1329
cv_0408,common_voice_ext,data/common_voice_ext/cv_0408.wav,data/distorted_cv_ext/cv_0408_severe.wav,severe,ขอบคุณมากสำหรับอาหารมื้อนี้ ผมอิ่มมาก ๆ,4.7955
cv_0409,common_voice_ext,data/common_voice_ext/cv_0409.wav,data/distorted_cv_ext/cv_0409_severe.wav,severe,ผมไม่เคยอ่านหนังสือที่เขาเขียน,3.4513
cv_0410,common_voice_ext,data/common_voice_ext/cv_0410.wav,data/distorted_cv_ext/cv_0410_severe.wav,severe,ฉันนึกไม่ออกเลยว่ารูปสี่มิติหน้าตาเป็นยังไง,4.4464
cv_0411,common_voice_ext,data/common_voice_ext/cv_0411.wav,data/distorted_cv_ext/cv_0411_severe.wav,severe,เพื่อให้ชอล์กสำหรับชีส,3.1294
cv_0412,common_voice_ext,data/common_voice_ext/cv_0412.wav,data/distorted_cv_ext/cv_0412_severe.wav,severe,คุณคิดยังไงกับเพลงนี้ ?,4.1278
cv_0413,common_voice_ext,data/common_voice_ext/cv_0413.wav,data/distorted_cv_ext/cv_0413_severe.wav,severe,อาการลมบ้าหมูอาจเกิดจากไฟแฟลช,5.0148
cv_0414,common_voice_ext,data/common_voice_ext/cv_0414.wav,data/distorted_cv_ext/cv_0414_severe.wav,severe,น้องคนที่จบจากออสชื่ออะไรนะ ที่วันนั้นมากับมึง,6.1945
cv_0415,common_voice_ext,data/common_voice_ext/cv_0415.wav,data/distorted_cv_ext/cv_0415_severe.wav,severe,ฉันกำลังจะติดตั้งบันได,3.9881
cv_0416,common_voice_ext,data/common_voice_ext/cv_0416.wav,data/distorted_cv_ext/cv_0416_severe.wav,severe,เธอเห็นแมวตัวหนึ่งในบ้านของเพื่อนบ้าน,4.6087
cv_0417,common_voice_ext,data/common_voice_ext/cv_0417.wav,data/distorted_cv_ext/cv_0417_severe.wav,severe,เราไปอเมริกาเป็นเวลาหลายสัปดาห์,4.4429
cv_0418,common_voice_ext,data/common_voice_ext/cv_0418.wav,data/distorted_cv_ext/cv_0418_severe.wav,severe,การเรียกเก็บเงินจะมาตรงเวลา,4.5224
cv_0419,common_voice_ext,data/common_voice_ext/cv_0419.wav,data/distorted_cv_ext/cv_0419_severe.wav,severe,ท่อทองเหลืองพันรอบกำแพงสูง,4.7832
cv_0420,common_voice_ext,data/common_voice_ext/cv_0420.wav,data/distorted_cv_ext/cv_0420_severe.wav,severe,รูเปียห์,4.1583
cv_0421,common_voice_ext,data/common_voice_ext/cv_0421.wav,data/distorted_cv_ext/cv_0421_severe.wav,severe,ปิดสวิตช์,3.2024
cv_0422,common_voice_ext,data/common_voice_ext/cv_0422.wav,data/distorted_cv_ext/cv_0422_severe.wav,severe,ปัญหาได้ถูกแก้แล้ว,3.8283
cv_0423,common_voice_ext,data/common_voice_ext/cv_0423.wav,data/distorted_cv_ext/cv_0423_severe.wav,severe,ซิลเวสเตอร์ต้องทำสมาธิเพื่อทำให้สมองโล่ง,5.7666
cv_0424,common_voice_ext,data/common_voice_ext/cv_0424.wav,data/distorted_cv_ext/cv_0424_severe.wav,severe,คุณคงผิดหวังใช่ไหม,4.1477
cv_0425,common_voice_ext,data/common_voice_ext/cv_0425.wav,data/distorted_cv_ext/cv_0425_severe.wav,severe,เวิล์ดไวด์เว็บไม่เหมือนกับอินเทอร์เน็ต,4.8869
cv_0426,common_voice_ext,data/common_voice_ext/cv_0426.wav,data/distorted_cv_ext/cv_0426_severe.wav,severe,ถ้าคุณโง่พอที่จะทำมัน ฉันก็จะไม่การันตีความปลอดภัยของคุณ,7.6024
cv_0427,common_voice_ext,data/common_voice_ext/cv_0427.wav,data/distorted_cv_ext/cv_0427_severe.wav,severe,บอกว่าคุณต้องการอะไร แมวกล่าว,4.9486
cv_0428,common_voice_ext,data/common_voice_ext/cv_0428.wav,data/distorted_cv_ext/cv_0428_severe.wav,severe,เอ็ดดี้เบรกเมื่อกี๊ไม่ดีกับการล็อคล้อเลย,6.2813
cv_0429,common_voice_ext,data/common_voice_ext/cv_0429.wav,data/distorted_cv_ext/cv_0429_severe.wav,severe,ฉันสามารถทนกับหิมะในตอนเช้าได้,4.7229
cv_0430,common_voice_ext,data/common_voice_ext/cv_0430.wav,data/distorted_cv_ext/cv_0430_severe.wav,severe,โอ้ ทั้งหมดแล้วหรอ,2.8672
cv_0431,common_voice_ext,data/common_voice_ext/cv_0431.wav,data/distorted_cv_ext/cv_0431_severe.wav,severe,มันเป็นความจริงที่คนทั้งโลกรับรู้,4.3043
cv_0432,common_voice_ext,data/common_voice_ext/cv_0432.wav,data/distorted_cv_ext/cv_0432_severe.wav,severe,ฉันชอบอ่านบทความของเว็บเด็กทีนมาก,5.6495
cv_0433,common_voice_ext,data/common_voice_ext/cv_0433.wav,data/distorted_cv_ext/cv_0433_severe.wav,severe,อ่างล้างจานมีทั้งน้ำร้อนและน้ำเย็น,4.8863
cv_0434,common_voice_ext,data/common_voice_ext/cv_0434.wav,data/distorted_cv_ext/cv_0434_severe.wav,severe,ห้องพักรับรองคลุ้งไปด้วยกลิ่นความป่วยและความตาย,6.0042
cv_0435,common_voice_ext,data/common_voice_ext/cv_0435.wav,data/distorted_cv_ext/cv_0435_severe.wav,severe,ทัพพี่กำลังยืนอยู่ในห้องโถง,5.1444
cv_0436,common_voice_ext,data/common_voice_ext/cv_0436.wav,data/distorted_cv_ext/cv_0436_severe.wav,severe,อันละเท่าไหร่,2.8017
cv_0437,common_voice_ext,data/common_voice_ext/cv_0437.wav,data/distorted_cv_ext/cv_0437_severe.wav,severe,การชุมนุมเป็นการแสดงออกทางการเมือง,5.5067
cv_0438,common_voice_ext,data/common_voice_ext/cv_0438.wav,data/distorted_cv_ext/cv_0438_severe.wav,severe,หน้าจอจางลงเป็นสีดำ,3.6077
cv_0439,common_voice_ext,data/common_voice_ext/cv_0439.wav,data/distorted_cv_ext/cv_0439_severe.wav,severe,ฉันเป็นห่วงแกนกลาง,3.316
cv_0440,common_voice_ext,data/common_voice_ext/cv_0440.wav,data/distorted_cv_ext/cv_0440_severe.wav,severe,ไม่ใช่ตามที่ฉันรู้,4.2799
cv_0441,common_voice_ext,data/common_voice_ext/cv_0441.wav,data/distorted_cv_ext/cv_0441_severe.wav,severe,ตอนนี้มันคืออะไร,2.9916
cv_0442,common_voice_ext,data/common_voice_ext/cv_0442.wav,data/distorted_cv_ext/cv_0442_severe.wav,severe,ผู้ปกครองหลายคนพบว่าเก้าอี้รถเข็นสะดวกมาก,6.0148
cv_0443,common_voice_ext,data/common_voice_ext/cv_0443.wav,data/distorted_cv_ext/cv_0443_severe.wav,severe,นักศึกษาทุกคนเป็นประชาชน,4.0657
cv_0444,common_voice_ext,data/common_voice_ext/cv_0444.wav,data/distorted_cv_ext/cv_0444_severe.wav,severe,อย่างไรก็ตามไม่มีใครเต็มใจ,4.465
cv_0445,common_voice_ext,data/common_voice_ext/cv_0445.wav,data/distorted_cv_ext/cv_0445_severe.wav,severe,เธอคือคนที่ฉันนับถือมากที่สุด,3.9409
cv_0446,common_voice_ext,data/common_voice_ext/cv_0446.wav,data/distorted_cv_ext/cv_0446_severe.wav,severe,หมอนั่นกับลูกสมุนมันจะทำลายแคมป์นี้ แล้วฆ่าเธอ,4.5846
cv_0447,common_voice_ext,data/common_voice_ext/cv_0447.wav,data/distorted_cv_ext/cv_0447_severe.wav,severe,เขาล้างเศษดินออกจากผมของเขา,4.8532
cv_0448,common_voice_ext,data/common_voice_ext/cv_0448.wav,data/distorted_cv_ext/cv_0448_severe.wav,severe,โปรดขออนุญาตก่อน,3.997
cv_0449,common_voice_ext,data/common_voice_ext/cv_0449.wav,data/distorted_cv_ext/cv_0449_severe.wav,severe,การท่องเที่ยวเป็นปัจจัยทางเศรษฐกิจที่สำคัญสำหรับอิตาลี,6.3554
cv_0450,common_voice_ext,data/common_voice_ext/cv_0450.wav,data/distorted_cv_ext/cv_0450_severe.wav,severe,ทำไมเราต้องเลือกชักชวนอาชญากร,4.0865
cv_0451,common_voice_ext,data/common_voice_ext/cv_0451.wav,data/distorted_cv_ext/cv_0451_severe.wav,severe,เขาทิ้งให้มันตาย และนี่เป็นการกลับมาของความฟุ่มเฟือย,5.5806
cv_0452,common_voice_ext,data/common_voice_ext/cv_0452.wav,data/distorted_cv_ext/cv_0452_severe.wav,severe,คุณอยากไปไหน,2.9406
cv_0453,common_voice_ext,data/common_voice_ext/cv_0453.wav,data/distorted_cv_ext/cv_0453_severe.wav,severe,จุดของพาย ?,3.3508
cv_0454,common_voice_ext,data/common_voice_ext/cv_0454.wav,data/distorted_cv_ext/cv_0454_severe.wav,severe,ทุกคำและวลีที่เขาพูดจริง,3.5622
cv_0455,common_voice_ext,data/common_voice_ext/cv_0455.wav,data/distorted_cv_ext/cv_0455_severe.wav,severe,กรุณาใส่ยากลับเข้าไปในกล่องที่สอดคล้องกันหลังการใช้งาน,5.7157
cv_0456,common_voice_ext,data/common_voice_ext/cv_0456.wav,data/distorted_cv_ext/cv_0456_severe.wav,severe,พวกเขาเซ็นจดหมายจากหวานใจของคนที่พักอยู่เพื่อส่งให้พวกเขา,6.8107
cv_0457,common_voice_ext,data/common_voice_ext/cv_0457.wav,data/distorted_cv_ext/cv_0457_severe.wav,severe,คุณชื่นชอบเส้นก๋วยเตี๋ยวที่ทำจากแป้งหรือเส้นก๋วยเตี๋ยวที่ทำจากข้าวมากกว่ากัน ?,6.0976
cv_0458,common_voice_ext,data/common_voice_ext/cv_0458.wav,data/distorted_cv_ext/cv_0458_severe.wav,severe,กรุณาเรียกฉันว่าเจมส์,4.2811
cv_0459,common_voice_ext,data/common_voice_ext/cv_0459.wav,data/distorted_cv_ext/cv_0459_severe.wav,severe,ถ้าพวกเขาข้ามสะพาน พวกเขาก็จะอยู่ในสวิสเซอร์แลนด์,6.4569
cv_0460,common_voice_ext,data/common_voice_ext/cv_0460.wav,data/distorted_cv_ext/cv_0460_severe.wav,severe,ไฟแก๊สทั้งหมดจะเป็นของเขา,3.7792
cv_0461,common_voice_ext,data/common_voice_ext/cv_0461.wav,data/distorted_cv_ext/cv_0461_severe.wav,severe,ชาววอเตอร์เบอรี่ ส่งเสียงหน่อย,3.9261
cv_0462,common_voice_ext,data/common_voice_ext/cv_0462.wav,data/distorted_cv_ext/cv_0462_severe.wav,severe,บันทึกของฉันเป็นกระบอกเสียงให้ตัวมันเอง,5.1154
cv_0463,common_voice_ext,data/common_voice_ext/cv_0463.wav,data/distorted_cv_ext/cv_0463_severe.wav,severe,เลือดกำลังไหลออกมาจากนิ้วของฉัน !,4.946
cv_0464,common_voice_ext,data/common_voice_ext/cv_0464.wav,data/distorted_cv_ext/cv_0464_severe.wav,severe,พวกเราสะกดรอยไปทางทิศใต้,4.3114
cv_0465,common_voice_ext,data/common_voice_ext/cv_0465.wav,data/distorted_cv_ext/cv_0465_severe.wav,severe,หมากินการบ้านของฉันไป,3.4929
cv_0466,common_voice_ext,data/common_voice_ext/cv_0466.wav,data/distorted_cv_ext/cv_0466_severe.wav,severe,ไม่มีอะไรให้เราเห็นที่นี่อีกแล้วเขาพูด,4.8311
cv_0467,common_voice_ext,data/common_voice_ext/cv_0467.wav,data/distorted_cv_ext/cv_0467_severe.wav,severe,สมชายไปซื้อกับข้าวที่ตลาด,3.3994
cv_0468,common_voice_ext,data/common_voice_ext/cv_0468.wav,data/distorted_cv_ext/cv_0468_severe.wav,severe,เราจะรู้ได้อย่างไรว่าเกาหลีเหนือปลดอาวุธนิวเคลียร์จริง?,7.2938
cv_0469,common_voice_ext,data/common_voice_ext/cv_0469.wav,data/distorted_cv_ext/cv_0469_severe.wav,severe,ฉันหมายความว่า ทำไมทุกคนควรตัดกางเกงของเขา ?,6.0766
cv_0470,common_voice_ext,data/common_voice_ext/cv_0470.wav,data/distorted_cv_ext/cv_0470_severe.wav,severe,ตอนเย็นกูจะไปเจอไอ้เต้ย ไปด้วยกันไหม ทุ่มนึง,6.7964
cv_0471,common_voice_ext,data/common_voice_ext/cv_0471.wav,data/distorted_cv_ext/cv_0471_severe.wav,severe,ทันใดนั้นนิ้วของเขาก็ปิดผ้าเช็ดหน้าอย่างแน่น,4.3388
cv_0472,common_voice_ext,data/common_voice_ext/cv_0472.wav,data/distorted_cv_ext/cv_0472_severe.wav,severe,ตอนนี้ขอดูเธอกินพวกนี้,3.4871
cv_0473,common_voice_ext,data/common_voice_ext/cv_0473.wav,data/distorted_cv_ext/cv_0473_severe.wav,severe,ในเรื่องของจรรยาบรรณ ควรจะมีข้อตกลงกัน,4.6009
cv_0474,common_voice_ext,data/common_voice_ext/cv_0474.wav,data/distorted_cv_ext/cv_0474_severe.wav,severe,ให้พวกเขาถูกพาตัวไปพร้อมกับหญิงแก่ไปยังที่ท่าสถานี,7.1184
cv_0475,common_voice_ext,data/common_voice_ext/cv_0475.wav,data/distorted_cv_ext/cv_0475_severe.wav,severe,ลุงทอมบอกว่าพวกเราต้องเข้าไปทางหน้าต่าง,4.6404
cv_0476,common_voice_ext,data/common_voice_ext/cv_0476.wav,data/distorted_cv_ext/cv_0476_severe.wav,severe,เธอหมายความว่าไง จะลงเอยแล้ว ?,5.6191
cv_0477,common_voice_ext,data/common_voice_ext/cv_0477.wav,data/distorted_cv_ext/cv_0477_severe.wav,severe,แน่นอนฉันทำ !,2.9444
cv_0478,common_voice_ext,data/common_voice_ext/cv_0478.wav,data/distorted_cv_ext/cv_0478_severe.wav,severe,ดึงลูกดอกออกจากจุกไม้ก๊อก,4.6767
cv_0479,common_voice_ext,data/common_voice_ext/cv_0479.wav,data/distorted_cv_ext/cv_0479_severe.wav,severe,แท็บเลต,2.7593
cv_0480,common_voice_ext,data/common_voice_ext/cv_0480.wav,data/distorted_cv_ext/cv_0480_severe.wav,severe,เขาไม่รู้ว่าหัวหน้ากำลังคิดอะไรอยู่,5.3717
cv_0481,common_voice_ext,data/common_voice_ext/cv_0481.wav,data/distorted_cv_ext/cv_0481_severe.wav,severe,ทุกคนจะต้องทำตามความสามารถที่เขามี,4.9692
cv_0482,common_voice_ext,data/common_voice_ext/cv_0482.wav,data/distorted_cv_ext/cv_0482_severe.wav,severe,สมัยปีหนึ่งพันแปดร้อยแปดสิบ,3.2073
cv_0483,common_voice_ext,data/common_voice_ext/cv_0483.wav,data/distorted_cv_ext/cv_0483_severe.wav,severe,ฉันเขียนถึงพี่สาวของฉัน และนี่คือที่เธอตอบกลับมา,9.1679
cv_0484,common_voice_ext,data/common_voice_ext/cv_0484.wav,data/distorted_cv_ext/cv_0484_severe.wav,severe,ฉันเรียนจบด้วยปริญญาอักษรศาสตร์,8.0721
cv_0485,common_voice_ext,data/common_voice_ext/cv_0485.wav,data/distorted_cv_ext/cv_0485_severe.wav,severe,ชายหาดมีหาดทรายสวยงาม,5.8601
cv_0486,common_voice_ext,data/common_voice_ext/cv_0486.wav,data/distorted_cv_ext/cv_0486_severe.wav,severe,ประตูถูกปิดโดยมีทั้งไม้ลั่นดาล ล็อค และลงกลอน,5.7615
cv_0487,common_voice_ext,data/common_voice_ext/cv_0487.wav,data/distorted_cv_ext/cv_0487_severe.wav,severe,การออกแบบยากกว่าที่เห็น,3.3048
cv_0488,common_voice_ext,data/common_voice_ext/cv_0488.wav,data/distorted_cv_ext/cv_0488_severe.wav,severe,ฉันดีใจที่จะบอกว่ามันคืบหน้าไปได้ด้วยดี,4.2689
cv_0489,common_voice_ext,data/common_voice_ext/cv_0489.wav,data/distorted_cv_ext/cv_0489_severe.wav,severe,เลี้ยงหนูขาวด้วยการให้กินเมล็ดพันธ์ดอกไม้,5.3589
cv_0490,common_voice_ext,data/common_voice_ext/cv_0490.wav,data/distorted_cv_ext/cv_0490_severe.wav,severe,มันเป็นหัวข้อทางวิชาการที่ได้รับการอภิปรายอย่างกว้างขวาง,6.9369
cv_0491,common_voice_ext,data/common_voice_ext/cv_0491.wav,data/distorted_cv_ext/cv_0491_severe.wav,severe,ที่อยู่ไปรษณีย์,2.9562
cv_0492,common_voice_ext,data/common_voice_ext/cv_0492.wav,data/distorted_cv_ext/cv_0492_severe.wav,severe,มันเป็นเวลาน้ำชาของเขาใช่ไหม ?,3.5792
cv_0493,common_voice_ext,data/common_voice_ext/cv_0493.wav,data/distorted_cv_ext/cv_0493_severe.wav,severe,เธอจะทำให้วิญญาณปรากฏตัวและพูด!,5.0525
cv_0494,common_voice_ext,data/common_voice_ext/cv_0494.wav,data/distorted_cv_ext/cv_0494_severe.wav,severe,ฉันจับมือเขาขึ้นมาและจูบมัน,6.6686
cv_0495,common_voice_ext,data/common_voice_ext/cv_0495.wav,data/distorted_cv_ext/cv_0495_severe.wav,severe,ฟุตบอล หรือ ซอกเกอร์ เป็นกีฬาประเภททีมที่เล่นระหว่างสองทีมโดยแต่ละทีมมีผู้เล่นสิบเอ็ดคน โดยใช้ลูกบอล,9.6012
cv_0496,common_voice_ext,data/common_voice_ext/cv_0496.wav,data/distorted_cv_ext/cv_0496_severe.wav,severe,ในยามโศกนาฏกรรมให้มองหาผู้ช่วยแล้วคุณจะเห็นความหวัง,5.3246
cv_0497,common_voice_ext,data/common_voice_ext/cv_0497.wav,data/distorted_cv_ext/cv_0497_severe.wav,severe,ฉันต้องการเขียนคำพูดของฉัน,3.5379
cv_0498,common_voice_ext,data/common_voice_ext/cv_0498.wav,data/distorted_cv_ext/cv_0498_severe.wav,severe,วันพระ,2.4392
cv_0499,common_voice_ext,data/common_voice_ext/cv_0499.wav,data/distorted_cv_ext/cv_0499_severe.wav,severe,ผู้บริโภคสินค้าอิเลคโทรนิกส์ไม่ได้ถูกสร้างมาให้มีอยู่ตลอดไปอย่างที่เคยเป็นมา,8.3224
cv_0500,common_voice_ext,data/common_voice_ext/cv_0500.wav,data/distorted_cv_ext/cv_0500_severe.wav,severe,นั่นดูไม่ค่อยจะเหมาะเลย,5.4463
cv_0501,common_voice_ext,data/common_voice_ext/cv_0501.wav,data/distorted_cv_ext/cv_0501_severe.wav,severe,ฉันไม่เคยมี.,4.8039
cv_0502,common_voice_ext,data/common_voice_ext/cv_0502.wav,data/distorted_cv_ext/cv_0502_severe.wav,severe,เผื่อคุณพอจะบอกอะไรเกี่ยวกับหล่อนให้ฉันได้บ้าง,5.1018
cv_0503,common_voice_ext,data/common_voice_ext/cv_0503.wav,data/distorted_cv_ext/cv_0503_severe.wav,severe,คุณควรจะชอบหรือควรจะเป็นฉันที่ชอบ?,4.6545
cv_0504,common_voice_ext,data/common_voice_ext/cv_0504.wav,data/distorted_cv_ext/cv_0504_severe.wav,severe,นายฉันกำลังพูดความจริงคนขับรถพูด,4.5551
cv_0505,common_voice_ext,data/common_voice_ext/cv_0505.wav,data/distorted_cv_ext/cv_0505_severe.wav,severe,ไฟล์ดังกล่าวมีขนาดหลายกิกะไบต์,3.7203
cv_0506,common_voice_ext,data/common_voice_ext/cv_0506.wav,data/distorted_cv_ext/cv_0506_severe.wav,severe,มันถึงเวลาแล้ว,3.073
cv_0507,common_voice_ext,data/common_voice_ext/cv_0507.wav,data/distorted_cv_ext/cv_0507_severe.wav,severe,ใช่นายเอลีนพูดแล้วคืนตัวเอง,4.4596
cv_0508,common_voice_ext,data/common_voice_ext/cv_0508.wav,data/distorted_cv_ext/cv_0508_severe.wav,severe,เธอพิงตัวเองกับเสา,2.7185
cv_0509,common_voice_ext,data/common_voice_ext/cv_0509.wav,data/distorted_cv_ext/cv_0509_severe.wav,severe,คุณอาจจะต้องอ่านทั้งบทเลย,3.9177
cv_0510,common_voice_ext,data/common_voice_ext/cv_0510.wav,data/distorted_cv_ext/cv_0510_severe.wav,severe,สิ่งที่คุณเรียกว่ายาระงับประสาทมีแต่ทำให้เจ็บปวดมากขึ้น,8.3715
cv_0511,common_voice_ext,data/common_voice_ext/cv_0511.wav,data/distorted_cv_ext/cv_0511_severe.wav,severe,ผมยืนอยู่ข้างนอก กับนักข่าวมากมาย,5.4231
cv_0512,common_voice_ext,data/common_voice_ext/cv_0512.wav,data/distorted_cv_ext/cv_0512_severe.wav,severe,ฉันยังไม่รู้ว่าจะทำอย่างไรต่อไปกับราสเบอร์รี่ปี่เอ็มเม็ตต์ถอนหายใจ,8.0316
cv_0513,common_voice_ext,data/common_voice_ext/cv_0513.wav,data/distorted_cv_ext/cv_0513_severe.wav,severe,นักล่ารู้สึกตื่นตัวจากเสียงตะกุกตะกักของพืชผักข้างหลัง,5.5222
cv_0514,common_voice_ext,data/common_voice_ext/cv_0514.wav,data/distorted_cv_ext/cv_0514_severe.wav,severe,คอนกรีตถูกมอสขึ้นเกาะ,4.5142
cv_0515,common_voice_ext,data/common_voice_ext/cv_0515.wav,data/distorted_cv_ext/cv_0515_severe.wav,severe,เขาเข้านอนหลังจากทำการบ้านเสร็จเรียบร้อยแล้ว,6.3543
cv_0516,common_voice_ext,data/common_voice_ext/cv_0516.wav,data/distorted_cv_ext/cv_0516_severe.wav,severe,พรุ่งนี้เป็นวันอะไร,4.2432
cv_0517,common_voice_ext,data/common_voice_ext/cv_0517.wav,data/distorted_cv_ext/cv_0517_severe.wav,severe,นั่นหมายความว่าอย่างไร?,3.7031
cv_0518,common_voice_ext,data/common_voice_ext/cv_0518.wav,data/distorted_cv_ext/cv_0518_severe.wav,severe,พายุเฮอริเคนมีมีแนวโน้มจะเข้าถล่มอีกสามวันข้างหน้า,5.8768
cv_0519,common_voice_ext,data/common_voice_ext/cv_0519.wav,data/distorted_cv_ext/cv_0519_severe.wav,severe,เดี๋ยวก่อน!,2.7139
cv_0520,common_voice_ext,data/common_voice_ext/cv_0520.wav,data/distorted_cv_ext/cv_0520_severe.wav,severe,ออฟฟิศ,3.1162
cv_0521,common_voice_ext,data/common_voice_ext/cv_0521.wav,data/distorted_cv_ext/cv_0521_severe.wav,severe,และฉันจะบอกคุณว่าทำไมนั่นถึงจะเป็นแผนที่ดีที่สุด,7.7112
cv_0522,common_voice_ext,data/common_voice_ext/cv_0522.wav,data/distorted_cv_ext/cv_0522_severe.wav,severe,พวกเขาเป็นคนที่น่ารักที่สุดที่ฉันเคยเห็น,5.6121
cv_0523,common_voice_ext,data/common_voice_ext/cv_0523.wav,data/distorted_cv_ext/cv_0523_severe.wav,severe,เบอร์ทิ เราเป็นเพือนกันมานานแค่ไหนแล้วนะ ?,4.9705
cv_0524,common_voice_ext,data/common_voice_ext/cv_0524.wav,data/distorted_cv_ext/cv_0524_severe.wav,severe,เม่นกำลังเก็บใบสีน้ำตาล,3.9137
cv_0525,common_voice_ext,data/common_voice_ext/cv_0525.wav,data/distorted_cv_ext/cv_0525_severe.wav,severe,เมื่อเขามองเห็นเมฆพายุบนท้องฟ้า จาก้าหวังว่า เขาคงจะไม่ลืมหยิบร่มของเขามาด้วย,9.8414
cv_0526,common_voice_ext,data/common_voice_ext/cv_0526.wav,data/distorted_cv_ext/cv_0526_severe.wav,severe,มันทำให้ฉันทุกข์ใจตั้งแต่นั้นมา,4.7028
cv_0527,common_voice_ext,data/common_voice_ext/cv_0527.wav,data/distorted_cv_ext/cv_0527_severe.wav,severe,เธอดีขึ้นแล้ว,3.5892
cv_0528,common_voice_ext,data/common_voice_ext/cv_0528.wav,data/distorted_cv_ext/cv_0528_severe.wav,severe,ขอยืมของวิเศษหน่อย,2.9845
cv_0529,common_voice_ext,data/common_voice_ext/cv_0529.wav,data/distorted_cv_ext/cv_0529_severe.wav,severe,ใครจะไปเที่ยวทะเล,3.1814
cv_0530,common_voice_ext,data/common_voice_ext/cv_0530.wav,data/distorted_cv_ext/cv_0530_severe.wav,severe,เขาไม่ทิ้งร่องรอยใด ๆ,3.4082
cv_0531,common_voice_ext,data/common_voice_ext/cv_0531.wav,data/distorted_cv_ext/cv_0531_severe.wav,severe,แต่มันไม่ใช่ : มันถูกเผาอย่างต่อเนื่อง,3.6239
cv_0532,common_voice_ext,data/common_voice_ext/cv_0532.wav,data/distorted_cv_ext/cv_0532_severe.wav,severe,รถถูกควบคุมด้วยระบบกึ่งอัตโนมัติ,4.6059
cv_0533,common_voice_ext,data/common_voice_ext/cv_0533.wav,data/distorted_cv_ext/cv_0533_severe.wav,severe,มันคือสุดยอดแห่งวิศวกรรม,2.7597
cv_0534,common_voice_ext,data/common_voice_ext/cv_0534.wav,data/distorted_cv_ext/cv_0534_severe.wav,severe,คนกินจุไม่อ้วนเสมอไป,3.3572
cv_0535,common_voice_ext,data/common_voice_ext/cv_0535.wav,data/distorted_cv_ext/cv_0535_severe.wav,severe,ฉันยังทำไม่เสร็จเลยค่ะคุณ,3.4134
cv_0536,common_voice_ext,data/common_voice_ext/cv_0536.wav,data/distorted_cv_ext/cv_0536_severe.wav,severe,มารีเป็นนักข่าวที่กล้าหาญ,4.0557
cv_0537,common_voice_ext,data/common_voice_ext/cv_0537.wav,data/distorted_cv_ext/cv_0537_severe.wav,severe,มาดามที่รักของฉัน ตอนนี้คุณติดเชื้อ,5.0714
cv_0538,common_voice_ext,data/common_voice_ext/cv_0538.wav,data/distorted_cv_ext/cv_0538_severe.wav,severe,มันโดนห้ามไม่ให้มีเสียงและดูน่าเบื่อ,3.9518
cv_0539,common_voice_ext,data/common_voice_ext/cv_0539.wav,data/distorted_cv_ext/cv_0539_severe.wav,severe,นกเค้าแมวออกหากินเวลากลางคืน,4.8926
cv_0540,common_voice_ext,data/common_voice_ext/cv_0540.wav,data/distorted_cv_ext/cv_0540_severe.wav,severe,ฉันยังต้องการที่จะมีมิตรภาพกับเพื่อนร่วมงานมืออาชีพของฉัน,6.3823
cv_0541,common_voice_ext,data/common_voice_ext/cv_0541.wav,data/distorted_cv_ext/cv_0541_severe.wav,severe,แมชชีนเลิร์นนิ่งจะกลายเป็นสินทรัพย์ที่สำคัญของบริษัททุกประเภท,5.4992
cv_0542,common_voice_ext,data/common_voice_ext/cv_0542.wav,data/distorted_cv_ext/cv_0542_severe.wav,severe,อย่าขยับ,3.2363
cv_0543,common_voice_ext,data/common_voice_ext/cv_0543.wav,data/distorted_cv_ext/cv_0543_severe.wav,severe,แต่ไม่นาน,2.6131
cv_0544,common_voice_ext,data/common_voice_ext/cv_0544.wav,data/distorted_cv_ext/cv_0544_severe.wav,severe,โจดูดฝุ่นห้องนั่งเล่น,4.2538
cv_0545,common_voice_ext,data/common_voice_ext/cv_0545.wav,data/distorted_cv_ext/cv_0545_severe.wav,severe,เพื่อเพิ่มการดูถูกการบาดเจ็บ,4.2089
cv_0546,common_voice_ext,data/common_voice_ext/cv_0546.wav,data/distorted_cv_ext/cv_0546_severe.wav,severe,อย่ากัดนะ แขนฉันไม่ใช่อาหารแก,3.8109
cv_0547,common_voice_ext,data/common_voice_ext/cv_0547.wav,data/distorted_cv_ext/cv_0547_severe.wav,severe,นั่นเป็นความจริงหมอพูด,4.1171
cv_0548,common_voice_ext,data/common_voice_ext/cv_0548.wav,data/distorted_cv_ext/cv_0548_severe.wav,severe,คุณมีอยู่เท่าไรในกระเป๋าเสื้อ,3.5381
cv_0549,common_voice_ext,data/common_voice_ext/cv_0549.wav,data/distorted_cv_ext/cv_0549_severe.wav,severe,คุณจอร์จทำให้ตัวเองรู้สึกดีขึ้นและยืนขึิ้นอีกครั้งอย่างชายชาติทหาร,5.8177
cv_0550,common_voice_ext,data/common_voice_ext/cv_0550.wav,data/distorted_cv_ext/cv_0550_severe.wav,severe,ฉันไม่เคยเห็นมาก่อนสักอันหรือเคยได้ยินมาก่อน อลิซกล่าว,7.2084
cv_0551,common_voice_ext,data/common_voice_ext/cv_0551.wav,data/distorted_cv_ext/cv_0551_severe.wav,severe,ทุกอย่างมันค่อนข้างดี,2.6996
cv_0552,common_voice_ext,data/common_voice_ext/cv_0552.wav,data/distorted_cv_ext/cv_0552_severe.wav,severe,ฉันจะนั่งใต้สวิตช์ไฟในร้านตัดผม,4.0404
cv_0553,common_voice_ext,data/common_voice_ext/cv_0553.wav,data/distorted_cv_ext/cv_0553_severe.wav,severe,อลิสันเจอโทรศัพท์,4.4768
cv_0554,common_voice_ext,data/common_voice_ext/cv_0554.wav,data/distorted_cv_ext/cv_0554_severe.wav,severe,ดอกทานตะวันออกดอกสวยงาม,3.7085
cv_0555,common_voice_ext,data/common_voice_ext/cv_0555.wav,data/distorted_cv_ext/cv_0555_severe.wav,severe,ขอโทษคะ,2.8262
cv_0556,common_voice_ext,data/common_voice_ext/cv_0556.wav,data/distorted_cv_ext/cv_0556_severe.wav,severe,ฉันไม่ได้จะร้องไห้เมื่อเผชิญหน้ากับความกลัว,5.1438
cv_0557,common_voice_ext,data/common_voice_ext/cv_0557.wav,data/distorted_cv_ext/cv_0557_severe.wav,severe,หลังคาได้รับการติดตั้งหลายครั้งในช่วงหลายปีที่ผ่านมา,5.5349
cv_0558,common_voice_ext,data/common_voice_ext/cv_0558.wav,data/distorted_cv_ext/cv_0558_severe.wav,severe,และในความรู้ที่เต็มไปอย่างมากมาย ความกลัวทั้งหลายก็ถาโถมเข้าใส่เธอ,6.1511
cv_0559,common_voice_ext,data/common_voice_ext/cv_0559.wav,data/distorted_cv_ext/cv_0559_severe.wav,severe,มันเป็นช่วงเวลาที่จะทำให้งานมีค่า,3.9124
cv_0560,common_voice_ext,data/common_voice_ext/cv_0560.wav,data/distorted_cv_ext/cv_0560_severe.wav,severe,เราต้องการกี่ชั้น ?,2.8486
cv_0561,common_voice_ext,data/common_voice_ext/cv_0561.wav,data/distorted_cv_ext/cv_0561_severe.wav,severe,และมันก็ด้วย,3.5798
cv_0562,common_voice_ext,data/common_voice_ext/cv_0562.wav,data/distorted_cv_ext/cv_0562_severe.wav,severe,ถ้าตำหนิของพาหนะส่วนใหญ่ถูกระบุ การเรียกของกลับก็จำเป็นจะต้องทำ,9.3801
cv_0563,common_voice_ext,data/common_voice_ext/cv_0563.wav,data/distorted_cv_ext/cv_0563_severe.wav,severe,ไม่มีภาพยนตร์ตะวันตกที่ปราศจากการทะเลาะวิวาทในรถเก๋ง,7.3407
cv_0564,common_voice_ext,data/common_voice_ext/cv_0564.wav,data/distorted_cv_ext/cv_0564_severe.wav,severe,ทุกคนฟังทางนี้ ตำรวจเจอเครื่องเพชรและจับคนร้ายได้แล้ว,4.7638
cv_0565,common_voice_ext,data/common_voice_ext/cv_0565.wav,data/distorted_cv_ext/cv_0565_severe.wav,severe,ถ้าคุณส่งอะไรที่มีค่า คุณควรจ่ายเพื่อการส่งที่มั่นใจได้,6.739
cv_0566,common_voice_ext,data/common_voice_ext/cv_0566.wav,data/distorted_cv_ext/cv_0566_severe.wav,severe,แมวอาจมองไปที่ราชา อลิซพูด,4.4158
cv_0567,common_voice_ext,data/common_voice_ext/cv_0567.wav,data/distorted_cv_ext/cv_0567_severe.wav,severe,ต่อต้านไปก็เปล่าประโยชน์,3.3356
cv_0568,common_voice_ext,data/common_voice_ext/cv_0568.wav,data/distorted_cv_ext/cv_0568_severe.wav,severe,เธอไม่รู้หรอกว่าเธอกำลังพูดถึงอะไร ฮัมพ์ตี้ดัมพ์ตี้พูดพลางร้องไห้,7.5941
cv_0569,common_voice_ext,data/common_voice_ext/cv_0569.wav,data/distorted_cv_ext/cv_0569_severe.wav,severe,ได้โปรดบุรุษไปรษณีย์,3.436
cv_0570,common_voice_ext,data/common_voice_ext/cv_0570.wav,data/distorted_cv_ext/cv_0570_severe.wav,severe,เชื่อฉันเถอะ การอยู่ตัวคนเดียวกับความคิดของฉัน มันห่างไกลจากความรำคาญนัก,7.8869
cv_0571,common_voice_ext,data/common_voice_ext/cv_0571.wav,data/distorted_cv_ext/cv_0571_severe.wav,severe,สุภาพบุรุษยิปซี,4.559
cv_0572,common_voice_ext,data/common_voice_ext/cv_0572.wav,data/distorted_cv_ext/cv_0572_severe.wav,severe,เขาเช็ดน้ำตาในจินตนาการออกจากตาของเขา,5.0624
cv_0573,common_voice_ext,data/common_voice_ext/cv_0573.wav,data/distorted_cv_ext/cv_0573_severe.wav,severe,คอเสื้อที่สะอาดหมายถึงปกเสื้อที่เรียบร้อย,4.6361
cv_0574,common_voice_ext,data/common_voice_ext/cv_0574.wav,data/distorted_cv_ext/cv_0574_severe.wav,severe,คุณคิดว่าเขาตกอยู่ในอันตรายหรือเปล่าครับ?,3.9323
cv_0575,common_voice_ext,data/common_voice_ext/cv_0575.wav,data/distorted_cv_ext/cv_0575_severe.wav,severe,ชาร์ลโกรธที่เขาไม่สามารถทำอะไรได้,4.4742
cv_0576,common_voice_ext,data/common_voice_ext/cv_0576.wav,data/distorted_cv_ext/cv_0576_severe.wav,severe,ฟิลิปก้าวไปที่เกรสันครึ่งหนึ่งตั้งใจจะปลุกเขา,5.4776
cv_0577,common_voice_ext,data/common_voice_ext/cv_0577.wav,data/distorted_cv_ext/cv_0577_severe.wav,severe,เนี่ย มันก็เป็นซะอย่างนี้,3.8638
cv_0578,common_voice_ext,data/common_voice_ext/cv_0578.wav,data/distorted_cv_ext/cv_0578_severe.wav,severe,เจนนี่ไปอิตาลีปีที่แล้ว,3.1966
cv_0579,common_voice_ext,data/common_voice_ext/cv_0579.wav,data/distorted_cv_ext/cv_0579_severe.wav,severe,เขาว่ากันว่า กันไว้ดีกว่าแก้นะ,4.0823
cv_0580,common_voice_ext,data/common_voice_ext/cv_0580.wav,data/distorted_cv_ext/cv_0580_severe.wav,severe,โอ้พยายามยกโทษให้ฉัน !,3.2435
cv_0581,common_voice_ext,data/common_voice_ext/cv_0581.wav,data/distorted_cv_ext/cv_0581_severe.wav,severe,เขาผ่านไปโดยไม่มีคำถามหรืออข้อสงสัยอะไรเลย,4.6571
cv_0582,common_voice_ext,data/common_voice_ext/cv_0582.wav,data/distorted_cv_ext/cv_0582_severe.wav,severe,ถ้วยนี้ทำมาจากโพลีสไตรีน,4.2139
cv_0583,common_voice_ext,data/common_voice_ext/cv_0583.wav,data/distorted_cv_ext/cv_0583_severe.wav,severe,คุณจะไม่ทำลายการปล้นครั้งนี้!,3.8485
cv_0584,common_voice_ext,data/common_voice_ext/cv_0584.wav,data/distorted_cv_ext/cv_0584_severe.wav,severe,เว็บไซต์นี้ต้องการแผนที่แบบตอบโต้,3.2512
cv_0585,common_voice_ext,data/common_voice_ext/cv_0585.wav,data/distorted_cv_ext/cv_0585_severe.wav,severe,คนขับรถบรรทุกตักสินใจนอนที่โรงแรมข้างหน้าเพราะว่าเขาหาวแล้ว,6.988
cv_0586,common_voice_ext,data/common_voice_ext/cv_0586.wav,data/distorted_cv_ext/cv_0586_severe.wav,severe,กรณีภัยแล้งเพื่อประเมินสถานการณ์น้ำประจำวัน,4.7966
cv_0587,common_voice_ext,data/common_voice_ext/cv_0587.wav,data/distorted_cv_ext/cv_0587_severe.wav,severe,ปัญญาสังเคราะห์,2.1464
cv_0588,common_voice_ext,data/common_voice_ext/cv_0588.wav,data/distorted_cv_ext/cv_0588_severe.wav,severe,สวนสัตว์สัมปทานคือเรื่องน่ารังเกียจสำหรับขบวนการพิทักษ์สิทธิของสัตว์ทั่วโลก,7.4304
cv_0589,common_voice_ext,data/common_voice_ext/cv_0589.wav,data/distorted_cv_ext/cv_0589_severe.wav,severe,คุณจะไม่ได้ทุกสิ่งทุกอย่างตามที่คุณคิด,4.7726
cv_0590,common_voice_ext,data/common_voice_ext/cv_0590.wav,data/distorted_cv_ext/cv_0590_severe.wav,severe,ฉันทำให้คุณขุ่นเคืองไหม,3.3042
cv_0591,common_voice_ext,data/common_voice_ext/cv_0591.wav,data/distorted_cv_ext/cv_0591_severe.wav,severe,กรรไกรพวกนี้ใช้ตัดโลหะได้,6.1925
cv_0592,common_voice_ext,data/common_voice_ext/cv_0592.wav,data/distorted_cv_ext/cv_0592_severe.wav,severe,หลังจากฉับกลับแล้ว มีเรื่องอะไรเกิดขึ้นอีกบ้าง,5.7361
cv_0593,common_voice_ext,data/common_voice_ext/cv_0593.wav,data/distorted_cv_ext/cv_0593_severe.wav,severe,ฉันได้รับแบบฟอร์มบางอย่าง แต่ยังไม่มีรอบที่จะกรอกพวกเขา,5.9682
cv_0594,common_voice_ext,data/common_voice_ext/cv_0594.wav,data/distorted_cv_ext/cv_0594_severe.wav,severe,เมษา,2.3178
cv_0595,common_voice_ext,data/common_voice_ext/cv_0595.wav,data/distorted_cv_ext/cv_0595_severe.wav,severe,เขาเสนอการพิสูจน์ในรูปของแผนภูมิขนาดใหญ่,4.0896
cv_0596,common_voice_ext,data/common_voice_ext/cv_0596.wav,data/distorted_cv_ext/cv_0596_severe.wav,severe,เรามีมาตราการคุ้มครองข้อมูลส่วนบุคคล,6.3665
cv_0597,common_voice_ext,data/common_voice_ext/cv_0597.wav,data/distorted_cv_ext/cv_0597_severe.wav,severe,ขอพระเจ้าอวยพรท่านสุขภาพดีเพียงใด!,5.105
cv_0598,common_voice_ext,data/common_voice_ext/cv_0598.wav,data/distorted_cv_ext/cv_0598_severe.wav,severe,ค่อนข้างง่ายจริง ๆ,4.4324
cv_0599,common_voice_ext,data/common_voice_ext/cv_0599.wav,data/distorted_cv_ext/cv_0599_severe.wav,severe,สปิริตแอนิเมชั่น,2.7521
cv_0600,common_voice_ext,data/common_voice_ext/cv_0600.wav,data/distorted_cv_ext/cv_0600_severe.wav,severe,ประตูนั้นล็อคใช่หรือไม่?,3.7318
cv_0601,common_voice_ext,data/common_voice_ext/cv_0601.wav,data/distorted_cv_ext/cv_0601_severe.wav,severe,ดังนั้นเราจึงสามารถพักผ่อนได้,3.851
cv_0602,common_voice_ext,data/common_voice_ext/cv_0602.wav,data/distorted_cv_ext/cv_0602_severe.wav,severe,ทำไม ไป เพื่อจะกลับมาทีหลังเหรอ,10.0547
cv_0603,common_voice_ext,data/common_voice_ext/cv_0603.wav,data/distorted_cv_ext/cv_0603_severe.wav,severe,รอสักครู่หนึ่ง,3.5434
cv_0604,common_voice_ext,data/common_voice_ext/cv_0604.wav,data/distorted_cv_ext/cv_0604_severe.wav,severe,แม้ว่าทุกสิ่งควรอยู่ภายใต้การควบคุมของรัฐ แต่ก็มีความรุนแรงในเรือนจำมากมาย,8.5037
cv_0605,common_voice_ext,data/common_voice_ext/cv_0605.wav,data/distorted_cv_ext/cv_0605_severe.wav,severe,มีชายสูงอายุที่อุ้มแมวไว้บนตักนั่งอยู่ติดกับฉัน,5.9514
cv_0606,common_voice_ext,data/common_voice_ext/cv_0606.wav,data/distorted_cv_ext/cv_0606_severe.wav,severe,คุณจะสามารถเห็นดาวนับพันดวงด้วยตาเปล่าในยามค่ำคืนหรือไม่ ?,5.6363
cv_0607,common_voice_ext,data/common_voice_ext/cv_0607.wav,data/distorted_cv_ext/cv_0607_severe.wav,severe,เธอคือนักโทษของฉันคุณรู้ไหม ! 'อัศวินแดงพูดในที่สุด,6.2453
cv_0608,common_voice_ext,data/common_voice_ext/cv_0608.wav,data/distorted_cv_ext/cv_0608_severe.wav,severe,ถ้าคุณกำลังจะล้างจาน คุณต้องใช้น้ำยาล้างจานถึงจะดีที่สุด,5.0171
cv_0609,common_voice_ext,data/common_voice_ext/cv_0609.wav,data/distorted_cv_ext/cv_0609_severe.wav,severe,ช่วงช้างตกมันเป็นช่วงที่อันตรายที่สุด,5.1836
cv_0610,common_voice_ext,data/common_voice_ext/cv_0610.wav,data/distorted_cv_ext/cv_0610_severe.wav,severe,ท่านแค่สงสัยเขาผู้นั้น แล้วกลับโพล่งออกไปอย่างไม่ระมัดระวังคำพูดเนี่ยนะ,8.9506
cv_0611,common_voice_ext,data/common_voice_ext/cv_0611.wav,data/distorted_cv_ext/cv_0611_severe.wav,severe,เกิดเหตุร้ายที่งานเทศกาลศิลปะ,4.0207
cv_0612,common_voice_ext,data/common_voice_ext/cv_0612.wav,data/distorted_cv_ext/cv_0612_severe.wav,severe,ระบบนำทางอัตโนมัติของเขา ถูกติดตั้งที่แผงหน้าปัดรถยนต์ของเขา,8.189
cv_0613,common_voice_ext,data/common_voice_ext/cv_0613.wav,data/distorted_cv_ext/cv_0613_severe.wav,severe,พวกเราจะไม่พบกันอีก,3.6551
cv_0614,common_voice_ext,data/common_voice_ext/cv_0614.wav,data/distorted_cv_ext/cv_0614_severe.wav,severe,เฮ้ฉันซื้อน้ำสับปะรดโดยไม่ใส่น้ำตาล,4.4392
cv_0615,common_voice_ext,data/common_voice_ext/cv_0615.wav,data/distorted_cv_ext/cv_0615_severe.wav,severe,ในความคิดของฉันโดนัทใช้เวลามากในการเต้น,4.7257
cv_0616,common_voice_ext,data/common_voice_ext/cv_0616.wav,data/distorted_cv_ext/cv_0616_severe.wav,severe,หืม ฉันจะต้องถามเอียนเกี่ยวกับเรื่องนั้น,4.6022
cv_0617,common_voice_ext,data/common_voice_ext/cv_0617.wav,data/distorted_cv_ext/cv_0617_severe.wav,severe,เอาชานมไข่มุก หวานน้อย น้ำแข็งไม่ต้องใส่ ขอไข่มุกเยอะ ๆ เอากลับบ้าน,7.1626
cv_0618,common_voice_ext,data/common_voice_ext/cv_0618.wav,data/distorted_cv_ext/cv_0618_severe.wav,severe,เข้าใจล่ะ นี่เป็นที่แรก,3.3152
cv_0619,common_voice_ext,data/common_voice_ext/cv_0619.wav,data/distorted_cv_ext/cv_0619_severe.wav,severe,มันคงจะดีกว่าถ้าไม่เก็บมันตอนนี้,3.6023
cv_0620,common_voice_ext,data/common_voice_ext/cv_0620.wav,data/distorted_cv_ext/cv_0620_severe.wav,severe,และพ่อของเขาก็คาดหวังจะพึ่งพาตัวเขาในเรื่องหุบเขาแห่งทอนตัน,5.7423
cv_0621,common_voice_ext,data/common_voice_ext/cv_0621.wav,data/distorted_cv_ext/cv_0621_severe.wav,severe,อยากกินบุฟเฟ่,2.4528
cv_0622,common_voice_ext,data/common_voice_ext/cv_0622.wav,data/distorted_cv_ext/cv_0622_severe.wav,severe,การอยู่กับเขาเพียงอย่างเดียวทำให้เธอรู้สึกไม่สบายใจ,4.0827
cv_0623,common_voice_ext,data/common_voice_ext/cv_0623.wav,data/distorted_cv_ext/cv_0623_severe.wav,severe,ฉันได้รางวัลไปออสเตรเลียช่วงวันหยุด,7.6756
cv_0624,common_voice_ext,data/common_voice_ext/cv_0624.wav,data/distorted_cv_ext/cv_0624_severe.wav,severe,ใช่ อาชญากรรมนั่นมีมันสมองหนุนหลัง,4.5792
cv_0625,common_voice_ext,data/common_voice_ext/cv_0625.wav,data/distorted_cv_ext/cv_0625_severe.wav,severe,ตอนนั้นเพลงก็หยุดลง ตัวตลกหยุดชะงักกลางคัน,6.1076
cv_0626,common_voice_ext,data/common_voice_ext/cv_0626.wav,data/distorted_cv_ext/cv_0626_severe.wav,severe,แล้วเป็นไงบ้าง,2.3058
cv_0627,common_voice_ext,data/common_voice_ext/cv_0627.wav,data/distorted_cv_ext/cv_0627_severe.wav,severe,มันเป็นเรื่องที่ดีที่การเดินทางย้อนเวลาไม่ได้มีอยู่จริง,4.9159
cv_0628,common_voice_ext,data/common_voice_ext/cv_0628.wav,data/distorted_cv_ext/cv_0628_severe.wav,severe,แล้วฉันก็เห็นชายคนหนึ่งกำลังยืนอยู่บนถนนนอกตึกนี้,5.9926
cv_0629,common_voice_ext,data/common_voice_ext/cv_0629.wav,data/distorted_cv_ext/cv_0629_severe.wav,severe,การพักผ่อนนั้นไม่จำเป็นต้องมี,4.1656
cv_0630,common_voice_ext,data/common_voice_ext/cv_0630.wav,data/distorted_cv_ext/cv_0630_severe.wav,severe,พรุ่งนี้จำเป็นต้องมีทนายความหรือไม่ครับ?,4.4522
cv_0631,common_voice_ext,data/common_voice_ext/cv_0631.wav,data/distorted_cv_ext/cv_0631_severe.wav,severe,เธอทำอะไรอยู่,3.3275
cv_0632,common_voice_ext,data/common_voice_ext/cv_0632.wav,data/distorted_cv_ext/cv_0632_severe.wav,severe,ถ้าคุณอยากได้ตัวตัดคำที่แม่นยำที่สุด,4.9607
cv_0633,common_voice_ext,data/common_voice_ext/cv_0633.wav,data/distorted_cv_ext/cv_0633_severe.wav,severe,วนิดาเริ่มเข้ามาทำงานด้านเอ็นจีโอเต็มตัว ด้วยการรณรงค์เพื่อการอนุรักษ์สิ่งแวดล้อมร่วมกับขบวนการสันติภาพต่อต้าน อาวุธนิวเคลียร์ และเข้าร่วมขบวนการเชื่อมสันติภาพไทยลาว,10.1085
cv_0634,common_voice_ext,data/common_voice_ext/cv_0634.wav,data/distorted_cv_ext/cv_0634_severe.wav,severe,ขนาดไม่พอดีกับห้อง,3.1608
cv_0635,common_voice_ext,data/common_voice_ext/cv_0635.wav,data/distorted_cv_ext/cv_0635_severe.wav,severe,มีใครอยากได้คัสตาร์ดลาเวนเดอร์ไหม,5.1049
cv_0636,common_voice_ext,data/common_voice_ext/cv_0636.wav,data/distorted_cv_ext/cv_0636_severe.wav,severe,เชือกพาดตู้,3.5448
cv_0637,common_voice_ext,data/common_voice_ext/cv_0637.wav,data/distorted_cv_ext/cv_0637_severe.wav,severe,ตารางฉันแน่นในเดือนนั้น,4.4706
cv_0638,common_voice_ext,data/common_voice_ext/cv_0638.wav,data/distorted_cv_ext/cv_0638_severe.wav,severe,พวกเขาพกขวานและเลื่อยเข้าไปในป่า,5.1821
cv_0639,common_voice_ext,data/common_voice_ext/cv_0639.wav,data/distorted_cv_ext/cv_0639_severe.wav,severe,ไม่ฉันจะไปดีกว่า,4.2289
cv_0640,common_voice_ext,data/common_voice_ext/cv_0640.wav,data/distorted_cv_ext/cv_0640_severe.wav,severe,ผู้อพยพเป็นประชาชนที่ย้ายถิ่นฐานเนื่องจากภัยทางธรรมชาติหรือความขัดแย้ง,8.1863
cv_0641,common_voice_ext,data/common_voice_ext/cv_0641.wav,data/distorted_cv_ext/cv_0641_severe.wav,severe,นี่ คุณเห็นนั่นรึเปล่า,4.5717
cv_0642,common_voice_ext,data/common_voice_ext/cv_0642.wav,data/distorted_cv_ext/cv_0642_severe.wav,severe,คุณจำเสียงสุภาพสตรีท่านนั้นได้มั้ย?,4.0542
cv_0643,common_voice_ext,data/common_voice_ext/cv_0643.wav,data/distorted_cv_ext/cv_0643_severe.wav,severe,ท้ายที่สุด อัศวินแดงแห่งคารากัสได้กล่าวว่า เธอคือนักโทษของข้า เจ้ารู้ไว้ซะ !,8.662
cv_0644,common_voice_ext,data/common_voice_ext/cv_0644.wav,data/distorted_cv_ext/cv_0644_severe.wav,severe,พาราฟินเป็นชื่ออังกฤษสำหรับน้ำมันก๊าด,4.5513
cv_0645,common_voice_ext,data/common_voice_ext/cv_0645.wav,data/distorted_cv_ext/cv_0645_severe.wav,severe,ฟิลิปจุดซิการ์แล้วหยิบเก้าอี้มานั่งตรงข้ามเขา,4.682
cv_0646,common_voice_ext,data/common_voice_ext/cv_0646.wav,data/distorted_cv_ext/cv_0646_severe.wav,severe,ไม่ได้ตั้งใจ ป้าของฉันไม่ต้องการให้เขาทำแบบนั้น,5.3417
cv_0647,common_voice_ext,data/common_voice_ext/cv_0647.wav,data/distorted_cv_ext/cv_0647_severe.wav,severe,ฉันว่าเธอไปจากที่นี่แล้วล่ะชาลีย์,3.9127
cv_0648,common_voice_ext,data/common_voice_ext/cv_0648.wav,data/distorted_cv_ext/cv_0648_severe.wav,severe,ฉันมีบรรพบุรุษเป็นชาวเชลติก,3.8149
cv_0649,common_voice_ext,data/common_voice_ext/cv_0649.wav,data/distorted_cv_ext/cv_0649_severe.wav,severe,พรมปูพื้นผืนนี้ปราณีตจริง,4.2435
cv_0650,common_voice_ext,data/common_voice_ext/cv_0650.wav,data/distorted_cv_ext/cv_0650_severe.wav,severe,เขากำลังทำงานอยู่,3.08
cv_0651,common_voice_ext,data/common_voice_ext/cv_0651.wav,data/distorted_cv_ext/cv_0651_severe.wav,severe,ฉันไม่รู้ว่าอะไรเป็นอะไร,3.446
cv_0652,common_voice_ext,data/common_voice_ext/cv_0652.wav,data/distorted_cv_ext/cv_0652_severe.wav,severe,กิ่งก้านปลิดออกมาจากลำต้น หมายความว่ามันไม่อาจส่งน้ำหล่อเลี้ยงขึ้นไปถึงยอดได้อย่างเหมาะสม,8.7427
cv_0653,common_voice_ext,data/common_voice_ext/cv_0653.wav,data/distorted_cv_ext/cv_0653_severe.wav,severe,เลิกสัญญา,3.1661
cv_0654,common_voice_ext,data/common_voice_ext/cv_0654.wav,data/distorted_cv_ext/cv_0654_severe.wav,severe,ค่ะ มาดาม สาวใช้ตอบผู้เป็นนายของเธอ,6.0144
cv_0655,common_voice_ext,data/common_voice_ext/cv_0655.wav,data/distorted_cv_ext/cv_0655_severe.wav,severe,ฉันเสียสมดุลและพุ่งตกลงไปในโคลน,4.0849
cv_0656,common_voice_ext,data/common_voice_ext/cv_0656.wav,data/distorted_cv_ext/cv_0656_severe.wav,severe,เปิดระดับเสียงให้ถึงสิบเอ็ด,4.9639
cv_0657,common_voice_ext,data/common_voice_ext/cv_0657.wav,data/distorted_cv_ext/cv_0657_severe.wav,severe,ฉันไม่เห็นด้วยกับสีที่คุณแนะนำให้ทากำแพงอันนี้,5.4679
cv_0658,common_voice_ext,data/common_voice_ext/cv_0658.wav,data/distorted_cv_ext/cv_0658_severe.wav,severe,สงสัยต่อไปนี้ จะเหลือคนที่คุณจะคุยด้วยน้อยลงนะ,5.4161
cv_0659,common_voice_ext,data/common_voice_ext/cv_0659.wav,data/distorted_cv_ext/cv_0659_severe.wav,severe,ฉันใช้โทรศัพท์บ้านไม่บ่อยนัก,3.3167
cv_0660,common_voice_ext,data/common_voice_ext/cv_0660.wav,data/distorted_cv_ext/cv_0660_severe.wav,severe,คลินิก,2.2781
cv_0661,common_voice_ext,data/common_voice_ext/cv_0661.wav,data/distorted_cv_ext/cv_0661_severe.wav,severe,ฉันต้องการจ้างรถในช่วงสุดสัปดาห์,4.1046
cv_0662,common_voice_ext,data/common_voice_ext/cv_0662.wav,data/distorted_cv_ext/cv_0662_severe.wav,severe,เพราะว่าฉันหมายความว่าไม่มีทางที่จะผิดพลาด,5.7526
cv_0663,common_voice_ext,data/common_voice_ext/cv_0663.wav,data/distorted_cv_ext/cv_0663_severe.wav,severe,ฉันไม่รู้ว่าทำไมมันทำให้ฉันโมโห,4.1719
cv_0664,common_voice_ext,data/common_voice_ext/cv_0664.wav,data/distorted_cv_ext/cv_0664_severe.wav,severe,ทำไม โอ้ ทำไมการเปิดประตูแลททิซถึงไม่มีเสียงรบกวน,7.2926
cv_0665,common_voice_ext,data/common_voice_ext/cv_0665.wav,data/distorted_cv_ext/cv_0665_severe.wav,severe,ให้ประสานงานกับสมาชิกคนอื่น ๆ และหารือเกี่ยวกับปัญหานี้ในภายหลัง,6.8519
cv_0666,common_voice_ext,data/common_voice_ext/cv_0666.wav,data/distorted_cv_ext/cv_0666_severe.wav,severe,เขาพบว่าห้องนอนมีช่องแสงลอดจากบริเวณเตียง,4.6792
cv_0667,common_voice_ext,data/common_voice_ext/cv_0667.wav,data/distorted_cv_ext/cv_0667_severe.wav,severe,ฉันรู้สึกไม่มั่นคงแม้กระทั่งสำหรับเรื่องนั้น,4.5092
cv_0668,common_voice_ext,data/common_voice_ext/cv_0668.wav,data/distorted_cv_ext/cv_0668_severe.wav,severe,เดินขบวนทหารผ่านเนินเขาลูกต่อไป,4.6686
cv_0669,common_voice_ext,data/common_voice_ext/cv_0669.wav,data/distorted_cv_ext/cv_0669_severe.wav,severe,ผู้ปกครองอ่อนโยนต่อเด็กทารกที่ร้องไห้,4.5587
cv_0670,common_voice_ext,data/common_voice_ext/cv_0670.wav,data/distorted_cv_ext/cv_0670_severe.wav,severe,พวกนั้นเยาะเย้ยเขาด้วยการเลียนแบบท่าทางของเขาทั้งหมด,4.8428
cv_0671,common_voice_ext,data/common_voice_ext/cv_0671.wav,data/distorted_cv_ext/cv_0671_severe.wav,severe,คุณจะเจอพืชเจ้าถิ่นหลายชนิดในสนามแห่งนี้,4.7197
cv_0672,common_voice_ext,data/common_voice_ext/cv_0672.wav,data/distorted_cv_ext/cv_0672_severe.wav,severe,มา มา ทั้งหมดนี่คืออะไร,2.9776
cv_0673,common_voice_ext,data/common_voice_ext/cv_0673.wav,data/distorted_cv_ext/cv_0673_severe.wav,severe,เธออาจจะเชื่อฉันได้นะ หลานริชาร์ด,4.4554
cv_0674,common_voice_ext,data/common_voice_ext/cv_0674.wav,data/distorted_cv_ext/cv_0674_severe.wav,severe,สบู่สามารถใช้ขจัดคราบสกปรกได้,4.2363
cv_0675,common_voice_ext,data/common_voice_ext/cv_0675.wav,data/distorted_cv_ext/cv_0675_severe.wav,severe,ดี คุณต้องการอะไร,2.7034
cv_0676,common_voice_ext,data/common_voice_ext/cv_0676.wav,data/distorted_cv_ext/cv_0676_severe.wav,severe,หนูตัวนั้นรับรู้ได้ถึงความโกรธของฉัน,4.4151
cv_0677,common_voice_ext,data/common_voice_ext/cv_0677.wav,data/distorted_cv_ext/cv_0677_severe.wav,severe,ทางนี้ตรงไปถึงบ้าน,2.8108
cv_0678,common_voice_ext,data/common_voice_ext/cv_0678.wav,data/distorted_cv_ext/cv_0678_severe.wav,severe,ฉันหาทางออกไม่ได้เลย,3.52
cv_0679,common_voice_ext,data/common_voice_ext/cv_0679.wav,data/distorted_cv_ext/cv_0679_severe.wav,severe,นายจุรินทร์ ลักษณวิศิษฏ์,3.7798
cv_0680,common_voice_ext,data/common_voice_ext/cv_0680.wav,data/distorted_cv_ext/cv_0680_severe.wav,severe,เครือโรงเรียนสารสาสน์วิเทศมีขนาดใหญ่,5.3771
cv_0681,common_voice_ext,data/common_voice_ext/cv_0681.wav,data/distorted_cv_ext/cv_0681_severe.wav,severe,นายศักดิ์สยาม ชิดชอบ,2.9934
cv_0682,common_voice_ext,data/common_voice_ext/cv_0682.wav,data/distorted_cv_ext/cv_0682_severe.wav,severe,ให้ฉันได้ยิน เขาพูดหนักหนา,3.5406
cv_0683,common_voice_ext,data/common_voice_ext/cv_0683.wav,data/distorted_cv_ext/cv_0683_severe.wav,severe,มันเกิดขึ้นได้อย่างไร,3.6266
cv_0684,common_voice_ext,data/common_voice_ext/cv_0684.wav,data/distorted_cv_ext/cv_0684_severe.wav,severe,ความคิดสร้างสรรค์ไม่ใช่สิ่งที่พิเศษสำหรับมนุษย์,4.2126
cv_0685,common_voice_ext,data/common_voice_ext/cv_0685.wav,data/distorted_cv_ext/cv_0685_severe.wav,severe,คุณคิดอย่างไร ?,2.5439
cv_0686,common_voice_ext,data/common_voice_ext/cv_0686.wav,data/distorted_cv_ext/cv_0686_severe.wav,severe,อะไรที่ได้มาจากการโกหกมักจะสูญเสียไปเร็ว,4.1914
cv_0687,common_voice_ext,data/common_voice_ext/cv_0687.wav,data/distorted_cv_ext/cv_0687_severe.wav,severe,ฝนน่าจะตกพรุ่งนี้,2.8406
cv_0688,common_voice_ext,data/common_voice_ext/cv_0688.wav,data/distorted_cv_ext/cv_0688_severe.wav,severe,ถ้าเป็นอย่างนั้น มันดีกว่าที่เขาจะไม่รู้อะไรเลย,4.4698
cv_0689,common_voice_ext,data/common_voice_ext/cv_0689.wav,data/distorted_cv_ext/cv_0689_severe.wav,severe,ฉันเชื่อว่าเธอมีความเกี่ยวข้องกับฉันไม่ทางใดก็ทางหนึ่ง,5.5356
cv_0690,common_voice_ext,data/common_voice_ext/cv_0690.wav,data/distorted_cv_ext/cv_0690_severe.wav,severe,อย่างแรก เส้นทางการค้าทางบกระหว่างทิศตะวันออกกับตะวันตกถูกตัดขาด,7.1578
cv_0691,common_voice_ext,data/common_voice_ext/cv_0691.wav,data/distorted_cv_ext/cv_0691_severe.wav,severe,คุณมาที่นี่ได้อย่างไร,3.6258
cv_0692,common_voice_ext,data/common_voice_ext/cv_0692.wav,data/distorted_cv_ext/cv_0692_severe.wav,severe,เขาพบว่าในกลุ่มไม่ได้เข้ากันมากนัก,4.3945
cv_0693,common_voice_ext,data/common_voice_ext/cv_0693.wav,data/distorted_cv_ext/cv_0693_severe.wav,severe,ฉันมีรายชื่อผู้สมัครที่จะมาแทนที่คุณ,4.8283
cv_0694,common_voice_ext,data/common_voice_ext/cv_0694.wav,data/distorted_cv_ext/cv_0694_severe.wav,severe,ฉันกำลังซ่อมเร้าเตอร์อย่างยากลำบาก,6.3457
cv_0695,common_voice_ext,data/common_voice_ext/cv_0695.wav,data/distorted_cv_ext/cv_0695_severe.wav,severe,สวิตซ์อันสุดท้ายปิดไม่ได้,2.8222
cv_0696,common_voice_ext,data/common_voice_ext/cv_0696.wav,data/distorted_cv_ext/cv_0696_severe.wav,severe,ขับไปรอบวงเวียน และขับออกตรงทางออกที่สาม,4.9374
cv_0697,common_voice_ext,data/common_voice_ext/cv_0697.wav,data/distorted_cv_ext/cv_0697_severe.wav,severe,ใครก็ตามที่เพิ่งดัดผมมาไม่ควรให้ผมเปียกน้ำ,5.5446
cv_0698,common_voice_ext,data/common_voice_ext/cv_0698.wav,data/distorted_cv_ext/cv_0698_severe.wav,severe,คนซื้อเชิญระมัดระวังด้วย,3.7363
cv_0699,common_voice_ext,data/common_voice_ext/cv_0699.wav,data/distorted_cv_ext/cv_0699_severe.wav,severe,เมฆสีชมพูลอยไปกับสายลม,3.3444
cv_0700,common_voice_ext,data/common_voice_ext/cv_0700.wav,data/distorted_cv_ext/cv_0700_severe.wav,severe,ฉันดีในด้านการฟังอย่างตั้งใจ,4.6299
cv_0701,common_voice_ext,data/common_voice_ext/cv_0701.wav,data/distorted_cv_ext/cv_0701_severe.wav,severe,คุณไม่รู้จุดยืนหรอ,2.7741
cv_0702,common_voice_ext,data/common_voice_ext/cv_0702.wav,data/distorted_cv_ext/cv_0702_severe.wav,severe,ซีเลียหันหลังให้แฮร์รี่อีกครั้ง,3.8478
cv_0703,common_voice_ext,data/common_voice_ext/cv_0703.wav,data/distorted_cv_ext/cv_0703_severe.wav,severe,หลายรัฐในตอนนี้ไม่ได้ใช้เวลาออมแสงแดด,3.5019
cv_0704,common_voice_ext,data/common_voice_ext/cv_0704.wav,data/distorted_cv_ext/cv_0704_severe.wav,severe,กฎหมายทำให้ฉันเป็นคนผิดแต่ฉันไม่ได้ทำให้ใครเจ็บ,5.6472
cv_0705,common_voice_ext,data/common_voice_ext/cv_0705.wav,data/distorted_cv_ext/cv_0705_severe.wav,severe,นั่นคือหมายเลขสาม,2.2222
cv_0706,common_voice_ext,data/common_voice_ext/cv_0706.wav,data/distorted_cv_ext/cv_0706_severe.wav,severe,รัฐมนตรีว่าการกระทรวงพาณิชย์,3.9873
cv_0707,common_voice_ext,data/common_voice_ext/cv_0707.wav,data/distorted_cv_ext/cv_0707_severe.wav,severe,ไก่กาทุกตัวส่งเสียงดังด้วยตัวของมันเอง,4.2257
cv_0708,common_voice_ext,data/common_voice_ext/cv_0708.wav,data/distorted_cv_ext/cv_0708_severe.wav,severe,ถ้าคุณไม่เชื่อฉัน คุณควรที่จะไปอ่านงานเขียนของตัวเองนะ,5.6593
cv_0709,common_voice_ext,data/common_voice_ext/cv_0709.wav,data/distorted_cv_ext/cv_0709_severe.wav,severe,ไม่มีอะไร อลิซพูดอย่างหมดความอดทน,4.5752
cv_0710,common_voice_ext,data/common_voice_ext/cv_0710.wav,data/distorted_cv_ext/cv_0710_severe.wav,severe,สิ่งสกปรกสนิมและอนุภาคตกค้างทำให้อากาศเสีย,5.1011
cv_0711,common_voice_ext,data/common_voice_ext/cv_0711.wav,data/distorted_cv_ext/cv_0711_severe.wav,severe,การชุมนุมของผู้คนที่มารวมตัวกันข้างนอกเพื่อที่จะพบปะกับผู้มีชื่อเสียง,6.4478
cv_0712,common_voice_ext,data/common_voice_ext/cv_0712.wav,data/distorted_cv_ext/cv_0712_severe.wav,severe,การสอนเด็กต้องใช้ความเข้าอกเข้าใจ ห้ามใช้ความรุนแรง,5.6704
cv_0713,common_voice_ext,data/common_voice_ext/cv_0713.wav,data/distorted_cv_ext/cv_0713_severe.wav,severe,ตอนนั้นหุ่นไล่กาได้นั่งบนหินก้อนใหญ่,4.7419
cv_0714,common_voice_ext,data/common_voice_ext/cv_0714.wav,data/distorted_cv_ext/cv_0714_severe.wav,severe,ฉันเห็นว่าฉันควรทำตัวเองให้ชัดเจนขึ้น,5.2503
cv_0715,common_voice_ext,data/common_voice_ext/cv_0715.wav,data/distorted_cv_ext/cv_0715_severe.wav,severe,ชีวิตจะต้องอยู่ในขอบเขตของความสุข,3.898
cv_0716,common_voice_ext,data/common_voice_ext/cv_0716.wav,data/distorted_cv_ext/cv_0716_severe.wav,severe,ร้านค้าของเขาถูกขนานนามว่าเป็น ศาลสูงสุด,4.5548
cv_0717,common_voice_ext,data/common_voice_ext/cv_0717.wav,data/distorted_cv_ext/cv_0717_severe.wav,severe,มาโยแข็งแรงแล้วให้สีสวย,3.6137
cv_0718,common_voice_ext,data/common_voice_ext/cv_0718.wav,data/distorted_cv_ext/cv_0718_severe.wav,severe,ฉันจะบอกคุณ,4.3089
cv_0719,common_voice_ext,data/common_voice_ext/cv_0719.wav,data/distorted_cv_ext/cv_0719_severe.wav,severe,พวกเราต่างก็ไม่เหลือจินแล้ว : ส่งความช่วยเหลือไป !,5.8239
cv_0720,common_voice_ext,data/common_voice_ext/cv_0720.wav,data/distorted_cv_ext/cv_0720_severe.wav,severe,ในที่สุดฉันก็เจอคุณ,4.5349
cv_0721,common_voice_ext,data/common_voice_ext/cv_0721.wav,data/distorted_cv_ext/cv_0721_severe.wav,severe,เธอปล่อยลูกอ๊อดกลับไปที่สระน้ำ,3.7778
cv_0722,common_voice_ext,data/common_voice_ext/cv_0722.wav,data/distorted_cv_ext/cv_0722_severe.wav,severe,สถานที่นี้ไม่สามารถเข้าถึงได้โดยรถยนต์เนื่องจากสะพานหัก,5.8311
cv_0723,common_voice_ext,data/common_voice_ext/cv_0723.wav,data/distorted_cv_ext/cv_0723_severe.wav,severe,คนที่ช้าและเสถียรจะชนะการแข่งขัน,5.2639
cv_0724,common_voice_ext,data/common_voice_ext/cv_0724.wav,data/distorted_cv_ext/cv_0724_severe.wav,severe,ริ้นพูดว่า มันเกิดขึ้นแบบนี้ตลอดแหละ,5.7616
cv_0725,common_voice_ext,data/common_voice_ext/cv_0725.wav,data/distorted_cv_ext/cv_0725_severe.wav,severe,หนึ่งในปัญหาที่ใหญ่ที่สุดของโลกคือการเติบโตของประชากรมนุษย์,7.5173
cv_0726,common_voice_ext,data/common_voice_ext/cv_0726.wav,data/distorted_cv_ext/cv_0726_severe.wav,severe,ถูก ถ้าหากไม่มีใครมารบกวนเราน่าจะทำมันเสร็จ,6.1494
cv_0727,common_voice_ext,data/common_voice_ext/cv_0727.wav,data/distorted_cv_ext/cv_0727_severe.wav,severe,คริสทีนให้คุณค่ากับอิสระของเธอ แล้วเธอจะไม่มีทางปฏิเสธใครที่ให้สิทธิ์นั้นแก่เธอ,8.5514
cv_0728,common_voice_ext,data/common_voice_ext/cv_0728.wav,data/distorted_cv_ext/cv_0728_severe.wav,severe,เกมส์บันไดงูเป็นเกมส์เสี่ยงโชค,4.4309
cv_0729,common_voice_ext,data/common_voice_ext/cv_0729.wav,data/distorted_cv_ext/cv_0729_severe.wav,severe,โปรดตรวจสอบว่าการบันทึกของคุณไม่ถูกตัดออก,4.7856
cv_0730,common_voice_ext,data/common_voice_ext/cv_0730.wav,data/distorted_cv_ext/cv_0730_severe.wav,severe,คุณเป็นเด็กดีคุณรู้ไหม เขาบอกลูกชายของเขาด้วยสายตาที่เข้มงวด,6.1964
cv_0731,common_voice_ext,data/common_voice_ext/cv_0731.wav,data/distorted_cv_ext/cv_0731_severe.wav,severe,ทุกคนอยู่ในความสงบ มันเป็นแค่ลูกมังกร,5.4393
cv_0732,common_voice_ext,data/common_voice_ext/cv_0732.wav,data/distorted_cv_ext/cv_0732_severe.wav,severe,บ้านหลังใหญ่มีน้ำก๊อกร้อน,3.7171
cv_0733,common_voice_ext,data/common_voice_ext/cv_0733.wav,data/distorted_cv_ext/cv_0733_severe.wav,severe,ไม่เรียกเก็บเงิน ยกเว้นค่าปันส่วน,4.4047
cv_0734,common_voice_ext,data/common_voice_ext/cv_0734.wav,data/distorted_cv_ext/cv_0734_severe.wav,severe,การพัฒนาพื้นที่เศรษฐกิจและการกระจายความเจริญสู่ภูมิภาค,6.0068
cv_0735,common_voice_ext,data/common_voice_ext/cv_0735.wav,data/distorted_cv_ext/cv_0735_severe.wav,severe,ทำไมห้วยถึงคลุมรอบ ?,2.7768
cv_0736,common_voice_ext,data/common_voice_ext/cv_0736.wav,data/distorted_cv_ext/cv_0736_severe.wav,severe,ฉันกลัวเพื่อนของฉันเขาพูดอย่างหนักหน่วง,4.805
cv_0737,common_voice_ext,data/common_voice_ext/cv_0737.wav,data/distorted_cv_ext/cv_0737_severe.wav,severe,ก่อนหน้านี้มาได้ไง,3.1218
cv_0738,common_voice_ext,data/common_voice_ext/cv_0738.wav,data/distorted_cv_ext/cv_0738_severe.wav,severe,ทุกส่วนของร่างกายเธอสั่นไหวไปด้วยความสะอื้นของเธอ,6.9332
cv_0739,common_voice_ext,data/common_voice_ext/cv_0739.wav,data/distorted_cv_ext/cv_0739_severe.wav,severe,ไม่ใช่อะไรสลักสำคัญ. ทหารตอบกลับ,5.1526
cv_0740,common_voice_ext,data/common_voice_ext/cv_0740.wav,data/distorted_cv_ext/cv_0740_severe.wav,severe,ฉันหมายถึงฉันไม่เข้าใจ ก็เท่านั้น อลิซพูด,6.8038
cv_0741,common_voice_ext,data/common_voice_ext/cv_0741.wav,data/distorted_cv_ext/cv_0741_severe.wav,severe,ฉันไม่กลัวคุณ,2.8982
cv_0742,common_voice_ext,data/common_voice_ext/cv_0742.wav,data/distorted_cv_ext/cv_0742_severe.wav,severe,การอ่านเริ่มต้นบ่งบอกว่าการไหลเข้าของสารเคมีที่เป็นพิษ,5.1293
cv_0743,common_voice_ext,data/common_voice_ext/cv_0743.wav,data/distorted_cv_ext/cv_0743_severe.wav,severe,โรงเรียนควรจัดการอย่างเด็ดขาดกับนักเรียนที่ชอบแกล้งเพื่อน,4.5012
cv_0744,common_voice_ext,data/common_voice_ext/cv_0744.wav,data/distorted_cv_ext/cv_0744_severe.wav,severe,เขาเขียนชื่อตัวหนาบนหัวกระดาษ,3.5104
cv_0745,common_voice_ext,data/common_voice_ext/cv_0745.wav,data/distorted_cv_ext/cv_0745_severe.wav,severe,กล้องถ่ายรูปของคุณคือแคนนอนหรือนิคอน,5.4619
cv_0746,common_voice_ext,data/common_voice_ext/cv_0746.wav,data/distorted_cv_ext/cv_0746_severe.wav,severe,แก๊งที่เป็นมิตรออกจากร้านขายยา,4.8061
cv_0747,common_voice_ext,data/common_voice_ext/cv_0747.wav,data/distorted_cv_ext/cv_0747_severe.wav,severe,โอ้ คุณจะไม่เป็นอะไร ฉันพูด,3.8309
cv_0748,common_voice_ext,data/common_voice_ext/cv_0748.wav,data/distorted_cv_ext/cv_0748_severe.wav,severe,เพชรคือนิรันดร์,3.2209
cv_0749,common_voice_ext,data/common_voice_ext/cv_0749.wav,data/distorted_cv_ext/cv_0749_severe.wav,severe,ฉันอยากให้เธอพิจารณาคำแนะนำของฉันอย่างละเอียดรอบคอบ,5.5923
cv_0750,common_voice_ext,data/common_voice_ext/cv_0750.wav,data/distorted_cv_ext/cv_0750_severe.wav,severe,ถ้าพวกเราทั้งหมดจะเข้าร่วมกองกำลัง,5.6396
cv_0751,common_voice_ext,data/common_voice_ext/cv_0751.wav,data/distorted_cv_ext/cv_0751_severe.wav,severe,การตีลูกคือการทำร้ายลูก ไม่ใช่ความรัก,6.2896
cv_0752,common_voice_ext,data/common_voice_ext/cv_0752.wav,data/distorted_cv_ext/cv_0752_severe.wav,severe,มันสำคัญแล้วล่ะตอนนี้,3.3689
cv_0753,common_voice_ext,data/common_voice_ext/cv_0753.wav,data/distorted_cv_ext/cv_0753_severe.wav,severe,ฟังฉันเขาพูดอย่างเคร่งขรึม,5.4523
cv_0754,common_voice_ext,data/common_voice_ext/cv_0754.wav,data/distorted_cv_ext/cv_0754_severe.wav,severe,ก้าวแรกมักจะยากเสมอ,3.6519
cv_0755,common_voice_ext,data/common_voice_ext/cv_0755.wav,data/distorted_cv_ext/cv_0755_severe.wav,severe,พรมใกล้กับกันชน,3.7434
cv_0756,common_voice_ext,data/common_voice_ext/cv_0756.wav,data/distorted_cv_ext/cv_0756_severe.wav,severe,ทุกคนต้องการซื้อฟักทองสำหรับวันฮาโลวีน,5.6653
cv_0757,common_voice_ext,data/common_voice_ext/cv_0757.wav,data/distorted_cv_ext/cv_0757_severe.wav,severe,นอกจากนี้เขายังกล่าวเสริมอีกว่า“ ฉันจะทำให้พวกเขาอับอาย”,7.9701
cv_0758,common_voice_ext,data/common_voice_ext/cv_0758.wav,data/distorted_cv_ext/cv_0758_severe.wav,severe,พาเขามาเป็นความหายนะ,3.7516
cv_0759,common_voice_ext,data/common_voice_ext/cv_0759.wav,data/distorted_cv_ext/cv_0759_severe.wav,severe,ฉันบ้าเหมือนแม่ไก่ที่เปียก,3.022
cv_0760,common_voice_ext,data/common_voice_ext/cv_0760.wav,data/distorted_cv_ext/cv_0760_severe.wav,severe,คุณร้องไห้เกี่ยวกับเรื่องอะไร,4.6286
cv_0761,common_voice_ext,data/common_voice_ext/cv_0761.wav,data/distorted_cv_ext/cv_0761_severe.wav,severe,ติดไม้ยมกหรือเปล่าครับ,3.9056
cv_0762,common_voice_ext,data/common_voice_ext/cv_0762.wav,data/distorted_cv_ext/cv_0762_severe.wav,severe,ฉันรู้สึกดีใจกับความคิดเห็นที่ดีของคุณ,4.5213
cv_0763,common_voice_ext,data/common_voice_ext/cv_0763.wav,data/distorted_cv_ext/cv_0763_severe.wav,severe,ไปพบเคช่า เธอเป็นนักแอนนิเมชั่นคอมพิวเตอร์ของเรา,5.5088
cv_0764,common_voice_ext,data/common_voice_ext/cv_0764.wav,data/distorted_cv_ext/cv_0764_severe.wav,severe,การรวมกันของทุนแคนาดาได้อย่างรวดเร็วจัดและยื่นคำร้องเพื่อรับสิทธิพิเศษเดียวกัน,9.2589
cv_0765,common_voice_ext,data/common_voice_ext/cv_0765.wav,data/distorted_cv_ext/cv_0765_severe.wav,severe,ทำให้การลงทุนและผลตอบแทนได้ผลมากขึ้น,5.0065
cv_0766,common_voice_ext,data/common_voice_ext/cv_0766.wav,data/distorted_cv_ext/cv_0766_severe.wav,severe,ฉันมั่นใจฉันไม่สามารถ,4.5116
cv_0767,common_voice_ext,data/common_voice_ext/cv_0767.wav,data/distorted_cv_ext/cv_0767_severe.wav,severe,ฉันเข้าใจคุณอย่างมาก,3.5848
cv_0768,common_voice_ext,data/common_voice_ext/cv_0768.wav,data/distorted_cv_ext/cv_0768_severe.wav,severe,แน่นอนคุณพูดอย่างถูกต้องนายท่านเป็นคนฉลาด,5.3867
cv_0769,common_voice_ext,data/common_voice_ext/cv_0769.wav,data/distorted_cv_ext/cv_0769_severe.wav,severe,ตอนนี้เค้าอยู่ที่ไหนกัน,3.4478
cv_0770,common_voice_ext,data/common_voice_ext/cv_0770.wav,data/distorted_cv_ext/cv_0770_severe.wav,severe,ฉันขอบคุณคุณพลาด เขาพูด,4.1303
cv_0771,common_voice_ext,data/common_voice_ext/cv_0771.wav,data/distorted_cv_ext/cv_0771_severe.wav,severe,เพื่อนชอบแกล้งพอแจ้งครู กลับไม่มีอะไรเปลี่ยนแปลง,6.5919
cv_0772,common_voice_ext,data/common_voice_ext/cv_0772.wav,data/distorted_cv_ext/cv_0772_severe.wav,severe,เดี๋ยวนี้ฉันพูดน้อยกว่าแต่ก่อน,4.2059
cv_0773,common_voice_ext,data/common_voice_ext/cv_0773.wav,data/distorted_cv_ext/cv_0773_severe.wav,severe,ทำไมเธอถึงสวยขนาดนี้,3.8542
cv_0774,common_voice_ext,data/common_voice_ext/cv_0774.wav,data/distorted_cv_ext/cv_0774_severe.wav,severe,เขาพกเงินไว้ในกระเป๋าคาดเอว,4.3358
cv_0775,common_voice_ext,data/common_voice_ext/cv_0775.wav,data/distorted_cv_ext/cv_0775_severe.wav,severe,ดูเหมือนว่าเธอไม่ค่อยรู้เรื่องเราเท่าที่เธอคิดนะ,5.7098
cv_0776,common_voice_ext,data/common_voice_ext/cv_0776.wav,data/distorted_cv_ext/cv_0776_severe.wav,severe,รัฐบาลแบนการส่งออกของปู,4.4687
cv_0777,common_voice_ext,data/common_voice_ext/cv_0777.wav,data/distorted_cv_ext/cv_0777_severe.wav,severe,มันไม่เพียงแต่พวกเขาดูแตกต่าง พวกเขาแตกต่าง,5.4232
cv_0778,common_voice_ext,data/common_voice_ext/cv_0778.wav,data/distorted_cv_ext/cv_0778_severe.wav,severe,ทัศนคติในอดีตของเขาดูเหมือนจะกลับมาหาเขา,6.8291
cv_0779,common_voice_ext,data/common_voice_ext/cv_0779.wav,data/distorted_cv_ext/cv_0779_severe.wav,severe,มันคือเลขนั้น,3.0596
cv_0780,common_voice_ext,data/common_voice_ext/cv_0780.wav,data/distorted_cv_ext/cv_0780_severe.wav,severe,พื้นที่นั้นเรียบง่าย เกือบจะไม่มีอะไรเลย,5.3456
cv_0781,common_voice_ext,data/common_voice_ext/cv_0781.wav,data/distorted_cv_ext/cv_0781_severe.wav,severe,นักธุรกิจที่เห็นแก่ตัวมักให้ความสำคัญกับตัวเองเสมอเนื่องจากพวกเขากำลังลังเล,8.4219
cv_0782,common_voice_ext,data/common_voice_ext/cv_0782.wav,data/distorted_cv_ext/cv_0782_severe.wav,severe,ฉันอาจจะมาด้วยเหรอ ? นายริคาร์โด้ร้องอย่างกระตือรือร้น,6.5686
cv_0783,common_voice_ext,data/common_voice_ext/cv_0783.wav,data/distorted_cv_ext/cv_0783_severe.wav,severe,ไม่มีใครอยากจะทะเลาะกับฉันในบาร์ที่คนเต็มไปหมด งั้นทำไมนายไม่รอข้างนอกนี้ล่ะ,9.0162
cv_0784,common_voice_ext,data/common_voice_ext/cv_0784.wav,data/distorted_cv_ext/cv_0784_severe.wav,severe,อย่าเป็นคาทอลิกมากกว่าพระสันตะปาปา,5.1931
cv_0785,common_voice_ext,data/common_voice_ext/cv_0785.wav,data/distorted_cv_ext/cv_0785_severe.wav,severe,ในวรรคนี้ฉันต้องการขีดเส้นใต้ความรุนแรงของเหตุการณ์ที่โรงกลั่น,5.8918
cv_0786,common_voice_ext,data/common_voice_ext/cv_0786.wav,data/distorted_cv_ext/cv_0786_severe.wav,severe,การติดเชื้อจะกระจายไปยังหัวใจหากไม่ได้รับการรักษา,5.9811
cv_0787,common_voice_ext,data/common_voice_ext/cv_0787.wav,data/distorted_cv_ext/cv_0787_severe.wav,severe,ขนแมวถูกเรียกได้หลากหลายชื่อ,4.2287
cv_0788,common_voice_ext,data/common_voice_ext/cv_0788.wav,data/distorted_cv_ext/cv_0788_severe.wav,severe,นายพิพัฒน์ รัชกิจประการ,4.3516
cv_0789,common_voice_ext,data/common_voice_ext/cv_0789.wav,data/distorted_cv_ext/cv_0789_severe.wav,severe,คนที่คล่องแคล่วว่องไวสามารถ ชนะคะแนนนี้,5.2713
cv_0790,common_voice_ext,data/common_voice_ext/cv_0790.wav,data/distorted_cv_ext/cv_0790_severe.wav,severe,มันจะเป็นไปได้ยังไง,2.7127
cv_0791,common_voice_ext,data/common_voice_ext/cv_0791.wav,data/distorted_cv_ext/cv_0791_severe.wav,severe,คุณขโมยทิปของพนักงานเสิร์ฟไม่ได้ !,4.1684
cv_0792,common_voice_ext,data/common_voice_ext/cv_0792.wav,data/distorted_cv_ext/cv_0792_severe.wav,severe,ช่างไม้ให้ส่วนลดฉันร้อยละยี่สิบ,4.1726
cv_0793,common_voice_ext,data/common_voice_ext/cv_0793.wav,data/distorted_cv_ext/cv_0793_severe.wav,severe,สถานะของคุณคืออะไร,2.9931
cv_0794,common_voice_ext,data/common_voice_ext/cv_0794.wav,data/distorted_cv_ext/cv_0794_severe.wav,severe,อัลลันเป็นเพื่อนที่รักและในอาชีพของเขาผิดพลาด,6.7487
cv_0795,common_voice_ext,data/common_voice_ext/cv_0795.wav,data/distorted_cv_ext/cv_0795_severe.wav,severe,ตำรวจได้ยกเลิกการสอบสวน,3.3311
cv_0796,common_voice_ext,data/common_voice_ext/cv_0796.wav,data/distorted_cv_ext/cv_0796_severe.wav,severe,การเพิกถอนวิชา,3.0216
cv_0797,common_voice_ext,data/common_voice_ext/cv_0797.wav,data/distorted_cv_ext/cv_0797_severe.wav,severe,อลิซในดินแดนมหัศจรรย์เป็นหนังสือชื่อดังสำหรับเด็ก โดยเลวิส แคโรล,5.135
cv_0798,common_voice_ext,data/common_voice_ext/cv_0798.wav,data/distorted_cv_ext/cv_0798_severe.wav,severe,ลูกค้าถูกเสมอ หรือว่าเขาบอกว่าแบบนั้น,5.2168
cv_0799,common_voice_ext,data/common_voice_ext/cv_0799.wav,data/distorted_cv_ext/cv_0799_severe.wav,severe,ฉันชอบน้ำส้มนิดหน่อย,2.4381
cv_0800,common_voice_ext,data/common_voice_ext/cv_0800.wav,data/distorted_cv_ext/cv_0800_severe.wav,severe,เขาเรียกเช็คบิลและจ่ายเงิน,3.0258
cv_0801,common_voice_ext,data/common_voice_ext/cv_0801.wav,data/distorted_cv_ext/cv_0801_severe.wav,severe,ฉันจะบอกคุณว่าฉันต้องการให้คุณทำอะไร,3.9782
cv_0802,common_voice_ext,data/common_voice_ext/cv_0802.wav,data/distorted_cv_ext/cv_0802_severe.wav,severe,ลุกขึ้นสู้,3.1035
cv_0803,common_voice_ext,data/common_voice_ext/cv_0803.wav,data/distorted_cv_ext/cv_0803_severe.wav,severe,เธอเป็นภาพที่สมบูรณ์แบบของคนรับใช้ที่รู้จักสถานที่ของเธอ,6.3434
cv_0804,common_voice_ext,data/common_voice_ext/cv_0804.wav,data/distorted_cv_ext/cv_0804_severe.wav,severe,กษัตริย์ปกครองรัฐในช่วงอดีต,3.558
cv_0805,common_voice_ext,data/common_voice_ext/cv_0805.wav,data/distorted_cv_ext/cv_0805_severe.wav,severe,ฉันจะค้นห้องนี้ทุกซอกทุกมุม,2.2642
cv_0806,common_voice_ext,data/common_voice_ext/cv_0806.wav,data/distorted_cv_ext/cv_0806_severe.wav,severe,นี่คือผู้ชมรุ่นใหม่หรือไม่,3.4858
cv_0807,common_voice_ext,data/common_voice_ext/cv_0807.wav,data/distorted_cv_ext/cv_0807_severe.wav,severe,เขารวยนะ พอใจไหม,2.1121
cv_0808,common_voice_ext,data/common_voice_ext/cv_0808.wav,data/distorted_cv_ext/cv_0808_severe.wav,severe,ฉันจะทำอย่างไร,2.7772
cv_0809,common_voice_ext,data/common_voice_ext/cv_0809.wav,data/distorted_cv_ext/cv_0809_severe.wav,severe,อนุญาตให้ฉันจับรอบคอคุณ,3.293
cv_0810,common_voice_ext,data/common_voice_ext/cv_0810.wav,data/distorted_cv_ext/cv_0810_severe.wav,severe,กรุณาเงียบด้วยท่าน,2.4458
cv_0811,common_voice_ext,data/common_voice_ext/cv_0811.wav,data/distorted_cv_ext/cv_0811_severe.wav,severe,ฉันซึมซับทุกอย่างที่อาจารย์ต้องพูด,2.9201
cv_0812,common_voice_ext,data/common_voice_ext/cv_0812.wav,data/distorted_cv_ext/cv_0812_severe.wav,severe,คุณไม่สงสัยว่าจะมีอันตรายอะไรเลยหรอ ?,3.4653
cv_0813,common_voice_ext,data/common_voice_ext/cv_0813.wav,data/distorted_cv_ext/cv_0813_severe.wav,severe,เธอกล่าวหาว่าเพื่อนของเธอนอกใจในชั้นเรียน,3.7676
cv_0814,common_voice_ext,data/common_voice_ext/cv_0814.wav,data/distorted_cv_ext/cv_0814_severe.wav,severe,โปรตีนมีหน้าที่มากมายในร่างกายมนุษย์,3.4161
cv_0815,common_voice_ext,data/common_voice_ext/cv_0815.wav,data/distorted_cv_ext/cv_0815_severe.wav,severe,เธอทำอะไรไม่ได้นอกจาก 'ราชินีแดงก็ขัดจังหวะ,6.5365
cv_0816,common_voice_ext,data/common_voice_ext/cv_0816.wav,data/distorted_cv_ext/cv_0816_severe.wav,severe,คุณคิดยังไง,3.5572
cv_0817,common_voice_ext,data/common_voice_ext/cv_0817.wav,data/distorted_cv_ext/cv_0817_severe.wav,severe,จงหารูปที่มีอายุมากกว่าห้าสัปดาห์,5.5571
cv_0818,common_voice_ext,data/common_voice_ext/cv_0818.wav,data/distorted_cv_ext/cv_0818_severe.wav,severe,สีหน้าเค้าเปลี่ยนเป็นไม่ชอบใจทันที,4.2111
cv_0819,common_voice_ext,data/common_voice_ext/cv_0819.wav,data/distorted_cv_ext/cv_0819_severe.wav,severe,มันยอดเยี่ยมมากเขาพูดอย่างน่าอัศจรรย์,5.3026
cv_0820,common_voice_ext,data/common_voice_ext/cv_0820.wav,data/distorted_cv_ext/cv_0820_severe.wav,severe,นั่นมันร้อนเกินไปนะ ! ใช้ถุงมือสิ !,5.0511
cv_0821,common_voice_ext,data/common_voice_ext/cv_0821.wav,data/distorted_cv_ext/cv_0821_severe.wav,severe,เธอเป็นคนถักนิตติ้งที่ยอดเยี่ยม,5.3979
cv_0822,common_voice_ext,data/common_voice_ext/cv_0822.wav,data/distorted_cv_ext/cv_0822_severe.wav,severe,ถ้าคุณปวดหัว คุณควรทานยาพาราเซตามอลหรือแอสไพริน,6.105
cv_0823,common_voice_ext,data/common_voice_ext/cv_0823.wav,data/distorted_cv_ext/cv_0823_severe.wav,severe,ประเด็นท้าทายข้างต้นเหล่านี้สามารถสะท้อนให้เห็นถึงความเสี่ยง,5.1928
cv_0824,common_voice_ext,data/common_voice_ext/cv_0824.wav,data/distorted_cv_ext/cv_0824_severe.wav,severe,และจริยธรรม,2.7227
cv_0825,common_voice_ext,data/common_voice_ext/cv_0825.wav,data/distorted_cv_ext/cv_0825_severe.wav,severe,เธอไม่พอใจกับบทสนทนาของเธอ,3.7634
cv_0826,common_voice_ext,data/common_voice_ext/cv_0826.wav,data/distorted_cv_ext/cv_0826_severe.wav,severe,ฉันเชื่อว่ามีแมงมุมจำนวนมากมารวมกันในห้องใต้หลังคา,5.9047
cv_0827,common_voice_ext,data/common_voice_ext/cv_0827.wav,data/distorted_cv_ext/cv_0827_severe.wav,severe,ผมไม่ได้ทำตามคำแนะนำของผมในท้ายที่สุด เขายอมรับอย่างถ่อมตัว,5.7136
cv_0828,common_voice_ext,data/common_voice_ext/cv_0828.wav,data/distorted_cv_ext/cv_0828_severe.wav,severe,คุณหมายถึงอะไรที่จะทำ ?,2.6328
cv_0829,common_voice_ext,data/common_voice_ext/cv_0829.wav,data/distorted_cv_ext/cv_0829_severe.wav,severe,มันเป็นเรื่องที่แย่มาก เขากล่าว,4.1936
cv_0830,common_voice_ext,data/common_voice_ext/cv_0830.wav,data/distorted_cv_ext/cv_0830_severe.wav,severe,ซีเลียขับรถไปเจนีวาเมื่อคืนวาน,4.1317
cv_0831,common_voice_ext,data/common_voice_ext/cv_0831.wav,data/distorted_cv_ext/cv_0831_severe.wav,severe,เขาเข้ามาในห้อง,3.3334
cv_0832,common_voice_ext,data/common_voice_ext/cv_0832.wav,data/distorted_cv_ext/cv_0832_severe.wav,severe,ที่นี่เราอนุญาตให้ทนายดูแลงานด้านกฎหมาย,5.4164
cv_0833,common_voice_ext,data/common_voice_ext/cv_0833.wav,data/distorted_cv_ext/cv_0833_severe.wav,severe,เธอแน่ใจนะว่าเธอไม่ได้โกรธฉัน มา,5.0557
cv_0834,common_voice_ext,data/common_voice_ext/cv_0834.wav,data/distorted_cv_ext/cv_0834_severe.wav,severe,ฉันเป็นยังงั้นเสมอ,4.1386
cv_0835,common_voice_ext,data/common_voice_ext/cv_0835.wav,data/distorted_cv_ext/cv_0835_severe.wav,severe,ในระยะยาว,3.092
cv_0836,common_voice_ext,data/common_voice_ext/cv_0836.wav,data/distorted_cv_ext/cv_0836_severe.wav,severe,“เขาไม่เคยทำร้ายใคร ยกเว้นตัวเขาเอง” จอร์จพูดด้วยรอยยิ้ม,7.0364
cv_0837,common_voice_ext,data/common_voice_ext/cv_0837.wav,data/distorted_cv_ext/cv_0837_severe.wav,severe,เธออยู่ต่ำกว่าเล็กน้อย,3.6435
cv_0838,common_voice_ext,data/common_voice_ext/cv_0838.wav,data/distorted_cv_ext/cv_0838_severe.wav,severe,อย่าเป็นคนมองโลกในแง่ร้าย !,4.558
cv_0839,common_voice_ext,data/common_voice_ext/cv_0839.wav,data/distorted_cv_ext/cv_0839_severe.wav,severe,พื้นที่นี้กำลังก่อสร้างอยู่,3.5824
cv_0840,common_voice_ext,data/common_voice_ext/cv_0840.wav,data/distorted_cv_ext/cv_0840_severe.wav,severe,เธอจะมาช่วยพวกเราใช่ไหม,3.8414
cv_0841,common_voice_ext,data/common_voice_ext/cv_0841.wav,data/distorted_cv_ext/cv_0841_severe.wav,severe,การปรับปรุงระบบสวัสดิการและพัฒนาคุณภาพชีวิตของประชาชน,6.3781
cv_0842,common_voice_ext,data/common_voice_ext/cv_0842.wav,data/distorted_cv_ext/cv_0842_severe.wav,severe,เขามองโดยไม่ละสายตา,3.2622
cv_0843,common_voice_ext,data/common_voice_ext/cv_0843.wav,data/distorted_cv_ext/cv_0843_severe.wav,severe,ฉันมักจะปอกเปลือกแอปเปิ้ลก่อนกินเสมอ,4.9472
cv_0844,common_voice_ext,data/common_voice_ext/cv_0844.wav,data/distorted_cv_ext/cv_0844_severe.wav,severe,เธอดูสงสัยเมื่อเอนพิงกำแพงสังเกตผู้มีชื่อเสียง,7.4106
cv_0845,common_voice_ext,data/common_voice_ext/cv_0845.wav,data/distorted_cv_ext/cv_0845_severe.wav,severe,ฉันไม่ได้ภูมิใจในตัวเขา,3.8392
cv_0846,common_voice_ext,data/common_voice_ext/cv_0846.wav,data/distorted_cv_ext/cv_0846_severe.wav,severe,ฉันจะไม่มีวันลืมสิ่งที่พวกเขาทำให้ฉันจนวันตาย,5.9116
cv_0847,common_voice_ext,data/common_voice_ext/cv_0847.wav,data/distorted_cv_ext/cv_0847_severe.wav,severe,เด็กหญิงตัวน้อย ถอดหมวกเธอออก,4.2246
cv_0848,common_voice_ext,data/common_voice_ext/cv_0848.wav,data/distorted_cv_ext/cv_0848_severe.wav,severe,ระวังหน่อยนะว่าคุณจะไม่ทำอะไรที่เป็นอันตราย,5.4531
cv_0849,common_voice_ext,data/common_voice_ext/cv_0849.wav,data/distorted_cv_ext/cv_0849_severe.wav,severe,ผู้ป่วยที่อายุมากอาจมีอาการเส้นเลือดตีบ,5.7134
cv_0850,common_voice_ext,data/common_voice_ext/cv_0850.wav,data/distorted_cv_ext/cv_0850_severe.wav,severe,ฉันคิดว่าคุณเลือกศัพท์ชาวอินเดีย,4.6101
cv_0851,common_voice_ext,data/common_voice_ext/cv_0851.wav,data/distorted_cv_ext/cv_0851_severe.wav,severe,ตอนนี้แหละคุณหญิง ทนายกล่าวขณะเคาะกุญแจบนเครื่องประดับเตาผิงอย่างเร่งรีบ,7.3604
cv_0852,common_voice_ext,data/common_voice_ext/cv_0852.wav,data/distorted_cv_ext/cv_0852_severe.wav,severe,สิ่งนี้จะนำโลกไปสู่ความวุ่นวาย,5.538
cv_0853,common_voice_ext,data/common_voice_ext/cv_0853.wav,data/distorted_cv_ext/cv_0853_severe.wav,severe,เธอพูดถูก เด็กดีของฉัน,4.0091
cv_0854,common_voice_ext,data/common_voice_ext/cv_0854.wav,data/distorted_cv_ext/cv_0854_severe.wav,severe,เขาได้เติมเต็มหน้าที่ของเขาและทำมันอย่างเหมาะสม,6.0707
cv_0855,common_voice_ext,data/common_voice_ext/cv_0855.wav,data/distorted_cv_ext/cv_0855_severe.wav,severe,ฉันจะเล่าเรื่องของฉันให้ฟัง,4.6701
cv_0856,common_voice_ext,data/common_voice_ext/cv_0856.wav,data/distorted_cv_ext/cv_0856_severe.wav,severe,อย่ายึดถือคำคมมากนัก ควรฝึกใช้เหตุและผล,5.5647
cv_0857,common_voice_ext,data/common_voice_ext/cv_0857.wav,data/distorted_cv_ext/cv_0857_severe.wav,severe,ฉันควรบอกบางสิ่งของผู้หญิงคนนั้นแก่เธอตอนนี้,5.8824
cv_0858,common_voice_ext,data/common_voice_ext/cv_0858.wav,data/distorted_cv_ext/cv_0858_severe.wav,severe,ออกไปเดี๋ยวนี้แล้วค่อยมาอีกที,5.311
cv_0859,common_voice_ext,data/common_voice_ext/cv_0859.wav,data/distorted_cv_ext/cv_0859_severe.wav,severe,การเข้าบริหารราชการแผ่นดินของรัฐบาลในครั้งนี้,4.9844
cv_0860,common_voice_ext,data/common_voice_ext/cv_0860.wav,data/distorted_cv_ext/cv_0860_severe.wav,severe,มังกรหายใจออกมาเป็นละอองไฟยาวสามสิบฟุต,6.0446
cv_0861,common_voice_ext,data/common_voice_ext/cv_0861.wav,data/distorted_cv_ext/cv_0861_severe.wav,severe,บางที ในป่าลึกเข้าไปอีกนิด เธออาจจะพบโชคชะตาของเธอไปแล้วก็ได้,8.2334
cv_0862,common_voice_ext,data/common_voice_ext/cv_0862.wav,data/distorted_cv_ext/cv_0862_severe.wav,severe,เราสามารถรับรู้ได้เพียงส่วนหนึ่งของสเปกตรัมแสงที่ดวงอาทิตย์ปล่อยออกมา,7.4928
cv_0863,common_voice_ext,data/common_voice_ext/cv_0863.wav,data/distorted_cv_ext/cv_0863_severe.wav,severe,บางคนเรียกร้องให้มีจรรยาบรรณวิชาชีพของนักพัฒนาซอฟต์แวร์,6.7387
cv_0864,common_voice_ext,data/common_voice_ext/cv_0864.wav,data/distorted_cv_ext/cv_0864_severe.wav,severe,ฉันมักจะต้องจามหลังจากกินองุ่น,4.4691
cv_0865,common_voice_ext,data/common_voice_ext/cv_0865.wav,data/distorted_cv_ext/cv_0865_severe.wav,severe,เขาขี่จักรยานของเขา,3.9888
cv_0866,common_voice_ext,data/common_voice_ext/cv_0866.wav,data/distorted_cv_ext/cv_0866_severe.wav,severe,กล้องรุ่นนี้ถ่ายภาพในที่แสงน้อยได้ดี,6.3532
cv_0867,common_voice_ext,data/common_voice_ext/cv_0867.wav,data/distorted_cv_ext/cv_0867_severe.wav,severe,คุณรู้ได้อย่างไร,2.9306
cv_0868,common_voice_ext,data/common_voice_ext/cv_0868.wav,data/distorted_cv_ext/cv_0868_severe.wav,severe,ทางเดินหลายสายมุ่งไปสู่จุดหมายเดียวกัน,4.4017
cv_0869,common_voice_ext,data/common_voice_ext/cv_0869.wav,data/distorted_cv_ext/cv_0869_severe.wav,severe,พวกเราไม่รู้ว่าใช้เข็มและด้ายอย่างไร,3.4123
cv_0870,common_voice_ext,data/common_voice_ext/cv_0870.wav,data/distorted_cv_ext/cv_0870_severe.wav,severe,เราไม่ได้ทำโดยเสแสร้ง,3.4067
cv_0871,common_voice_ext,data/common_voice_ext/cv_0871.wav,data/distorted_cv_ext/cv_0871_severe.wav,severe,ชั้นเรียนถูกยกเลิกเนื่องจากเกิดสารเคมีรั่วไหล,4.334
cv_0872,common_voice_ext,data/common_voice_ext/cv_0872.wav,data/distorted_cv_ext/cv_0872_severe.wav,severe,เท่าที่ฉันสังเกตเขาไม่ชอบไปงานเลี้ยง,3.8025
cv_0873,common_voice_ext,data/common_voice_ext/cv_0873.wav,data/distorted_cv_ext/cv_0873_severe.wav,severe,ดูการวิจารณ์ ความคิดเห็น และการให้คะแนนบนเว็บไซต์,4.3715
cv_0874,common_voice_ext,data/common_voice_ext/cv_0874.wav,data/distorted_cv_ext/cv_0874_severe.wav,severe,เขาเฝ้าศึกษาธุรกิจชีวิตของฮาวายและพัฒนาตามอย่างมุ่งมั่น,4.2196
cv_0875,common_voice_ext,data/common_voice_ext/cv_0875.wav,data/distorted_cv_ext/cv_0875_severe.wav,severe,อย่าลากฉันไปเกี่ยวกับปัญหาส่วนตัวของเธอ,3.5673
cv_0876,common_voice_ext,data/common_voice_ext/cv_0876.wav,data/distorted_cv_ext/cv_0876_severe.wav,severe,มีใครได้ยินฉันมั้ย,2.1021
cv_0877,common_voice_ext,data/common_voice_ext/cv_0877.wav,data/distorted_cv_ext/cv_0877_severe.wav,severe,ฉันเห็นโฆษณามากมายครอบคลุมเว็บไซต์นี้,3.5789
cv_0878,common_voice_ext,data/common_voice_ext/cv_0878.wav,data/distorted_cv_ext/cv_0878_severe.wav,severe,เธอเป็นที่รู้จักหลังจากเปลี่ยนโฉม,3.5181
cv_0879,common_voice_ext,data/common_voice_ext/cv_0879.wav,data/distorted_cv_ext/cv_0879_severe.wav,severe,แสดงให้เห็นว่าคุณเกาอย่างไร,2.9788
cv_0880,common_voice_ext,data/common_voice_ext/cv_0880.wav,data/distorted_cv_ext/cv_0880_severe.wav,severe,คุณทำอะไรได้บ้าง ?,2.2856
cv_0881,common_voice_ext,data/common_voice_ext/cv_0881.wav,data/distorted_cv_ext/cv_0881_severe.wav,severe,ครูทำลายความมั่นใจของเด็ก,3.0454
cv_0882,common_voice_ext,data/common_voice_ext/cv_0882.wav,data/distorted_cv_ext/cv_0882_severe.wav,severe,ฉันบอกคุณแล้วว่าฉันเบื่อหน่ายกับการผจญภัย,3.5379
cv_0883,common_voice_ext,data/common_voice_ext/cv_0883.wav,data/distorted_cv_ext/cv_0883_severe.wav,severe,วันนี้รถบัสมาสาย,3.4057
cv_0884,common_voice_ext,data/common_voice_ext/cv_0884.wav,data/distorted_cv_ext/cv_0884_severe.wav,severe,ได้เกิดมาโชคดีกว่าเกิดมารวย,3.5489
cv_0885,common_voice_ext,data/common_voice_ext/cv_0885.wav,data/distorted_cv_ext/cv_0885_severe.wav,severe,สร้อยคอที่มีมูลค่า จากคำอธิบายและแหวนจำนวนหนึ่ง,4.0814
cv_0886,common_voice_ext,data/common_voice_ext/cv_0886.wav,data/distorted_cv_ext/cv_0886_severe.wav,severe,ข้อความเป็นคำพูด,2.8763
cv_0887,common_voice_ext,data/common_voice_ext/cv_0887.wav,data/distorted_cv_ext/cv_0887_severe.wav,severe,อลิซปักอีเมล์ที่เธอต้องการกลับมาดูในภายหลัง,4.3895
cv_0888,common_voice_ext,data/common_voice_ext/cv_0888.wav,data/distorted_cv_ext/cv_0888_severe.wav,severe,เราคือพ่อแม่ที่ภูมิใจในตัวลูกสามคน,3.8138
cv_0889,common_voice_ext,data/common_voice_ext/cv_0889.wav,data/distorted_cv_ext/cv_0889_severe.wav,severe,และนักสืบได้ดำเนินการต่อด้วยเสียงและมารยาทที่สุขุม,5.2041
cv_0890,common_voice_ext,data/common_voice_ext/cv_0890.wav,data/distorted_cv_ext/cv_0890_severe.wav,severe,เราจะต้องทันเวลาฉันคิดว่าเขาพูด,4.3842
cv_0891,common_voice_ext,data/common_voice_ext/cv_0891.wav,data/distorted_cv_ext/cv_0891_severe.wav,severe,ฉันมาด้วยเหตุนี้,2.5483
cv_0892,common_voice_ext,data/common_voice_ext/cv_0892.wav,data/distorted_cv_ext/cv_0892_severe.wav,severe,ฉันกำลังไปย่างเกาลัด,3.2528
cv_0893,common_voice_ext,data/common_voice_ext/cv_0893.wav,data/distorted_cv_ext/cv_0893_severe.wav,severe,คุณต้องการให้ฉันพูดอะไร ?,2.7107
cv_0894,common_voice_ext,data/common_voice_ext/cv_0894.wav,data/distorted_cv_ext/cv_0894_severe.wav,severe,คุณต้องมีทนายความติดตามผู้พิทักษ์ของฉัน,3.7879
cv_0895,common_voice_ext,data/common_voice_ext/cv_0895.wav,data/distorted_cv_ext/cv_0895_severe.wav,severe,ในขณะที่แมวทางการของอัยการกำลังมองรูหนูอยู่,4.1148
cv_0896,common_voice_ext,data/common_voice_ext/cv_0896.wav,data/distorted_cv_ext/cv_0896_severe.wav,severe,ฉันเข้าใจ เขาพูด,2.9907
cv_0897,common_voice_ext,data/common_voice_ext/cv_0897.wav,data/distorted_cv_ext/cv_0897_severe.wav,severe,เป็นรัฐมนตรีช่วยว่าการกระทรวงการคลัง,4.6061
cv_0898,common_voice_ext,data/common_voice_ext/cv_0898.wav,data/distorted_cv_ext/cv_0898_severe.wav,severe,อย่าโยนทารกลงอ่างอาบน้ำ,3.6651
cv_0899,common_voice_ext,data/common_voice_ext/cv_0899.wav,data/distorted_cv_ext/cv_0899_severe.wav,severe,ดังนั้นคุณคิดว่าเขาอาจจะยากสำหรับฉันใช่มั้ย,3.3674
cv_0900,common_voice_ext,data/common_voice_ext/cv_0900.wav,data/distorted_cv_ext/cv_0900_severe.wav,severe,ถ้าคุณอยากจองตั๋วก็แค่หย่อนเช็กใส่ตู้ไปรษณีย์สิ,3.9442
cv_0901,common_voice_ext,data/common_voice_ext/cv_0901.wav,data/distorted_cv_ext/cv_0901_severe.wav,severe,โดยไม่ทิ้งใครไว้ข้างหลัง,2.8182
cv_0902,common_voice_ext,data/common_voice_ext/cv_0902.wav,data/distorted_cv_ext/cv_0902_severe.wav,severe,ศิลปินทั้งหมดเขาลุกขึ้นอย่างมีความสุขในโอกาสนี้,5.2615
cv_0903,common_voice_ext,data/common_voice_ext/cv_0903.wav,data/distorted_cv_ext/cv_0903_severe.wav,severe,พวกเราถูกคุกคามในใจก่อนที่การเดินทางจะประสบความสำเร็จ,5.0984
cv_0904,common_voice_ext,data/common_voice_ext/cv_0904.wav,data/distorted_cv_ext/cv_0904_severe.wav,severe,การสื่อสารอวัจนภาษาบางครั้งก็มีความหมายมากกว่าคำพูด,4.3222
cv_0905,common_voice_ext,data/common_voice_ext/cv_0905.wav,data/distorted_cv_ext/cv_0905_severe.wav,severe,ทั้งในด้านเศรษฐกิจโลกที่ยังมีความเสี่ยงจากปัจจัยหลายประการ,4.9757
cv_0906,common_voice_ext,data/common_voice_ext/cv_0906.wav,data/distorted_cv_ext/cv_0906_severe.wav,severe,ฉันจะจำ ถ้าฉันทำได้,4.1796
cv_0907,common_voice_ext,data/common_voice_ext/cv_0907.wav,data/distorted_cv_ext/cv_0907_severe.wav,severe,เราไปเยี่ยมชมคอนเสิร์ตในโรงละครโอเปร่าที่มีชื่อเสียงในซิดนีย์,5.5124
cv_0908,common_voice_ext,data/common_voice_ext/cv_0908.wav,data/distorted_cv_ext/cv_0908_severe.wav,severe,การศึกษาแบบไทย,2.5647
cv_0909,common_voice_ext,data/common_voice_ext/cv_0909.wav,data/distorted_cv_ext/cv_0909_severe.wav,severe,ฉันดูไลฟ์คอนเสิร์ต,2.2619
cv_0910,common_voice_ext,data/common_voice_ext/cv_0910.wav,data/distorted_cv_ext/cv_0910_severe.wav,severe,ให้ทันการเปลี่ยนแปลง,2.7202
cv_0911,common_voice_ext,data/common_voice_ext/cv_0911.wav,data/distorted_cv_ext/cv_0911_severe.wav,severe,ปัจจัยทั้งภายนอกและภายในประเทศเปลี่ยนไปมาก,4.9787
cv_0912,common_voice_ext,data/common_voice_ext/cv_0912.wav,data/distorted_cv_ext/cv_0912_severe.wav,severe,อยู่กับเขาในตอนเย็นที่ช่วงฤดูหนาวยาวนาน,4.7603
cv_0913,common_voice_ext,data/common_voice_ext/cv_0913.wav,data/distorted_cv_ext/cv_0913_severe.wav,severe,เรือเดินทะเลที่ไม่ปรากฏชื่อสามลำกำลังมุ่งหน้าไปยังคาบสมุทร,5.2776
cv_0914,common_voice_ext,data/common_voice_ext/cv_0914.wav,data/distorted_cv_ext/cv_0914_severe.wav,severe,ฉันตื่นก่อนพระอาทิตย์ขึ้นเสมอ,3.281
cv_0915,common_voice_ext,data/common_voice_ext/cv_0915.wav,data/distorted_cv_ext/cv_0915_severe.wav,severe,ฉันไม่ค่อยคุ้นเคยกับธรรมเนียมปฏิบัติของคุณ โปรดอภัยให้กับความรู้เท่าไม่ถึงการณ์ของฉันด้วย,8.6036
cv_0916,common_voice_ext,data/common_voice_ext/cv_0916.wav,data/distorted_cv_ext/cv_0916_severe.wav,severe,ไม่มีใครตั้งใจสร้างกำแพง,3.4558
cv_0917,common_voice_ext,data/common_voice_ext/cv_0917.wav,data/distorted_cv_ext/cv_0917_severe.wav,severe,ทหารของเราจำนวนมากจับกลุ่มกัน,3.6298
cv_0918,common_voice_ext,data/common_voice_ext/cv_0918.wav,data/distorted_cv_ext/cv_0918_severe.wav,severe,เราจะทำให้เกิดข้อผิดพลาดทางระบบพวกนี้ไม่ได้,4.4875
cv_0919,common_voice_ext,data/common_voice_ext/cv_0919.wav,data/distorted_cv_ext/cv_0919_severe.wav,severe,อนุรักษนิยม,3.924
cv_0920,common_voice_ext,data/common_voice_ext/cv_0920.wav,data/distorted_cv_ext/cv_0920_severe.wav,severe,ผู้ขายผักและผลไม้สดมีความเชี่ยวชาญในการขายผลไม้และผัก,7.8887
cv_0921,common_voice_ext,data/common_voice_ext/cv_0921.wav,data/distorted_cv_ext/cv_0921_severe.wav,severe,ฉันบอกอะไรแก่คุณนะ,3.5676
cv_0922,common_voice_ext,data/common_voice_ext/cv_0922.wav,data/distorted_cv_ext/cv_0922_severe.wav,severe,ฉันจะพยายามถ้าฉันรู้เรื่องที่ฮันเคยรู้,6.6986
cv_0923,common_voice_ext,data/common_voice_ext/cv_0923.wav,data/distorted_cv_ext/cv_0923_severe.wav,severe,แอพนี้ยังไม่พร้อมสำหรับการใช้งานในทุกวัน,5.3913
cv_0924,common_voice_ext,data/common_voice_ext/cv_0924.wav,data/distorted_cv_ext/cv_0924_severe.wav,severe,ในยุคที่สร้างกำแพงไว้ ไม่เคยมีใครคิดว่าจะพังได้,6.2061
cv_0925,common_voice_ext,data/common_voice_ext/cv_0925.wav,data/distorted_cv_ext/cv_0925_severe.wav,severe,โรงเรียนทำให้เด็กมีปัญหา,3.7458
cv_0926,common_voice_ext,data/common_voice_ext/cv_0926.wav,data/distorted_cv_ext/cv_0926_severe.wav,severe,พวกมันได้รับเงินท่อน้ำเลี้ยงจากภาษีการเฉลิมฉลอง,5.7661
cv_0927,common_voice_ext,data/common_voice_ext/cv_0927.wav,data/distorted_cv_ext/cv_0927_severe.wav,severe,งั้นเอาอันนึง อัศวินพูดกับตนเองอย่างครุ่นคิด,5.7855
cv_0928,common_voice_ext,data/common_voice_ext/cv_0928.wav,data/distorted_cv_ext/cv_0928_severe.wav,severe,ฉันเข้าใจเขาพูดยอมรับการแก้ไขอย่างอ่อนโยน,5.9482
cv_0929,common_voice_ext,data/common_voice_ext/cv_0929.wav,data/distorted_cv_ext/cv_0929_severe.wav,severe,ซีเลียหันหลังและไขว้ข้อมือของเธอ,5.6554
cv_0930,common_voice_ext,data/common_voice_ext/cv_0930.wav,data/distorted_cv_ext/cv_0930_severe.wav,severe,ผมชื่อพุฒิพงศ์,3.4609
cv_0931,common_voice_ext,data/common_voice_ext/cv_0931.wav,data/distorted_cv_ext/cv_0931_severe.wav,severe,เขาไม่มีการบันทึกเสียงที่ดีที่สุด,5.2722
cv_0932,common_voice_ext,data/common_voice_ext/cv_0932.wav,data/distorted_cv_ext/cv_0932_severe.wav,severe,ทอม มันคืออะไรหรอ,3.8709
cv_0933,common_voice_ext,data/common_voice_ext/cv_0933.wav,data/distorted_cv_ext/cv_0933_severe.wav,severe,ทางที่ดีที่สุดคือซ่อมมันให้เข้าที่ด้วยคลิป,5.8122
cv_0934,common_voice_ext,data/common_voice_ext/cv_0934.wav,data/distorted_cv_ext/cv_0934_severe.wav,severe,เส้นทางนี้ถูกกำหนดไว้สำหรับยานพาหนะทางการเกษตร,6.3645
cv_0935,common_voice_ext,data/common_voice_ext/cv_0935.wav,data/distorted_cv_ext/cv_0935_severe.wav,severe,เปลี่ยนช่องได้ไหม,4.1321
cv_0936,common_voice_ext,data/common_voice_ext/cv_0936.wav,data/distorted_cv_ext/cv_0936_severe.wav,severe,จึงทรงพระกรุณาโปรดเกล้า แต่งตั้งรัฐมนตรี ดังต่อไปนี้,7.3856
cv_0937,common_voice_ext,data/common_voice_ext/cv_0937.wav,data/distorted_cv_ext/cv_0937_severe.wav,severe,โจรที่ขโมยเพื่อนสมควรที่จะติดคุก,4.9709
cv_0938,common_voice_ext,data/common_voice_ext/cv_0938.wav,data/distorted_cv_ext/cv_0938_severe.wav,severe,ช่วงฤดูของเฮอริเคนเป็นช่วงเวลาที่น่ากังวลของคนหลายคนผู้ที่อาศัยอยู่ใกล้ชายฝั่ง,10.2258
cv_0939,common_voice_ext,data/common_voice_ext/cv_0939.wav,data/distorted_cv_ext/cv_0939_severe.wav,severe,มันเป็นเพียงสุดยอดและเรียบง่าย,4.497
cv_0940,common_voice_ext,data/common_voice_ext/cv_0940.wav,data/distorted_cv_ext/cv_0940_severe.wav,severe,อยู่ในเซฟที่ห้องนอนของเธอ ครับท่าน,5.1321
cv_0941,common_voice_ext,data/common_voice_ext/cv_0941.wav,data/distorted_cv_ext/cv_0941_severe.wav,severe,ฉันมักจะพูดอย่างนั้น,4.0388
cv_0942,common_voice_ext,data/common_voice_ext/cv_0942.wav,data/distorted_cv_ext/cv_0942_severe.wav,severe,ฉันรู้สึกเมาเล็กน้อย,3.4122
cv_0943,common_voice_ext,data/common_voice_ext/cv_0943.wav,data/distorted_cv_ext/cv_0943_severe.wav,severe,ตอนนี้ผมลางานอยู่ในเมือง ริชาร์ดกล่าว,5.5831
cv_0944,common_voice_ext,data/common_voice_ext/cv_0944.wav,data/distorted_cv_ext/cv_0944_severe.wav,severe,นั่นเป็นความผิดพลาดที่ยิ่งใหญ่กว่า,4.7118
cv_0945,common_voice_ext,data/common_voice_ext/cv_0945.wav,data/distorted_cv_ext/cv_0945_severe.wav,severe,อย่าเรียนรู้ชีวิตจากคำคม,4.4346
cv_0946,common_voice_ext,data/common_voice_ext/cv_0946.wav,data/distorted_cv_ext/cv_0946_severe.wav,severe,ทั้งหมดกำลังรอคำตอบของเธอ,3.7444
cv_0947,common_voice_ext,data/common_voice_ext/cv_0947.wav,data/distorted_cv_ext/cv_0947_severe.wav,severe,ฉันเดาว่านายกำลังทำสิ่งนี้สินะ,4.0946
cv_0948,common_voice_ext,data/common_voice_ext/cv_0948.wav,data/distorted_cv_ext/cv_0948_severe.wav,severe,ถ้าคุณสามารถช่วยเหลือได้ กรุณาเขียนเช็คเงินให้หน่อยค่ะ,6.0416
cv_0949,common_voice_ext,data/common_voice_ext/cv_0949.wav,data/distorted_cv_ext/cv_0949_severe.wav,severe,เมื่อคืนน้องสาวฉันคลานมาที่เตียงของฉันหลังจากเธอฝันร้าย,6.2334
cv_0950,common_voice_ext,data/common_voice_ext/cv_0950.wav,data/distorted_cv_ext/cv_0950_severe.wav,severe,และฉันก็เห็นเขากำลังรอที่จะถูกเรียก,4.7941
cv_0951,common_voice_ext,data/common_voice_ext/cv_0951.wav,data/distorted_cv_ext/cv_0951_severe.wav,severe,คอมมิวนิสต์เป็นสิ่งที่ตรงกันข้ามกับลัทธิทุนนิยม,5.9134
cv_0952,common_voice_ext,data/common_voice_ext/cv_0952.wav,data/distorted_cv_ext/cv_0952_severe.wav,severe,มันเป็นความลับหรือไม่ ?,3.8567
cv_0953,common_voice_ext,data/common_voice_ext/cv_0953.wav,data/distorted_cv_ext/cv_0953_severe.wav,severe,มาทำท่าทุกอย่างที่ถูกเตรียมไว้ล่วงหน้า,5.5883
cv_0954,common_voice_ext,data/common_voice_ext/cv_0954.wav,data/distorted_cv_ext/cv_0954_severe.wav,severe,ไม่มีอะไรทั้งนั้นจริงเหรอ พระราชาถามต่อ,5.4824
cv_0955,common_voice_ext,data/common_voice_ext/cv_0955.wav,data/distorted_cv_ext/cv_0955_severe.wav,severe,คุณได้ยินฉันไหม,3.5503
cv_0956,common_voice_ext,data/common_voice_ext/cv_0956.wav,data/distorted_cv_ext/cv_0956_severe.wav,severe,ขั้นต่ำเป็นคำดนตรีที่สอดคล้องกับโน๊ตครึ่ง,5.1867
cv_0957,common_voice_ext,data/common_voice_ext/cv_0957.wav,data/distorted_cv_ext/cv_0957_severe.wav,severe,ที่เราจะได้เห็น,3.5438
cv_0958,common_voice_ext,data/common_voice_ext/cv_0958.wav,data/distorted_cv_ext/cv_0958_severe.wav,severe,เขาให้คำแนะนำ,2.2786
cv_0959,common_voice_ext,data/common_voice_ext/cv_0959.wav,data/distorted_cv_ext/cv_0959_severe.wav,severe,นี่คือจดหมาย,3.0414
cv_0960,common_voice_ext,data/common_voice_ext/cv_0960.wav,data/distorted_cv_ext/cv_0960_severe.wav,severe,เปิดวิทยุคูลฟาเรนไฮต์,3.2999
cv_0961,common_voice_ext,data/common_voice_ext/cv_0961.wav,data/distorted_cv_ext/cv_0961_severe.wav,severe,หรือแม้แต่การต่อสู้กับความไม่สงบภายในประเทศในอดีต,5.5893
cv_0962,common_voice_ext,data/common_voice_ext/cv_0962.wav,data/distorted_cv_ext/cv_0962_severe.wav,severe,ฉันกำลังเหนื่อยล้ากับสิ่งนี้,4.2871
cv_0963,common_voice_ext,data/common_voice_ext/cv_0963.wav,data/distorted_cv_ext/cv_0963_severe.wav,severe,ถ้าคุณยังทำงานหนักแบบนี้ ฉันสามารถเลื่อนขั้นให้คุณได้นะ,5.3675
cv_0964,common_voice_ext,data/common_voice_ext/cv_0964.wav,data/distorted_cv_ext/cv_0964_severe.wav,severe,นาราเดินทางจากอเมริกาใต้ไปญี่ปุ่น,4.4115
cv_0965,common_voice_ext,data/common_voice_ext/cv_0965.wav,data/distorted_cv_ext/cv_0965_severe.wav,severe,คำพูดของเธอ ทำให้ฟิลิปรู้สึกกลัวพิลึก,5.0424
cv_0966,common_voice_ext,data/common_voice_ext/cv_0966.wav,data/distorted_cv_ext/cv_0966_severe.wav,severe,ฉันไม่ได้บอกอย่างนั้นเขากลับมาหนักหนาสาหัส,5.4989
cv_0967,common_voice_ext,data/common_voice_ext/cv_0967.wav,data/distorted_cv_ext/cv_0967_severe.wav,severe,ฉันคิดว่านั้นทั้งหมด,2.9936
cv_0968,common_voice_ext,data/common_voice_ext/cv_0968.wav,data/distorted_cv_ext/cv_0968_severe.wav,severe,กระรอกอันแสนเชื่องเป็นสัตว์เลี้ยงที่ดีตัวหนึ่ง,5.3692
cv_0969,common_voice_ext,data/common_voice_ext/cv_0969.wav,data/distorted_cv_ext/cv_0969_severe.wav,severe,เขียนทันทีหรือจะลืมมัน,3.7222
cv_0970,common_voice_ext,data/common_voice_ext/cv_0970.wav,data/distorted_cv_ext/cv_0970_severe.wav,severe,ถ้าจะให้สวยต้องมีเชอร์รี่วางข้างบน,4.1528
cv_0971,common_voice_ext,data/common_voice_ext/cv_0971.wav,data/distorted_cv_ext/cv_0971_severe.wav,severe,ฉันไม่ได้บ้า ฉันแน่ใจ,3.6246
cv_0972,common_voice_ext,data/common_voice_ext/cv_0972.wav,data/distorted_cv_ext/cv_0972_severe.wav,severe,ทั้งหมดที่ต่อต้าน นายพูด,3.9973
cv_0973,common_voice_ext,data/common_voice_ext/cv_0973.wav,data/distorted_cv_ext/cv_0973_severe.wav,severe,เมื่อไหร่โควิดสิบเก้าจะหมดไปสักที,4.8046
cv_0974,common_voice_ext,data/common_voice_ext/cv_0974.wav,data/distorted_cv_ext/cv_0974_severe.wav,severe,เรือใบมีความท้าทายมากกว่าเรือพาย,4.8224
cv_0975,common_voice_ext,data/common_voice_ext/cv_0975.wav,data/distorted_cv_ext/cv_0975_severe.wav,severe,ลีแอนน์ เข้าร่วมกลุ่มขับร้องประสานเสียง ดังนั้นทุกคนก็จะได้ยินเสียงร้องอันสูงส่งของเธอ,9.4161
cv_0976,common_voice_ext,data/common_voice_ext/cv_0976.wav,data/distorted_cv_ext/cv_0976_severe.wav,severe,ศาลอนุศาสนาจารย์ฉันขอขอบคุณ,3.7559
cv_0977,common_voice_ext,data/common_voice_ext/cv_0977.wav,data/distorted_cv_ext/cv_0977_severe.wav,severe,นั่นเป็นปริศนายุคกลางแบบคลาสสิก,4.3113
cv_0978,common_voice_ext,data/common_voice_ext/cv_0978.wav,data/distorted_cv_ext/cv_0978_severe.wav,severe,จะเกิดอะไรขึ้นกับเค้า,4.1927
cv_0979,common_voice_ext,data/common_voice_ext/cv_0979.wav,data/distorted_cv_ext/cv_0979_severe.wav,severe,โซฟีจะเคลื่อนไหวเพื่อทุ่งหญ้าสีเขียว,4.4911
cv_0980,common_voice_ext,data/common_voice_ext/cv_0980.wav,data/distorted_cv_ext/cv_0980_severe.wav,severe,คุณเป็นมังกรที่มีอิสระเช่นกัน,4.0902
cv_0981,common_voice_ext,data/common_voice_ext/cv_0981.wav,data/distorted_cv_ext/cv_0981_severe.wav,severe,ฉันได้มาถึงที่นี่หลายชั่วโมงแล้ว,3.6939
cv_0982,common_voice_ext,data/common_voice_ext/cv_0982.wav,data/distorted_cv_ext/cv_0982_severe.wav,severe,จงเรียนรู้และเธอยังวัยหนุ่มอยู่เสมอ,5.0439
cv_0983,common_voice_ext,data/common_voice_ext/cv_0983.wav,data/distorted_cv_ext/cv_0983_severe.wav,severe,อลิซมองอีกคนไปยังอีกคนด้วยความงุนงง,4.7697
cv_0984,common_voice_ext,data/common_voice_ext/cv_0984.wav,data/distorted_cv_ext/cv_0984_severe.wav,severe,คุณพูดว่าประมาณสิบคนโทนี่พูดซ้ำ,5.3805
cv_0985,common_voice_ext,data/common_voice_ext/cv_0985.wav,data/distorted_cv_ext/cv_0985_severe.wav,severe,ผู้หญิงผมบลอนด์กับกระโปรงสีแดงคือใคร ?,4.4996
cv_0986,common_voice_ext,data/common_voice_ext/cv_0986.wav,data/distorted_cv_ext/cv_0986_severe.wav,severe,คนรุ่นใหม่ใช้เหตุผลเป็นหลักสำคัญจึงมองเห็นถึงปัญหาของสังคมได้แจ่มชัด,6.1648
cv_0987,common_voice_ext,data/common_voice_ext/cv_0987.wav,data/distorted_cv_ext/cv_0987_severe.wav,severe,คุณแนะนำอะไร,2.9739
cv_0988,common_voice_ext,data/common_voice_ext/cv_0988.wav,data/distorted_cv_ext/cv_0988_severe.wav,severe,เราไปหาพวกเขาแล้ว แต่เขายัง,4.0001
cv_0989,common_voice_ext,data/common_voice_ext/cv_0989.wav,data/distorted_cv_ext/cv_0989_severe.wav,severe,ฉันเป็นคอร์เคเชี่ยน,2.7979
cv_0990,common_voice_ext,data/common_voice_ext/cv_0990.wav,data/distorted_cv_ext/cv_0990_severe.wav,severe,ความสะอาดคือเสาหลักของครัวเรือน,3.7799
cv_0991,common_voice_ext,data/common_voice_ext/cv_0991.wav,data/distorted_cv_ext/cv_0991_severe.wav,severe,ทุกอย่างดูเหมือนจะซื้อและไม่มีอะไรจะขายที่นั่น,5.4861
cv_0992,common_voice_ext,data/common_voice_ext/cv_0992.wav,data/distorted_cv_ext/cv_0992_severe.wav,severe,เขาพูดว่าอะไร,2.6487
cv_0993,common_voice_ext,data/common_voice_ext/cv_0993.wav,data/distorted_cv_ext/cv_0993_severe.wav,severe,ฉันจะกลับบ้านอาทิตย์หน้า,2.8207
cv_0994,common_voice_ext,data/common_voice_ext/cv_0994.wav,data/distorted_cv_ext/cv_0994_severe.wav,severe,ฉันไม่ใช่อสรพิษ อลิซพูดอย่างเกรี้ยวกราด,5.039
cv_0995,common_voice_ext,data/common_voice_ext/cv_0995.wav,data/distorted_cv_ext/cv_0995_severe.wav,severe,ฉันสงสัยว่าสักวันเราจะทำให้ระเบิดนิวเคลียร์หายไปหมดได้มั้ย,6.518
cv_0996,common_voice_ext,data/common_voice_ext/cv_0996.wav,data/distorted_cv_ext/cv_0996_severe.wav,severe,ฉันรู้สึกถึงมันได้ในกระดูกของฉัน,3.4539
cv_0997,common_voice_ext,data/common_voice_ext/cv_0997.wav,data/distorted_cv_ext/cv_0997_severe.wav,severe,ที่นั่นไม่มีแม่น้ำที่สำคัญเลย,3.7266
cv_0998,common_voice_ext,data/common_voice_ext/cv_0998.wav,data/distorted_cv_ext/cv_0998_severe.wav,severe,กองหิมะ ตกเต็มถนน,4.1513
cv_0999,common_voice_ext,data/common_voice_ext/cv_0999.wav,data/distorted_cv_ext/cv_0999_severe.wav,severe,แล้วเพื่อนของเราพูดว่ายังไงบ้าง,3.1894
cv_1000,common_voice_ext,data/common_voice_ext/cv_1000.wav,data/distorted_cv_ext/cv_1000_severe.wav,severe,การแสดงความเห็นอกเห็นใจคือสิ่งที่ทำให้เราเป็นมนุษย์,5.4515
cv_1001,common_voice_ext,data/common_voice_ext/cv_1001.wav,data/distorted_cv_ext/cv_1001_severe.wav,severe,ถูกใช้ไปแล้วหรอ ใครเป็นคนใช้ไป,4.5601
cv_1002,common_voice_ext,data/common_voice_ext/cv_1002.wav,data/distorted_cv_ext/cv_1002_severe.wav,severe,ฮาลเลลูยาคอรัสจากบทเพลงมีไซอาห์ของแฮนเดิล,6.4374
cv_1003,common_voice_ext,data/common_voice_ext/cv_1003.wav,data/distorted_cv_ext/cv_1003_severe.wav,severe,จริงอยู่มากครับ.,3.3037
cv_1004,common_voice_ext,data/common_voice_ext/cv_1004.wav,data/distorted_cv_ext/cv_1004_severe.wav,severe,เครื่องหมายเว้นวรรคประกอบด้วย จุดฟูลสต๊อป คอมม่า เซมิโคล่อน และอินเวิร์ทคอมม่า,9.7559
cv_1005,common_voice_ext,data/common_voice_ext/cv_1005.wav,data/distorted_cv_ext/cv_1005_severe.wav,severe,จากนั้นก็ทำ เขาพูดกับรอยยิ้มที่กว้างอย่างหลงตัวเอง,6.5586
cv_1006,common_voice_ext,data/common_voice_ext/cv_1006.wav,data/distorted_cv_ext/cv_1006_severe.wav,severe,แค่อยู่ที่นี่สักพัก,4.0944
cv_1007,common_voice_ext,data/common_voice_ext/cv_1007.wav,data/distorted_cv_ext/cv_1007_severe.wav,severe,ผมไม่มีอะไรจะพูดกับคุณแล้ว มิสเตอร์ทัลคิงฮอร์นตอบ,5.1933
cv_1008,common_voice_ext,data/common_voice_ext/cv_1008.wav,data/distorted_cv_ext/cv_1008_severe.wav,severe,เขาลืมของไว้แบบแย่มากซึ่งจะเป็นเรื่องน่ายินดีอย่างมากถ้ามีคนเอามันมาคืน,7.591
cv_1009,common_voice_ext,data/common_voice_ext/cv_1009.wav,data/distorted_cv_ext/cv_1009_severe.wav,severe,ใช้ทางเดินอันคดเคี้ยวเพื่อ ไปถึงทะเลสาบ,3.9266
cv_1010,common_voice_ext,data/common_voice_ext/cv_1010.wav,data/distorted_cv_ext/cv_1010_severe.wav,severe,โกดังเก่าไม่ได้เก็บสารเคมีที่เป็นพิษอีกแล้ว,4.5854
cv_1011,common_voice_ext,data/common_voice_ext/cv_1011.wav,data/distorted_cv_ext/cv_1011_severe.wav,severe,ความเย่อหยิ่งมาก่อนความล้มเหลว,4.3558
cv_1012,common_voice_ext,data/common_voice_ext/cv_1012.wav,data/distorted_cv_ext/cv_1012_severe.wav,severe,แต่ว่าคุณไม่เคยบอกอะไรกับพวกเราเลยนะ เขาบ่น,5.8064
cv_1013,common_voice_ext,data/common_voice_ext/cv_1013.wav,data/distorted_cv_ext/cv_1013_severe.wav,severe,มันมีความหมายอะไร ?,3.2747
cv_1014,common_voice_ext,data/common_voice_ext/cv_1014.wav,data/distorted_cv_ext/cv_1014_severe.wav,severe,อันที่จริง จีฟเขามีช่วงเวลาที่พิเศษเมื่อวันก่อนแล้วน่ะ,5.4151
cv_1015,common_voice_ext,data/common_voice_ext/cv_1015.wav,data/distorted_cv_ext/cv_1015_severe.wav,severe,แต่คุณเป็นคนอารมณ์ และไม่รู้จักเอาใจ,5.3659
cv_1016,common_voice_ext,data/common_voice_ext/cv_1016.wav,data/distorted_cv_ext/cv_1016_severe.wav,severe,พวกเขารวมตัวกันในแมนเชสเตอร์,3.5482
cv_1017,common_voice_ext,data/common_voice_ext/cv_1017.wav,data/distorted_cv_ext/cv_1017_severe.wav,severe,จะมุ่งเน้นการพัฒนาประเทศในด้านต่างต่าง,4.6296
cv_1018,common_voice_ext,data/common_voice_ext/cv_1018.wav,data/distorted_cv_ext/cv_1018_severe.wav,severe,คุณคิดว่ามันเป็นอย่างไร,3.9217
cv_1019,common_voice_ext,data/common_voice_ext/cv_1019.wav,data/distorted_cv_ext/cv_1019_severe.wav,severe,เมืองที่เชื่อมต่อจะรวบรวมข้อมูลเกี่ยวกับสาธารณูปโภคและเพิ่มประสิทธิภาพ,7.2116
cv_1020,common_voice_ext,data/common_voice_ext/cv_1020.wav,data/distorted_cv_ext/cv_1020_severe.wav,severe,อาการแพ้แลคโทสเกิดจากเอนไซม์ย่อยแลคโทสไม่มีประสิทธิภาพ,6.8492
cv_1021,common_voice_ext,data/common_voice_ext/cv_1021.wav,data/distorted_cv_ext/cv_1021_severe.wav,severe,การศึกษาทางคลินิกของวัคซีนใหม่ยังคงโดดเด่น,6.5764
cv_1022,common_voice_ext,data/common_voice_ext/cv_1022.wav,data/distorted_cv_ext/cv_1022_severe.wav,severe,ฉันมักจะทำเสมอเมื่อตอนฉันเป็นแพทย์,4.5076
cv_1023,common_voice_ext,data/common_voice_ext/cv_1023.wav,data/distorted_cv_ext/cv_1023_severe.wav,severe,โหมดเกมแเบทเทิลรอยัลเป็นที่นิยมในหมู่วัยรุ่น,5.6517
cv_1024,common_voice_ext,data/common_voice_ext/cv_1024.wav,data/distorted_cv_ext/cv_1024_severe.wav,severe,ใครบ้างที่ใช้ห้องทดลองนี้ในเวลานั้น,5.1404
cv_1025,common_voice_ext,data/common_voice_ext/cv_1025.wav,data/distorted_cv_ext/cv_1025_severe.wav,severe,อันที่จริงฉันดีกว่าที่ฉันเคยเป็นจากสุราเป็นเวลาหลายเดือน,8.987
cv_1026,common_voice_ext,data/common_voice_ext/cv_1026.wav,data/distorted_cv_ext/cv_1026_severe.wav,severe,ฉันมีความสุขมาก !,3.5411
cv_1027,common_voice_ext,data/common_voice_ext/cv_1027.wav,data/distorted_cv_ext/cv_1027_severe.wav,severe,กฎต่าง ๆ ที่สร้างขึ้น อาจทำให้เกิดความแตกแยกได้,6.4147
cv_1028,common_voice_ext,data/common_voice_ext/cv_1028.wav,data/distorted_cv_ext/cv_1028_severe.wav,severe,แยกเนื้อที่สุกแล้วและยังไม่สุกออกจากกันเพื่อป้องกันการปนเปื้อน,7.1354
cv_1029,common_voice_ext,data/common_voice_ext/cv_1029.wav,data/distorted_cv_ext/cv_1029_severe.wav,severe,การทำสมาธิและการระมัดระวังเป็นสิ่งสำคัญในการปฏิบัติตนของศาสนาพุทธนิกายเซน,10.8811
cv_1030,common_voice_ext,data/common_voice_ext/cv_1030.wav,data/distorted_cv_ext/cv_1030_severe.wav,severe,เขาจะไม่ช่วยมัน,3.4556
cv_1031,common_voice_ext,data/common_voice_ext/cv_1031.wav,data/distorted_cv_ext/cv_1031_severe.wav,severe,มันยากมากเลย ที่จะทำให้เธออยู่ห่างจากประตู,4.7698
cv_1032,common_voice_ext,data/common_voice_ext/cv_1032.wav,data/distorted_cv_ext/cv_1032_severe.wav,severe,เขาคลี่จดหมายออกมาก่อนจะส่งต่อให้เกร็กสัน,5.0616
cv_1033,common_voice_ext,data/common_voice_ext/cv_1033.wav,data/distorted_cv_ext/cv_1033_severe.wav,severe,ฉันจะเขียนอะไรก็ตามที่คุณบอกมาตอนนี้,4.5904
cv_1034,common_voice_ext,data/common_voice_ext/cv_1034.wav,data/distorted_cv_ext/cv_1034_severe.wav,severe,พวกเค้ามาจากที่ไหน,3.7681
cv_1035,common_voice_ext,data/common_voice_ext/cv_1035.wav,data/distorted_cv_ext/cv_1035_severe.wav,severe,คุณชอบการเรียนรู้ด้วยเครื่องกลไกไหม,4.8704
cv_1036,common_voice_ext,data/common_voice_ext/cv_1036.wav,data/distorted_cv_ext/cv_1036_severe.wav,severe,แล้วเซอร์ แฮรี่ ก็เริ่มขึ้น,4.3318
cv_1037,common_voice_ext,data/common_voice_ext/cv_1037.wav,data/distorted_cv_ext/cv_1037_severe.wav,severe,ดินเผาถอนหายใจ,3.7769
cv_1038,common_voice_ext,data/common_voice_ext/cv_1038.wav,data/distorted_cv_ext/cv_1038_severe.wav,severe,เธอก่อปัญหาทั้งหมดนี้เพื่ออะไร,4.2879
cv_1039,common_voice_ext,data/common_voice_ext/cv_1039.wav,data/distorted_cv_ext/cv_1039_severe.wav,severe,เขาจะไม่เชื่อมั่นเขาพูด,3.8322
cv_1040,common_voice_ext,data/common_voice_ext/cv_1040.wav,data/distorted_cv_ext/cv_1040_severe.wav,severe,ยิ่งคุณอ่านมาก ผู้คนจะยิ่งเข้าใจคุณมาก,6.3422
cv_1041,common_voice_ext,data/common_voice_ext/cv_1041.wav,data/distorted_cv_ext/cv_1041_severe.wav,severe,บางคนในบ้านเป็นผู้สมรู้ร่วมคิด - เราเริ่มจากข้อเท็จจริงนั้น,7.8388
cv_1042,common_voice_ext,data/common_voice_ext/cv_1042.wav,data/distorted_cv_ext/cv_1042_severe.wav,severe,ฉันประหลาดใจว่าเขาต้องการอะไร,4.2189
cv_1043,common_voice_ext,data/common_voice_ext/cv_1043.wav,data/distorted_cv_ext/cv_1043_severe.wav,severe,นักการเมืองเริ่มทำแคมเปญเพื่อเพิ่มความนิยมของเขาในการสำรวจความคิดเห็นของประชาชน,10.1942
cv_1044,common_voice_ext,data/common_voice_ext/cv_1044.wav,data/distorted_cv_ext/cv_1044_severe.wav,severe,แต่ว่าเมื่อวานตอนบ่ายสามก็ไม่มีใครอยู่ที่นั่นนะ,5.3857
cv_1045,common_voice_ext,data/common_voice_ext/cv_1045.wav,data/distorted_cv_ext/cv_1045_severe.wav,severe,เข้ามาพร้อมกับไฟฉายของเธอ,4.4771
cv_1046,common_voice_ext,data/common_voice_ext/cv_1046.wav,data/distorted_cv_ext/cv_1046_severe.wav,severe,ไข้รากสาดน้อย ฉันได้บอกคุณหรือเปล่า,5.2321
cv_1047,common_voice_ext,data/common_voice_ext/cv_1047.wav,data/distorted_cv_ext/cv_1047_severe.wav,severe,การต่อสู้นัดตัดสินในสงครามเกิดที่หุบเขาแห่งนี้,7.8587
cv_1048,common_voice_ext,data/common_voice_ext/cv_1048.wav,data/distorted_cv_ext/cv_1048_severe.wav,severe,นั่นเป็นเรื่องจริง ที่ พรานป่า ยอมรับ,5.6754
cv_1049,common_voice_ext,data/common_voice_ext/cv_1049.wav,data/distorted_cv_ext/cv_1049_severe.wav,severe,ส่วนใหญ่สิ่งที่มนุษย์กลัวมักเป็นสิ่งที่ไม่ได้น่ากลัวขนาดทำให้ถึงแก่ชีวิต,8.1606
cv_1050,common_voice_ext,data/common_voice_ext/cv_1050.wav,data/distorted_cv_ext/cv_1050_severe.wav,severe,เขาเคยมีงานในชีวิต จนกระทั่งเขาเริ่มตั้งคำถามโปรแกรม,7.6961
cv_1051,common_voice_ext,data/common_voice_ext/cv_1051.wav,data/distorted_cv_ext/cv_1051_severe.wav,severe,ฉันมีปัญหาในการเปิดใช้งานคูปองนี้,4.9956
cv_1052,common_voice_ext,data/common_voice_ext/cv_1052.wav,data/distorted_cv_ext/cv_1052_severe.wav,severe,ละอองน้ำจากระเบิดปรมาณูในฮิโรชิม่ามีผลกระทบร้ายแรง,7.7564
cv_1053,common_voice_ext,data/common_voice_ext/cv_1053.wav,data/distorted_cv_ext/cv_1053_severe.wav,severe,เป็นบุคคลที่มาคุณค่ามาก สมควรที่จะได้รับการเคารพ,6.3854
cv_1054,common_voice_ext,data/common_voice_ext/cv_1054.wav,data/distorted_cv_ext/cv_1054_severe.wav,severe,อากาศที่สะอาดหมายถึงปอดที่ดีขึ้น,4.9584
cv_1055,common_voice_ext,data/common_voice_ext/cv_1055.wav,data/distorted_cv_ext/cv_1055_severe.wav,severe,พระเจ้าช่วยพวกเขา ซึ่งช่วยตัวพวกเขาเอง,5.8623
cv_1056,common_voice_ext,data/common_voice_ext/cv_1056.wav,data/distorted_cv_ext/cv_1056_severe.wav,severe,ผมคิดว่าวิธีการแก้ปัญหาที่เห็นได้ชัด,6.8446
cv_1057,common_voice_ext,data/common_voice_ext/cv_1057.wav,data/distorted_cv_ext/cv_1057_severe.wav,severe,ผู้ชายทุกคนออกแบบทางเดินของเขาเอง,4.869
cv_1058,common_voice_ext,data/common_voice_ext/cv_1058.wav,data/distorted_cv_ext/cv_1058_severe.wav,severe,ฉันไม่ได้ตระหนักว่ามันสามารถทำได้,3.1509
cv_1059,common_voice_ext,data/common_voice_ext/cv_1059.wav,data/distorted_cv_ext/cv_1059_severe.wav,severe,เรียนไม่ไหว ควรถอนวิชาดีไหม,3.7197
cv_1060,common_voice_ext,data/common_voice_ext/cv_1060.wav,data/distorted_cv_ext/cv_1060_severe.wav,severe,นักร้องแร็พทำเพลงแรพ,3.0996
cv_1061,common_voice_ext,data/common_voice_ext/cv_1061.wav,data/distorted_cv_ext/cv_1061_severe.wav,severe,บอร์ดจะบิดงอเว้นแต่เก็บไว้ในที่แห้ง,3.7037
cv_1062,common_voice_ext,data/common_voice_ext/cv_1062.wav,data/distorted_cv_ext/cv_1062_severe.wav,severe,เขาพิจารณานาฬิกาของเขา,3.8458
cv_1063,common_voice_ext,data/common_voice_ext/cv_1063.wav,data/distorted_cv_ext/cv_1063_severe.wav,severe,มันทั้งหิมะตกฝนตกแล้วลูกเห็บตกในเช้าวันเดียวกัน,5.0466
cv_1064,common_voice_ext,data/common_voice_ext/cv_1064.wav,data/distorted_cv_ext/cv_1064_severe.wav,severe,ฉันจะมาอีกทีในวันพรุ่งนี้เพื่อเงิน,4.5946
cv_1065,common_voice_ext,data/common_voice_ext/cv_1065.wav,data/distorted_cv_ext/cv_1065_severe.wav,severe,ฉันกำลังติดต่อสื่อสารความรู้กับเธออยู่นะ ลูกชายของฉัน,4.6681
cv_1066,common_voice_ext,data/common_voice_ext/cv_1066.wav,data/distorted_cv_ext/cv_1066_severe.wav,severe,และนักสืบก็กลับมาเริ่มการพูดทันทีทันใดด้วยน้ำเสียงกระฉับกระเฉงและท่าทางที่ตื่นตัว,8.095
cv_1067,common_voice_ext,data/common_voice_ext/cv_1067.wav,data/distorted_cv_ext/cv_1067_severe.wav,severe,มันมีตราประทับของประเทศสวิสเซอร์แลนด์,3.9695
cv_1068,common_voice_ext,data/common_voice_ext/cv_1068.wav,data/distorted_cv_ext/cv_1068_severe.wav,severe,ฉันไม่รู้เหมือนกันว่าวิทยาศาสตร์ที่ซับซ้อนคืออะไร,4.5066
cv_1069,common_voice_ext,data/common_voice_ext/cv_1069.wav,data/distorted_cv_ext/cv_1069_severe.wav,severe,แพ็คแผ่นบันทึกในกล่องที่บางเรียบร้อย,3.6634
cv_1070,common_voice_ext,data/common_voice_ext/cv_1070.wav,data/distorted_cv_ext/cv_1070_severe.wav,severe,เรียกข้า ณ ที่ใด ข้าจักปรากฎกายในบัดดล,5.4387
cv_1071,common_voice_ext,data/common_voice_ext/cv_1071.wav,data/distorted_cv_ext/cv_1071_severe.wav,severe,กระดาษนี้ขาดง่าย ดังนั้นต้องเขียนด้วยความระมัดระวัง,5.1148
cv_1072,common_voice_ext,data/common_voice_ext/cv_1072.wav,data/distorted_cv_ext/cv_1072_severe.wav,severe,สิ่งที่เขาทำนั้นผิดกฎหมายอย่างแน่นอน,3.9596
cv_1073,common_voice_ext,data/common_voice_ext/cv_1073.wav,data/distorted_cv_ext/cv_1073_severe.wav,severe,เขากลับมาเมื่อตอนกลางวันพร้อมกับชาวสก็อตแลนด์คนนั้น,5.1186
cv_1074,common_voice_ext,data/common_voice_ext/cv_1074.wav,data/distorted_cv_ext/cv_1074_severe.wav,severe,กองใบไม้ที่ร่วงหล่นถูกเผาไฟ,3.8017
cv_1075,common_voice_ext,data/common_voice_ext/cv_1075.wav,data/distorted_cv_ext/cv_1075_severe.wav,severe,เขาไม่ให้เหตุผล แต่การเคลื่อนตัวของเขาแสดงให้เห็นชัดเจนพอ,5.9749
cv_1076,common_voice_ext,data/common_voice_ext/cv_1076.wav,data/distorted_cv_ext/cv_1076_severe.wav,severe,ถ้าฉันมีทางเลือกระหว่างน้ำผึ้งกับแยมฉันจะเลือกอย่างหลัง,5.7637
cv_1077,common_voice_ext,data/common_voice_ext/cv_1077.wav,data/distorted_cv_ext/cv_1077_severe.wav,severe,ฉันบอกเองเบอร์ตี้ หล่อนกล่าว แล้วดำดิ่งลงไปในฟรุ้ตสลัดที่เธอส่งเข้าปากเคี้ยว,8.6984
cv_1078,common_voice_ext,data/common_voice_ext/cv_1078.wav,data/distorted_cv_ext/cv_1078_severe.wav,severe,ฉันคิดว่านั่นคือทั้งหมดที่,3.3141
cv_1079,common_voice_ext,data/common_voice_ext/cv_1079.wav,data/distorted_cv_ext/cv_1079_severe.wav,severe,ผู้กองคนใหม่ต้องถูกแต่งตั้ง,2.6141
cv_1080,common_voice_ext,data/common_voice_ext/cv_1080.wav,data/distorted_cv_ext/cv_1080_severe.wav,severe,นมข้นสตอเบอร์รี่ อร่อยจัง,3.2756
cv_1081,common_voice_ext,data/common_voice_ext/cv_1081.wav,data/distorted_cv_ext/cv_1081_severe.wav,severe,เสียงนี้ไม่รบกวนความเงียบและความกลัวของสถานที่,4.0351
cv_1082,common_voice_ext,data/common_voice_ext/cv_1082.wav,data/distorted_cv_ext/cv_1082_severe.wav,severe,งั้น เราจะไปที่ไหนกันต่อล่ะ ?,3.1644
cv_1083,common_voice_ext,data/common_voice_ext/cv_1083.wav,data/distorted_cv_ext/cv_1083_severe.wav,severe,ฉันควรจะบอกว่าไม่,2.969
cv_1084,common_voice_ext,data/common_voice_ext/cv_1084.wav,data/distorted_cv_ext/cv_1084_severe.wav,severe,ฉันอยากเห็นเธอ,2.3432
cv_1085,common_voice_ext,data/common_voice_ext/cv_1085.wav,data/distorted_cv_ext/cv_1085_severe.wav,severe,มองไปที่เขา,2.4859
cv_1086,common_voice_ext,data/common_voice_ext/cv_1086.wav,data/distorted_cv_ext/cv_1086_severe.wav,severe,เธอช่วยฉันตอบคำถามนี้ได้ไหม,3.4238
cv_1087,common_voice_ext,data/common_voice_ext/cv_1087.wav,data/distorted_cv_ext/cv_1087_severe.wav,severe,อะไรที่ทำให้ฉันเปลี่ยนความคิดไปจากปกติ ?,4.0681
cv_1088,common_voice_ext,data/common_voice_ext/cv_1088.wav,data/distorted_cv_ext/cv_1088_severe.wav,severe,การปิคนิคถูกรบกวนด้วยวงโยธวาทิตย์,3.3831
cv_1089,common_voice_ext,data/common_voice_ext/cv_1089.wav,data/distorted_cv_ext/cv_1089_severe.wav,severe,วันจันทร์ไม่ใช่วันที่แย่ที่สุดสำหรับฉัน,3.4941
cv_1090,common_voice_ext,data/common_voice_ext/cv_1090.wav,data/distorted_cv_ext/cv_1090_severe.wav,severe,กล้องวงจรปิดถูกตั้งค่าให้ตำรวจค้นหากิจกรรมที่น่าสงสัย,5.3366
cv_1091,common_voice_ext,data/common_voice_ext/cv_1091.wav,data/distorted_cv_ext/cv_1091_severe.wav,severe,งานที่ช่วยเหลือเพื่อนมนุษย์จะสำเร็จเมื่อผู้ที่ให้กุศลนั้นได้พูด,6.3418
cv_1092,common_voice_ext,data/common_voice_ext/cv_1092.wav,data/distorted_cv_ext/cv_1092_severe.wav,severe,คำแถลงนโยบายของคณะรัฐมนตรี,3.7051
cv_1093,common_voice_ext,data/common_voice_ext/cv_1093.wav,data/distorted_cv_ext/cv_1093_severe.wav,severe,คันไม้ตกปลาใช้ในการจับปลาแซลมอนสีชมพู,4.928
cv_1094,common_voice_ext,data/common_voice_ext/cv_1094.wav,data/distorted_cv_ext/cv_1094_severe.wav,severe,ดังนั้นถิ่นทุรกันดารจึงเตรียมเขาไว้สำหรับวันนี้,4.2829
cv_1095,common_voice_ext,data/common_voice_ext/cv_1095.wav,data/distorted_cv_ext/cv_1095_severe.wav,severe,เก็บเกวียนก่อนที่จะเก็บม้า,3.3711
cv_1096,common_voice_ext,data/common_voice_ext/cv_1096.wav,data/distorted_cv_ext/cv_1096_severe.wav,severe,ฉันแน่ใจกับมัน,2.411
cv_1097,common_voice_ext,data/common_voice_ext/cv_1097.wav,data/distorted_cv_ext/cv_1097_severe.wav,severe,เธอเก็บอัญมณีไว้ที่ปลอดภัยในห้องนอนของเธอ,4.3594
cv_1098,common_voice_ext,data/common_voice_ext/cv_1098.wav,data/distorted_cv_ext/cv_1098_severe.wav,severe,เล็กน้อยและสม่ำเสมอสามารถทำให้รวยได้,3.63
cv_1099,common_voice_ext,data/common_voice_ext/cv_1099.wav,data/distorted_cv_ext/cv_1099_severe.wav,severe,ผลบอลเป็นยังไงบ้าง,2.6972
cv_1100,common_voice_ext,data/common_voice_ext/cv_1100.wav,data/distorted_cv_ext/cv_1100_severe.wav,severe,ฉันสงสัยว่าเธอรู้สึกไม่โอเคที่จะทำอะไรให้ฉัน,3.5393
cv_1101,common_voice_ext,data/common_voice_ext/cv_1101.wav,data/distorted_cv_ext/cv_1101_severe.wav,severe,ร้านขายขนมที่มุมถนน แนะว่าเป็นสิ่งแรกที่ต้องทำ,4.8189
cv_1102,common_voice_ext,data/common_voice_ext/cv_1102.wav,data/distorted_cv_ext/cv_1102_severe.wav,severe,ฉันไปปาร์ตี้ธรรมดา และแต่งตัวปกติ,3.7982
cv_1103,common_voice_ext,data/common_voice_ext/cv_1103.wav,data/distorted_cv_ext/cv_1103_severe.wav,severe,อ่านออกเสียงในท่อด้วยความพึงพอใจ,4.2188
cv_1104,common_voice_ext,data/common_voice_ext/cv_1104.wav,data/distorted_cv_ext/cv_1104_severe.wav,severe,เราจะทำอะไร,3.0491
cv_1105,common_voice_ext,data/common_voice_ext/cv_1105.wav,data/distorted_cv_ext/cv_1105_severe.wav,severe,ความกลัวและความหดหู่ใจตกอยู่กับฉันและฉันก็เรียกหาชาร์ลี,6.1765
cv_1106,common_voice_ext,data/common_voice_ext/cv_1106.wav,data/distorted_cv_ext/cv_1106_severe.wav,severe,ดิฉันเสียใจอย่างมากค่ะท่าน,3.0529
cv_1107,common_voice_ext,data/common_voice_ext/cv_1107.wav,data/distorted_cv_ext/cv_1107_severe.wav,severe,อีกอย่าง นายก็รู้ว่านายคลั่งทัปปี้จะตาย,4.2882
cv_1108,common_voice_ext,data/common_voice_ext/cv_1108.wav,data/distorted_cv_ext/cv_1108_severe.wav,severe,คำพูดจากนักกฎหมายทรงพลังมาก,3.3576
cv_1109,common_voice_ext,data/common_voice_ext/cv_1109.wav,data/distorted_cv_ext/cv_1109_severe.wav,severe,พวกโรคจิตมักจะมีภาพหลอน,2.8299
cv_1110,common_voice_ext,data/common_voice_ext/cv_1110.wav,data/distorted_cv_ext/cv_1110_severe.wav,severe,ยาม เอาตัวเขาออกไป !,3.4199
cv_1111,common_voice_ext,data/common_voice_ext/cv_1111.wav,data/distorted_cv_ext/cv_1111_severe.wav,severe,พวกเขาตายทั้ง ๆ ที่มี,2.9196
cv_1112,common_voice_ext,data/common_voice_ext/cv_1112.wav,data/distorted_cv_ext/cv_1112_severe.wav,severe,เป็นรัฐมนตรีช่วยว่าการกระทรวงเกษตร,4.1063
cv_1113,common_voice_ext,data/common_voice_ext/cv_1113.wav,data/distorted_cv_ext/cv_1113_severe.wav,severe,ดวงหน้าสดใสของเธอ เริ่มแดงระเรื่อและกลับมาขาวซีดอีกหน,7.7344
cv_1114,common_voice_ext,data/common_voice_ext/cv_1114.wav,data/distorted_cv_ext/cv_1114_severe.wav,severe,ผู้หญิงอเมริกันคือผู้หญิงอังกฤษ,4.0451
cv_1115,common_voice_ext,data/common_voice_ext/cv_1115.wav,data/distorted_cv_ext/cv_1115_severe.wav,severe,ไม่วิ่งเพื่อระบบที่เปลี่ยนแปลง,4.3425
cv_1116,common_voice_ext,data/common_voice_ext/cv_1116.wav,data/distorted_cv_ext/cv_1116_severe.wav,severe,ผู้คนจำนวนมากที่เข้ามามีส่วนร่วมสามารถชี้ปัญหาได้อย่างง่ายดาย,7.4413
cv_1117,common_voice_ext,data/common_voice_ext/cv_1117.wav,data/distorted_cv_ext/cv_1117_severe.wav,severe,ที่ทำการไปรษณีย์จะทำการหยุดตัวอักษรหรือโทรเลข เขากล่าว,6.7921
cv_1118,common_voice_ext,data/common_voice_ext/cv_1118.wav,data/distorted_cv_ext/cv_1118_severe.wav,severe,มันคือความอับอาย บริสุทธิ์และง่าย,4.753
cv_1119,common_voice_ext,data/common_voice_ext/cv_1119.wav,data/distorted_cv_ext/cv_1119_severe.wav,severe,ไม่เห็นอะไร ไม่พูดอะไร และไม่รู้อะไร,5.454
cv_1120,common_voice_ext,data/common_voice_ext/cv_1120.wav,data/distorted_cv_ext/cv_1120_severe.wav,severe,นายอธิรัฐ รัตนเศรษฐ,4.4119
cv_1121,common_voice_ext,data/common_voice_ext/cv_1121.wav,data/distorted_cv_ext/cv_1121_severe.wav,severe,“เขาดูเหมือนคนยังไม่ได้นอน” เขากล่าว,5.7547
cv_1122,common_voice_ext,data/common_voice_ext/cv_1122.wav,data/distorted_cv_ext/cv_1122_severe.wav,severe,ที่นี่คือบ้านที่น่าสยดสยอง นายกั๊ปปี้พูดว่า ปิดหน้าต่าง,6.6044
cv_1123,common_voice_ext,data/common_voice_ext/cv_1123.wav,data/distorted_cv_ext/cv_1123_severe.wav,severe,เขาจะแปลกใจขนาดไหนถ้าเขารู้ว่าฉันคือใคร,4.8911
cv_1124,common_voice_ext,data/common_voice_ext/cv_1124.wav,data/distorted_cv_ext/cv_1124_severe.wav,severe,ฉันชอบดูพลุก่อนวันปีใหม่,3.8819
cv_1125,common_voice_ext,data/common_voice_ext/cv_1125.wav,data/distorted_cv_ext/cv_1125_severe.wav,severe,ฉันพร้อมจะทำมัน,3.0053
cv_1126,common_voice_ext,data/common_voice_ext/cv_1126.wav,data/distorted_cv_ext/cv_1126_severe.wav,severe,ฉันต้องการที่จะรู้,4.9174
cv_1127,common_voice_ext,data/common_voice_ext/cv_1127.wav,data/distorted_cv_ext/cv_1127_severe.wav,severe,เรื่องราวนี้ไม่ได้คิดค้น เขาตอบกลับ,4.2959
cv_1128,common_voice_ext,data/common_voice_ext/cv_1128.wav,data/distorted_cv_ext/cv_1128_severe.wav,severe,เงินของประชาชนมากกว่าหนื่นล้านปอนด์ถูกนำมาใช้แบบไร้ค่า,5.9435
cv_1129,common_voice_ext,data/common_voice_ext/cv_1129.wav,data/distorted_cv_ext/cv_1129_severe.wav,severe,ฉันไม่สามารถบอกคุณได้.,3.7195
cv_1130,common_voice_ext,data/common_voice_ext/cv_1130.wav,data/distorted_cv_ext/cv_1130_severe.wav,severe,เราขุดดินและโปรยเมล็ด,3.7917
cv_1131,common_voice_ext,data/common_voice_ext/cv_1131.wav,data/distorted_cv_ext/cv_1131_severe.wav,severe,กับดักใช้ในการจับปลาเช้าและ ปลาลิ้นเสือ,5.3378
cv_1132,common_voice_ext,data/common_voice_ext/cv_1132.wav,data/distorted_cv_ext/cv_1132_severe.wav,severe,ฉันเป็นผู้สื่อข่าว ไม่ใช่ตากล้อง,4.3336
cv_1133,common_voice_ext,data/common_voice_ext/cv_1133.wav,data/distorted_cv_ext/cv_1133_severe.wav,severe,นี่แสดงให้เห็นชัดเจนแล้วว่าย่านนี้เป็นย่านของคนรวย,6.9504
cv_1134,common_voice_ext,data/common_voice_ext/cv_1134.wav,data/distorted_cv_ext/cv_1134_severe.wav,severe,ช่องสามเอชดี,2.7891
cv_1135,common_voice_ext,data/common_voice_ext/cv_1135.wav,data/distorted_cv_ext/cv_1135_severe.wav,severe,โปรดใช้เครื่องหมายทับปกติไม่ใช่แบ็กสแลช,5.2345
cv_1136,common_voice_ext,data/common_voice_ext/cv_1136.wav,data/distorted_cv_ext/cv_1136_severe.wav,severe,ลูกชายของฉันฟังเพลงฮิพฮอพและเพลงแรพ,4.4883
cv_1137,common_voice_ext,data/common_voice_ext/cv_1137.wav,data/distorted_cv_ext/cv_1137_severe.wav,severe,ให้หลุดพ้นจากกับดักประเทศรายได้ปานกลาง,4.4867
cv_1138,common_voice_ext,data/common_voice_ext/cv_1138.wav,data/distorted_cv_ext/cv_1138_severe.wav,severe,เคธี่เลือกปริ้นท์รูปที่ดีที่สุดเสมอและติดรูปเหล่านั้นบนผนัง,6.5316
cv_1139,common_voice_ext,data/common_voice_ext/cv_1139.wav,data/distorted_cv_ext/cv_1139_severe.wav,severe,แก้ไขปัญหาปากท้องและสร้างรายได้ให้ประชาชน,6.6116
cv_1140,common_voice_ext,data/common_voice_ext/cv_1140.wav,data/distorted_cv_ext/cv_1140_severe.wav,severe,รูปวาดรูปใหญ่ถูกแขวนอยู่บนเตาไฟ,6.2493
cv_1141,common_voice_ext,data/common_voice_ext/cv_1141.wav,data/distorted_cv_ext/cv_1141_severe.wav,severe,ฉันให้ความสนใจกับสิ่งที่คุณสนใจ,5.0817
cv_1142,common_voice_ext,data/common_voice_ext/cv_1142.wav,data/distorted_cv_ext/cv_1142_severe.wav,severe,คุณเอาคดีนี่เข้าไปที่ศาลตัดสินสูงสุดได้เลย,5.6659
cv_1143,common_voice_ext,data/common_voice_ext/cv_1143.wav,data/distorted_cv_ext/cv_1143_severe.wav,severe,บางครั้งการรอก็จะดูฉลาดกว่า แต่ว่าบางครั้งก็ควรลงมือทำเลย,10.0324
cv_1144,common_voice_ext,data/common_voice_ext/cv_1144.wav,data/distorted_cv_ext/cv_1144_severe.wav,severe,คนส่วนใหญ่ที่ชอบแชร์คำคมมักเข้าใจแค่เปลือกนอก น้อยคนจะลงไปถึงแก่นแท้,9.2238
cv_1145,common_voice_ext,data/common_voice_ext/cv_1145.wav,data/distorted_cv_ext/cv_1145_severe.wav,severe,มันหมายถึงอะไร ?,3.7231
cv_1146,common_voice_ext,data/common_voice_ext/cv_1146.wav,data/distorted_cv_ext/cv_1146_severe.wav,severe,ฉันจะช่วยได้อย่างไร,3.3169
cv_1147,common_voice_ext,data/common_voice_ext/cv_1147.wav,data/distorted_cv_ext/cv_1147_severe.wav,severe,ทิฟฟานี่บอกพวกเราว่าม้านั่งทำจากไม้บีช,5.2586
cv_1148,common_voice_ext,data/common_voice_ext/cv_1148.wav,data/distorted_cv_ext/cv_1148_severe.wav,severe,ไม่มีใครรู้ว่ามีอะไรอยู่เบื้องหลังประตูนี้,4.8046
cv_1149,common_voice_ext,data/common_voice_ext/cv_1149.wav,data/distorted_cv_ext/cv_1149_severe.wav,severe,ให้เราพอใจในตัวเธอ,3.5556
cv_1150,common_voice_ext,data/common_voice_ext/cv_1150.wav,data/distorted_cv_ext/cv_1150_severe.wav,severe,พวกเรากำลังจะทำอะไร,3.6951
cv_1151,common_voice_ext,data/common_voice_ext/cv_1151.wav,data/distorted_cv_ext/cv_1151_severe.wav,severe,ถ้าคุณรู้ว่าฉันรู้สึกขอบคุณคุณขนาดไหน,5.5667
cv_1152,common_voice_ext,data/common_voice_ext/cv_1152.wav,data/distorted_cv_ext/cv_1152_severe.wav,severe,ฉันทำอย่างนั้นไม่ได้,3.046
cv_1153,common_voice_ext,data/common_voice_ext/cv_1153.wav,data/distorted_cv_ext/cv_1153_severe.wav,severe,การกระทำมีความสำคัญมากพอ,4.6196
cv_1154,common_voice_ext,data/common_voice_ext/cv_1154.wav,data/distorted_cv_ext/cv_1154_severe.wav,severe,เราก็แค่จัดการกับค่าใช้จ่ายไม่ได้,4.9795
cv_1155,common_voice_ext,data/common_voice_ext/cv_1155.wav,data/distorted_cv_ext/cv_1155_severe.wav,severe,ฉันไม่มีอะไรจะพูดอีกแล้ว,3.4245
cv_1156,common_voice_ext,data/common_voice_ext/cv_1156.wav,data/distorted_cv_ext/cv_1156_severe.wav,severe,ฉันจำมันไม่ได้ ช่างทำหมวกบอก,4.6205
cv_1157,common_voice_ext,data/common_voice_ext/cv_1157.wav,data/distorted_cv_ext/cv_1157_severe.wav,severe,การมองในแง่ดีเป็นเหตุผลของการมีความสุข,5.8148
cv_1158,common_voice_ext,data/common_voice_ext/cv_1158.wav,data/distorted_cv_ext/cv_1158_severe.wav,severe,ข้อมือของเขาเต็มไปด้วยคราบและข้อต่อที่ฉีกขาด,5.7689
cv_1159,common_voice_ext,data/common_voice_ext/cv_1159.wav,data/distorted_cv_ext/cv_1159_severe.wav,severe,ฉันไม่อุทิศตนกับอาหารเลย,4.1581
cv_1160,common_voice_ext,data/common_voice_ext/cv_1160.wav,data/distorted_cv_ext/cv_1160_severe.wav,severe,กางเกงยีนส์เป็นกางเกงชนิดเดียวที่ฉันมีในตู้เสื้อผ้าของฉัน,5.9376
cv_1161,common_voice_ext,data/common_voice_ext/cv_1161.wav,data/distorted_cv_ext/cv_1161_severe.wav,severe,ฉันไม่อยากจะติดอยู่กับอดีต,4.0692
cv_1162,common_voice_ext,data/common_voice_ext/cv_1162.wav,data/distorted_cv_ext/cv_1162_severe.wav,severe,ความรักและความเกลียดชังเป็นความรู้สึกของมนุษย์,6.5459
cv_1163,common_voice_ext,data/common_voice_ext/cv_1163.wav,data/distorted_cv_ext/cv_1163_severe.wav,severe,ฉันบอกคุณว่าฉันดูหมิ่นชายคนนั้น,4.468
cv_1164,common_voice_ext,data/common_voice_ext/cv_1164.wav,data/distorted_cv_ext/cv_1164_severe.wav,severe,คุณทำแบบนั้นทำไม,3.4601
cv_1165,common_voice_ext,data/common_voice_ext/cv_1165.wav,data/distorted_cv_ext/cv_1165_severe.wav,severe,มาเรียควรสนใจเรื่องส่วนตัวของเธอ,5.1258
cv_1166,common_voice_ext,data/common_voice_ext/cv_1166.wav,data/distorted_cv_ext/cv_1166_severe.wav,severe,ก่อนรุ่งสางของวันรุ่งขึ้นเล็กน้อย หน่วยดับเพลิงก็มา,5.8919
cv_1167,common_voice_ext,data/common_voice_ext/cv_1167.wav,data/distorted_cv_ext/cv_1167_severe.wav,severe,เกิดอะไรขึ้นกับคุณหรอ,2.8923
cv_1168,common_voice_ext,data/common_voice_ext/cv_1168.wav,data/distorted_cv_ext/cv_1168_severe.wav,severe,ผู้ชายคิดและวางแผนและบางครั้งก็ลงมือทำ,6.1124
cv_1169,common_voice_ext,data/common_voice_ext/cv_1169.wav,data/distorted_cv_ext/cv_1169_severe.wav,severe,พูดว่าอะไรนะ ?,3.2451
cv_1170,common_voice_ext,data/common_voice_ext/cv_1170.wav,data/distorted_cv_ext/cv_1170_severe.wav,severe,เขารู้สึกผิดกับการกระทำที่ไม่ระมัดระวังถึงแม้ว่าเขาจะทำมันแค่ไหน,8.0991
cv_1171,common_voice_ext,data/common_voice_ext/cv_1171.wav,data/distorted_cv_ext/cv_1171_severe.wav,severe,การเรียนรู้ที่จะเล่นเปียโน คือสิ่งที่ดีที่สุดที่ฉันเคยทำ,5.6322
cv_1172,common_voice_ext,data/common_voice_ext/cv_1172.wav,data/distorted_cv_ext/cv_1172_severe.wav,severe,น่าเสียดายจัง,2.6114
cv_1173,common_voice_ext,data/common_voice_ext/cv_1173.wav,data/distorted_cv_ext/cv_1173_severe.wav,severe,คิดเสมอว่าคุณจะรวยในปีหน้า,4.2073
cv_1174,common_voice_ext,data/common_voice_ext/cv_1174.wav,data/distorted_cv_ext/cv_1174_severe.wav,severe,การแลกเปลี่ยนที่ยุติธรรมคือการไม่ถูกขโมย,4.2341
cv_1175,common_voice_ext,data/common_voice_ext/cv_1175.wav,data/distorted_cv_ext/cv_1175_severe.wav,severe,คนที่ฟังก่อนพูดนั้นเป็นคนฉลาด,3.8282
cv_1176,common_voice_ext,data/common_voice_ext/cv_1176.wav,data/distorted_cv_ext/cv_1176_severe.wav,severe,ห่างออกไปหนึ่งร้อยไมล์,3.0042
cv_1177,common_voice_ext,data/common_voice_ext/cv_1177.wav,data/distorted_cv_ext/cv_1177_severe.wav,severe,โดยทั่วไปแล้วคนเรามีปัญหาในการประเมินความเสี่ยงได้อย่างถูกต้อง,6.514
cv_1178,common_voice_ext,data/common_voice_ext/cv_1178.wav,data/distorted_cv_ext/cv_1178_severe.wav,severe,หลังจากนั้น มนุษย์ที่ไม่มีความจำเป็นได้หายไป คนที่เหลืออยู่คือแข็งแกร่ง,6.3411
cv_1179,common_voice_ext,data/common_voice_ext/cv_1179.wav,data/distorted_cv_ext/cv_1179_severe.wav,severe,พจนานุกรมออนไลน์นั้นง่ายและเร็วกว่าพจนานุกรมกระดาษ,6.2118
cv_1180,common_voice_ext,data/common_voice_ext/cv_1180.wav,data/distorted_cv_ext/cv_1180_severe.wav,severe,ตัวแปรนี้ถูกตั้งค่าให้แสดงเวลาปัจจุบัน,4.71
cv_1181,common_voice_ext,data/common_voice_ext/cv_1181.wav,data/distorted_cv_ext/cv_1181_severe.wav,severe,มือที่กำอยู่ของเขาตกลงข้างลำตัว,5.0228
cv_1182,common_voice_ext,data/common_voice_ext/cv_1182.wav,data/distorted_cv_ext/cv_1182_severe.wav,severe,เส้นเลือดอุดตันที่ปอดเป็นสิ่งที่อันตราย,4.5409
cv_1183,common_voice_ext,data/common_voice_ext/cv_1183.wav,data/distorted_cv_ext/cv_1183_severe.wav,severe,ความรักเงินทองคือรากฐานทั้งหมดของความชั่วร้าย,4.7202
cv_1184,common_voice_ext,data/common_voice_ext/cv_1184.wav,data/distorted_cv_ext/cv_1184_severe.wav,severe,ค่าจ้างก้อนใหญ่ของฮันใช้ไปกับเชื้อเพลิง,4.687
cv_1185,common_voice_ext,data/common_voice_ext/cv_1185.wav,data/distorted_cv_ext/cv_1185_severe.wav,severe,คนจนยังดีกว่าคนโกหก,4.3094
cv_1186,common_voice_ext,data/common_voice_ext/cv_1186.wav,data/distorted_cv_ext/cv_1186_severe.wav,severe,วันแต่ละวันอันน้อยนิดคือสิ่งที่มากมายในหนึ่งปี,5.0942
cv_1187,common_voice_ext,data/common_voice_ext/cv_1187.wav,data/distorted_cv_ext/cv_1187_severe.wav,severe,ไม่ใช่อย่างน้อยที่สุด. เขากล่าว,3.7324
cv_1188,common_voice_ext,data/common_voice_ext/cv_1188.wav,data/distorted_cv_ext/cv_1188_severe.wav,severe,โพสต์โทรลล์ของเขากระตุ้นให้แฮกเกอร์ทำการทดสอบการแทรกสำหรับเขา,7.3396
cv_1189,common_voice_ext,data/common_voice_ext/cv_1189.wav,data/distorted_cv_ext/cv_1189_severe.wav,severe,และพระราชินีดูเหมือนว่าจะคิดไปเองสำหรับการเสียใจ เร็วอีก !,6.2916
cv_1190,common_voice_ext,data/common_voice_ext/cv_1190.wav,data/distorted_cv_ext/cv_1190_severe.wav,severe,เด็กเตาะแตะเป็นขโยงคือสิ่งที่น่ากลัวที่สุดสำหรับฉันเลย,5.1723
cv_1191,common_voice_ext,data/common_voice_ext/cv_1191.wav,data/distorted_cv_ext/cv_1191_severe.wav,severe,ข่าวส่วนใหญ่นั้นง่ายสำหรับเราที่จะได้ยิน,3.5969
cv_1192,common_voice_ext,data/common_voice_ext/cv_1192.wav,data/distorted_cv_ext/cv_1192_severe.wav,severe,ผมได้ทิ้งสิ่งนี้ไว้ข้างหลัง เขากล่าวพลางเอาสิ่งนั้นใส่กระเป๋าเสื้อ,7.0589
cv_1193,common_voice_ext,data/common_voice_ext/cv_1193.wav,data/distorted_cv_ext/cv_1193_severe.wav,severe,เธอไม่ได้ล้อเล่นกับฉัน,2.6641
cv_1194,common_voice_ext,data/common_voice_ext/cv_1194.wav,data/distorted_cv_ext/cv_1194_severe.wav,severe,ฉันจะไม่พูดมันอีกครั้งนะริชาร์ด,4.0577
cv_1195,common_voice_ext,data/common_voice_ext/cv_1195.wav,data/distorted_cv_ext/cv_1195_severe.wav,severe,น่าเสียดายเขาไม่ได้ใช้ยานัตถ์,3.6276
cv_1196,common_voice_ext,data/common_voice_ext/cv_1196.wav,data/distorted_cv_ext/cv_1196_severe.wav,severe,ฉันวางแผนที่จะหลบซ่อนอยู่ภายในห้องนอนของฉันและรอดูว่าจะเกิดอะไรขึ้นต่อไป,7.7467
cv_1197,common_voice_ext,data/common_voice_ext/cv_1197.wav,data/distorted_cv_ext/cv_1197_severe.wav,severe,มันง่ายที่จะบอกความลึกของบ่อน้ำ,4.6406
cv_1198,common_voice_ext,data/common_voice_ext/cv_1198.wav,data/distorted_cv_ext/cv_1198_severe.wav,severe,และเขาทำแขนฉันเจ็บ,3.8322
cv_1199,common_voice_ext,data/common_voice_ext/cv_1199.wav,data/distorted_cv_ext/cv_1199_severe.wav,severe,ต้นไอวี่กำลังก่อตัวเลื้อยขึ้นพันรอบปล่องไฟ,4.8134
cv_1200,common_voice_ext,data/common_voice_ext/cv_1200.wav,data/distorted_cv_ext/cv_1200_severe.wav,severe,ค้นหาว่าข้อมูลมีประโยชน์เพียงใดบนเว็บไซต์,4.1238
cv_1201,common_voice_ext,data/common_voice_ext/cv_1201.wav,data/distorted_cv_ext/cv_1201_severe.wav,severe,ฉันแค่จ้องมองสร้อยคอหินอ่อนของคุณ,4.5964
cv_1202,common_voice_ext,data/common_voice_ext/cv_1202.wav,data/distorted_cv_ext/cv_1202_severe.wav,severe,อันนั้นเป็นของโปรดของฉัน !,3.5259
cv_1203,common_voice_ext,data/common_voice_ext/cv_1203.wav,data/distorted_cv_ext/cv_1203_severe.wav,severe,ไม่ใช่เพื่อคุณ. กัซซี่กล่าว,5.2148
cv_1204,common_voice_ext,data/common_voice_ext/cv_1204.wav,data/distorted_cv_ext/cv_1204_severe.wav,severe,แมลงวันบินไปกำแพง,4.0169
cv_1205,common_voice_ext,data/common_voice_ext/cv_1205.wav,data/distorted_cv_ext/cv_1205_severe.wav,severe,ใช่ ฉันเข้าใจแล้ว,3.055
cv_1206,common_voice_ext,data/common_voice_ext/cv_1206.wav,data/distorted_cv_ext/cv_1206_severe.wav,severe,นักท่องเที่ยวส่วนใหญ่ไปเที่ยวต่างประเทศแบบประหยัดโดยการซื้อทัวร์ไปแทน,6.0565
cv_1207,common_voice_ext,data/common_voice_ext/cv_1207.wav,data/distorted_cv_ext/cv_1207_severe.wav,severe,ปู่ของฉันทำงานธนาคารออนไลน์ตั้งแต่แรก,4.3222
cv_1208,common_voice_ext,data/common_voice_ext/cv_1208.wav,data/distorted_cv_ext/cv_1208_severe.wav,severe,ฉันพูดภาษาฝรั่งเศสได้ แต่อยากพูดภาษาเยอรมันได้มากกว่า,5.3452
cv_1209,common_voice_ext,data/common_voice_ext/cv_1209.wav,data/distorted_cv_ext/cv_1209_severe.wav,severe,ฉันจำเป็นต้องให้คุณ,3.6425
cv_1210,common_voice_ext,data/common_voice_ext/cv_1210.wav,data/distorted_cv_ext/cv_1210_severe.wav,severe,จีฟส์จะบอกเธอในสิ่งที่ฉันต้องการ,4.0497
cv_1211,common_voice_ext,data/common_voice_ext/cv_1211.wav,data/distorted_cv_ext/cv_1211_severe.wav,severe,อีกตำแหน่งหนึ่ง,3.0576
cv_1212,common_voice_ext,data/common_voice_ext/cv_1212.wav,data/distorted_cv_ext/cv_1212_severe.wav,severe,ในรั้วโรงเรียนเกี่ยวกับคนบ้านนอกที่เขาได้รับการสอนเกินกว่าจินตนาการ,7.1261
cv_1213,common_voice_ext,data/common_voice_ext/cv_1213.wav,data/distorted_cv_ext/cv_1213_severe.wav,severe,จิมย่อลงทำให้ยากต่อการทรงตัว,4.5788
cv_1214,common_voice_ext,data/common_voice_ext/cv_1214.wav,data/distorted_cv_ext/cv_1214_severe.wav,severe,ไม่ใช่ตอนนี้ อัศวินกล่าว,4.9219
cv_1215,common_voice_ext,data/common_voice_ext/cv_1215.wav,data/distorted_cv_ext/cv_1215_severe.wav,severe,การทะเลาะกันอย่างต่อเนื่อง,4.6043
cv_1216,common_voice_ext,data/common_voice_ext/cv_1216.wav,data/distorted_cv_ext/cv_1216_severe.wav,severe,ตอนนี้ไปก่อนเถอะ ค่อยมาที่นี่วันหลัง,3.7363
cv_1217,common_voice_ext,data/common_voice_ext/cv_1217.wav,data/distorted_cv_ext/cv_1217_severe.wav,severe,คุณต้องการให้ฉันทำอะไร ?,3.1716
cv_1218,common_voice_ext,data/common_voice_ext/cv_1218.wav,data/distorted_cv_ext/cv_1218_severe.wav,severe,นายจุติ ไกรฤกษ์,3.6833
cv_1219,common_voice_ext,data/common_voice_ext/cv_1219.wav,data/distorted_cv_ext/cv_1219_severe.wav,severe,เธอพยายามหยุดเลือดที่ต้นขาของเธอด้วยเนื้อเยื่อ,5.8241
cv_1220,common_voice_ext,data/common_voice_ext/cv_1220.wav,data/distorted_cv_ext/cv_1220_severe.wav,severe,ทำไมคุณไม่พูดอะไรเลยล่ะ,3.4041
cv_1221,common_voice_ext,data/common_voice_ext/cv_1221.wav,data/distorted_cv_ext/cv_1221_severe.wav,severe,นักล่าแมงป่องสิบเอ็ดคน,3.7542
cv_1222,common_voice_ext,data/common_voice_ext/cv_1222.wav,data/distorted_cv_ext/cv_1222_severe.wav,severe,เขาจดรายการสิ่งของยาวเป็นหางว่าว,4.3529
cv_1223,common_voice_ext,data/common_voice_ext/cv_1223.wav,data/distorted_cv_ext/cv_1223_severe.wav,severe,ฉันเห็นฉันพูดแม้ว่าฉันจะไม่ถูก,4.8534
cv_1224,common_voice_ext,data/common_voice_ext/cv_1224.wav,data/distorted_cv_ext/cv_1224_severe.wav,severe,ฉันควรพูดอะไร,2.9829
cv_1225,common_voice_ext,data/common_voice_ext/cv_1225.wav,data/distorted_cv_ext/cv_1225_severe.wav,severe,คุณเห็นเขาครั้งสุดท้ายเมื่อไหร่,3.343
cv_1226,common_voice_ext,data/common_voice_ext/cv_1226.wav,data/distorted_cv_ext/cv_1226_severe.wav,severe,การแข่งขันในอุตสาหกรรมขับเคลื่อนนวัตกรรมและทำให้เกิดการเจริญเติบโต ผลประโยชน์ตกที่ผู้บริโภค,10.3542
cv_1227,common_voice_ext,data/common_voice_ext/cv_1227.wav,data/distorted_cv_ext/cv_1227_severe.wav,severe,ฉันร่างภาพและปรับเปลี่ยนมันได้,4.1139
cv_1228,common_voice_ext,data/common_voice_ext/cv_1228.wav,data/distorted_cv_ext/cv_1228_severe.wav,severe,คุณต้องการจะไปที่ไหน,3.1167
cv_1229,common_voice_ext,data/common_voice_ext/cv_1229.wav,data/distorted_cv_ext/cv_1229_severe.wav,severe,ฉันทำอย่างนั้นไม่ได้เธออุทาน,4.0228
cv_1230,common_voice_ext,data/common_voice_ext/cv_1230.wav,data/distorted_cv_ext/cv_1230_severe.wav,severe,เป็นรัฐมนตรีช่วยว่าการกระทรวงคมนาคม,5.4954
cv_1231,common_voice_ext,data/common_voice_ext/cv_1231.wav,data/distorted_cv_ext/cv_1231_severe.wav,severe,ผู้หญิงคนนั้นพูดจากักขฬะให้ฉันเงียบ,4.5544
cv_1232,common_voice_ext,data/common_voice_ext/cv_1232.wav,data/distorted_cv_ext/cv_1232_severe.wav,severe,เราไม่ทิ้งกัน,3.7258
cv_1233,common_voice_ext,data/common_voice_ext/cv_1233.wav,data/distorted_cv_ext/cv_1233_severe.wav,severe,ใช่ เขาระมัดระวังมาก,3.077
cv_1234,common_voice_ext,data/common_voice_ext/cv_1234.wav,data/distorted_cv_ext/cv_1234_severe.wav,severe,เขาพูดสนุกดี,3.7447
cv_1235,common_voice_ext,data/common_voice_ext/cv_1235.wav,data/distorted_cv_ext/cv_1235_severe.wav,severe,มันคืออะไร เจ้านาย,3.256
cv_1236,common_voice_ext,data/common_voice_ext/cv_1236.wav,data/distorted_cv_ext/cv_1236_severe.wav,severe,เขาปิดได้ดีมาก,2.8098
cv_1237,common_voice_ext,data/common_voice_ext/cv_1237.wav,data/distorted_cv_ext/cv_1237_severe.wav,severe,ไม่สามารถหยุดคุยกับคุณได้ตลอดคืนเลย,4.3162
cv_1238,common_voice_ext,data/common_voice_ext/cv_1238.wav,data/distorted_cv_ext/cv_1238_severe.wav,severe,สอบทีแคสมีกี่รอบ,3.2781
cv_1239,common_voice_ext,data/common_voice_ext/cv_1239.wav,data/distorted_cv_ext/cv_1239_severe.wav,severe,ถ้าคุณเพิ่มอีกสองชั้น คุณจะต้องตอกเสาเข็มเพิ่มเพื่อค้ำจุน,5.8911
cv_1240,common_voice_ext,data/common_voice_ext/cv_1240.wav,data/distorted_cv_ext/cv_1240_severe.wav,severe,ชาวจีนสร้างรถไฟรางเดี่ยวที่ลอยอยู่บนสนามแม่เหล็ก,5.4242
cv_1241,common_voice_ext,data/common_voice_ext/cv_1241.wav,data/distorted_cv_ext/cv_1241_severe.wav,severe,เธอเก็บสะสมพจนานุกรมและหนังสือสารานุกรมไว้ในตู้เสื้อผ้านี้,5.7904
cv_1242,common_voice_ext,data/common_voice_ext/cv_1242.wav,data/distorted_cv_ext/cv_1242_severe.wav,severe,มันเป็นยังไง,2.8169
cv_1243,common_voice_ext,data/common_voice_ext/cv_1243.wav,data/distorted_cv_ext/cv_1243_severe.wav,severe,วันก่อนกูไปร้านมึงด้วย แต่มึงไม่อยู่ เจอแต่พ่อกะแม่มึง,4.6396
cv_1244,common_voice_ext,data/common_voice_ext/cv_1244.wav,data/distorted_cv_ext/cv_1244_severe.wav,severe,เกี่ยวกับคำขอของคุณ ฉันได้ตัดสินจะรับฟังคำเตือน,4.2642
cv_1245,common_voice_ext,data/common_voice_ext/cv_1245.wav,data/distorted_cv_ext/cv_1245_severe.wav,severe,ทั้งหมดนี่เกี่ยวกับอะไร,3.1111
cv_1246,common_voice_ext,data/common_voice_ext/cv_1246.wav,data/distorted_cv_ext/cv_1246_severe.wav,severe,สมมติว่ามันไม่แย่,2.4331
cv_1247,common_voice_ext,data/common_voice_ext/cv_1247.wav,data/distorted_cv_ext/cv_1247_severe.wav,severe,ฉันเห็นหญิงสาวชื่อนั้นเมื่อไม่นานมานี้,3.2261
cv_1248,common_voice_ext,data/common_voice_ext/cv_1248.wav,data/distorted_cv_ext/cv_1248_severe.wav,severe,มาร์ก เป็นคำเรียกสั้นของมาการีน,3.725
cv_1249,common_voice_ext,data/common_voice_ext/cv_1249.wav,data/distorted_cv_ext/cv_1249_severe.wav,severe,ถ้าเกิดขึ้นที่ธนาคารบนถนนหลัก,2.8886
cv_1250,common_voice_ext,data/common_voice_ext/cv_1250.wav,data/distorted_cv_ext/cv_1250_severe.wav,severe,เซลล์เม็ดเลือดขาวช่วยในการรักษาร่างกายและต่อสู้กับเชื้อโรค,4.6353
cv_1251,common_voice_ext,data/common_voice_ext/cv_1251.wav,data/distorted_cv_ext/cv_1251_severe.wav,severe,ฉันคิดว่าหลังจากนี้เธอคงไม่ต้องการความช่วยเหลืออะไรอีกแล้วล่ะ,4.4008
cv_1252,common_voice_ext,data/common_voice_ext/cv_1252.wav,data/distorted_cv_ext/cv_1252_severe.wav,severe,ฉันแน่ใจนะ แต่ฉันยังต้องการหลักฐานอีก,3.5547
cv_1253,common_voice_ext,data/common_voice_ext/cv_1253.wav,data/distorted_cv_ext/cv_1253_severe.wav,severe,ฉันไม่ใช่สุภาพสตรี,2.055
cv_1254,common_voice_ext,data/common_voice_ext/cv_1254.wav,data/distorted_cv_ext/cv_1254_severe.wav,severe,นายวูดคอร์ทยินดีอย่างยิ่งที่จะฟัง,4.7225
cv_1255,common_voice_ext,data/common_voice_ext/cv_1255.wav,data/distorted_cv_ext/cv_1255_severe.wav,severe,ผ้าพันคอ เสื้อหนังเสือ เป็นชุดแต่งกาย,4.2254
cv_1256,common_voice_ext,data/common_voice_ext/cv_1256.wav,data/distorted_cv_ext/cv_1256_severe.wav,severe,หน้าจอก่อนเกิดไฟไหม้มีประกายไฟขึ้นมา,5.0966
cv_1257,common_voice_ext,data/common_voice_ext/cv_1257.wav,data/distorted_cv_ext/cv_1257_severe.wav,severe,ฉันเป็นศิษย์เก่าของมหาวิทยาลัย,4.0654
cv_1258,common_voice_ext,data/common_voice_ext/cv_1258.wav,data/distorted_cv_ext/cv_1258_severe.wav,severe,นายสุวิทย์ เมษินทรีย์,4.3579
cv_1259,common_voice_ext,data/common_voice_ext/cv_1259.wav,data/distorted_cv_ext/cv_1259_severe.wav,severe,ที่เขาพูดมันคือความจริง,4.0304
cv_1260,common_voice_ext,data/common_voice_ext/cv_1260.wav,data/distorted_cv_ext/cv_1260_severe.wav,severe,ไม่นะ ไม่ใช่หลังที่ผมออกมาจากโรงรถ,5.4372
cv_1261,common_voice_ext,data/common_voice_ext/cv_1261.wav,data/distorted_cv_ext/cv_1261_severe.wav,severe,ไม่ใช่ถ้าฉันรู้ !,2.5731
cv_1262,common_voice_ext,data/common_voice_ext/cv_1262.wav,data/distorted_cv_ext/cv_1262_severe.wav,severe,รองเท้าเงินของคุณจะพาคุณข้ามทะเลทรายตอบกลินดา,4.5736
cv_1263,common_voice_ext,data/common_voice_ext/cv_1263.wav,data/distorted_cv_ext/cv_1263_severe.wav,severe,เขาถือหมอนอิงกลับมาแล้วเปลี่ยนมัน,5.5237
cv_1264,common_voice_ext,data/common_voice_ext/cv_1264.wav,data/distorted_cv_ext/cv_1264_severe.wav,severe,คุยกับเอสเธอร์สิที่รัก ริชาร์ดกล่าวขึ้นแทรกความเงียบที่ปกคลุม,7.8483
cv_1265,common_voice_ext,data/common_voice_ext/cv_1265.wav,data/distorted_cv_ext/cv_1265_severe.wav,severe,ฉันจ้องที่เขา,3.2658
cv_1266,common_voice_ext,data/common_voice_ext/cv_1266.wav,data/distorted_cv_ext/cv_1266_severe.wav,severe,มันประกอบด้วยคูเกตเต้,4.3712
cv_1267,common_voice_ext,data/common_voice_ext/cv_1267.wav,data/distorted_cv_ext/cv_1267_severe.wav,severe,พอครึ่งชั่วโมงผ่านไปนาฬิกาที่โบสถ์ก็ดังขึ้นเป็นเพลงดังมาแต่ไกล,6.2008
cv_1268,common_voice_ext,data/common_voice_ext/cv_1268.wav,data/distorted_cv_ext/cv_1268_severe.wav,severe,ฉันหวังว่าเราจะตายทั้งหมด,3.8367
cv_1269,common_voice_ext,data/common_voice_ext/cv_1269.wav,data/distorted_cv_ext/cv_1269_severe.wav,severe,เมื่อคืนพี่สาวตัวน้อยของฉันคลานเข้าไปในเตียงของฉันหลังจากที่เธอฝันร้าย,7.9866
cv_1270,common_voice_ext,data/common_voice_ext/cv_1270.wav,data/distorted_cv_ext/cv_1270_severe.wav,severe,นายกรัฐมนตรีร้องเพลงกับเลขานุการของเขาในสวนหลังบ้าน,5.8157
cv_1271,common_voice_ext,data/common_voice_ext/cv_1271.wav,data/distorted_cv_ext/cv_1271_severe.wav,severe,และเขาไม่ได้ยกมือเพื่อให้เธอเป็นอิสระ,4.6142
cv_1272,common_voice_ext,data/common_voice_ext/cv_1272.wav,data/distorted_cv_ext/cv_1272_severe.wav,severe,การถูกเพื่อนกลั่นแกล้งในวัยเด็ก ทำให้มีปัญหาเกี่ยวกับการเข้าสังคมในวัยทำงาน,7.2933
cv_1273,common_voice_ext,data/common_voice_ext/cv_1273.wav,data/distorted_cv_ext/cv_1273_severe.wav,severe,บางครั้งมันไม่ใช่สิ่งที่ถูกต้องที่จะทำในสิ่งที่ถูกต้อง,6.0116
cv_1274,common_voice_ext,data/common_voice_ext/cv_1274.wav,data/distorted_cv_ext/cv_1274_severe.wav,severe,โอกาสเป็นสิ่งที่ดี,3.8521
cv_1275,common_voice_ext,data/common_voice_ext/cv_1275.wav,data/distorted_cv_ext/cv_1275_severe.wav,severe,การตั้งครรภ์ฉันเชื่อว่ามันเป็นสิ่งธรรมดา,4.4865
cv_1276,common_voice_ext,data/common_voice_ext/cv_1276.wav,data/distorted_cv_ext/cv_1276_severe.wav,severe,ทรงพระเจริญ !,3.1343
cv_1277,common_voice_ext,data/common_voice_ext/cv_1277.wav,data/distorted_cv_ext/cv_1277_severe.wav,severe,โซ่จักรยานขึ้นสนิมของคุณควรใช้น้ำมันหล่อลื่นบ้างนะ,5.091
cv_1278,common_voice_ext,data/common_voice_ext/cv_1278.wav,data/distorted_cv_ext/cv_1278_severe.wav,severe,ตอนนี้แม่ปลอดภัยไหม ?,3.7587
cv_1279,common_voice_ext,data/common_voice_ext/cv_1279.wav,data/distorted_cv_ext/cv_1279_severe.wav,severe,ฉันเห็นฉันพูดคิดว่าฉันไม่ทำกำลังทำให้งง,5.8761
cv_1280,common_voice_ext,data/common_voice_ext/cv_1280.wav,data/distorted_cv_ext/cv_1280_severe.wav,severe,การแข่งขันเพื่อที่จะมีสุขภาพดีเป็นตัวเร่งความคืบหน้า,6.0314
cv_1281,common_voice_ext,data/common_voice_ext/cv_1281.wav,data/distorted_cv_ext/cv_1281_severe.wav,severe,นั่นน่าจะเป็นแผนการจ่ายที่มีประสิทธิภาพ,4.6857
cv_1282,common_voice_ext,data/common_voice_ext/cv_1282.wav,data/distorted_cv_ext/cv_1282_severe.wav,severe,พวกเขาไปไหนเงินก็ไปด้วย,2.8991
cv_1283,common_voice_ext,data/common_voice_ext/cv_1283.wav,data/distorted_cv_ext/cv_1283_severe.wav,severe,เวลาจะหายไปและเราไม่มีเวลาที่จะเสีย,3.8706
cv_1284,common_voice_ext,data/common_voice_ext/cv_1284.wav,data/distorted_cv_ext/cv_1284_severe.wav,severe,ก็คือว่า ไม่มีใครรู้ว่าเกิดอะไรขึ้น,4.2216
cv_1285,common_voice_ext,data/common_voice_ext/cv_1285.wav,data/distorted_cv_ext/cv_1285_severe.wav,severe,ในทางตรงกันข้าม เขาตอบ,3.0774
cv_1286,common_voice_ext,data/common_voice_ext/cv_1286.wav,data/distorted_cv_ext/cv_1286_severe.wav,severe,แน่นอน คุณไม่ทำ แฮทเทอร์ กล่าว โยกหัวไปมาด้วยความเหยียดหยาม,6.1176
cv_1287,common_voice_ext,data/common_voice_ext/cv_1287.wav,data/distorted_cv_ext/cv_1287_severe.wav,severe,ฉันใช้การผสมกันของความทันสมัยและความเก่าแก่ในเทคนิคการเรียน,6.2213
cv_1288,common_voice_ext,data/common_voice_ext/cv_1288.wav,data/distorted_cv_ext/cv_1288_severe.wav,severe,คุณสามารถเลือกใช่หรือไม่ก็ได้,2.3449
cv_1289,common_voice_ext,data/common_voice_ext/cv_1289.wav,data/distorted_cv_ext/cv_1289_severe.wav,severe,ถ้าคุณไม่อยากเป็นมะเร็งผิวหนัง จำไว้ว่าควรทาครีมกันแดดให้สม่ำเสมอ,4.4543
cv_1290,common_voice_ext,data/common_voice_ext/cv_1290.wav,data/distorted_cv_ext/cv_1290_severe.wav,severe,ทั้งหมดนี้ที่เกี่ยวกับสร้อยคอคืออะไร,3.6559
cv_1291,common_voice_ext,data/common_voice_ext/cv_1291.wav,data/distorted_cv_ext/cv_1291_severe.wav,severe,มันตลกและมันก็เป็นความจริงด้วย,3.808
cv_1292,common_voice_ext,data/common_voice_ext/cv_1292.wav,data/distorted_cv_ext/cv_1292_severe.wav,severe,พวกเราจะไปพบกับแอบิเช็คที่นั่นคืนนี้,3.2588
cv_1293,common_voice_ext,data/common_voice_ext/cv_1293.wav,data/distorted_cv_ext/cv_1293_severe.wav,severe,ฉันกำลังจะมาถึงที่,3.3126
cv_1294,common_voice_ext,data/common_voice_ext/cv_1294.wav,data/distorted_cv_ext/cv_1294_severe.wav,severe,นักกฏหมายนั่งอยู่ในห้องพิจารณาคดี,3.6588
cv_1295,common_voice_ext,data/common_voice_ext/cv_1295.wav,data/distorted_cv_ext/cv_1295_severe.wav,severe,ฉันคิดว่ามันพร้อมแล้ว. ฉันกล่าว,3.5562
cv_1296,common_voice_ext,data/common_voice_ext/cv_1296.wav,data/distorted_cv_ext/cv_1296_severe.wav,severe,วันเปิดกล่องของขวัญคือวันถัดจากวันคริสต์มาส,5.1198
cv_1297,common_voice_ext,data/common_voice_ext/cv_1297.wav,data/distorted_cv_ext/cv_1297_severe.wav,severe,พวกเขามาจากที่ไหน,2.7326
cv_1298,common_voice_ext,data/common_voice_ext/cv_1298.wav,data/distorted_cv_ext/cv_1298_severe.wav,severe,คุณต้องการอะไรอีกไหม,3.2871
cv_1299,common_voice_ext,data/common_voice_ext/cv_1299.wav,data/distorted_cv_ext/cv_1299_severe.wav,severe,มีร่องรอยบางอย่างบนขนมปัง,3.2176
cv_1300,common_voice_ext,data/common_voice_ext/cv_1300.wav,data/distorted_cv_ext/cv_1300_severe.wav,severe,ฟิวรี่เอ็กซ์เป็นการ์ดจอแสดงผลที่มีความสามารถมาก,6.7509
cv_1301,common_voice_ext,data/common_voice_ext/cv_1301.wav,data/distorted_cv_ext/cv_1301_severe.wav,severe,แต่คุณกำลังล้อเล่น,2.8439
cv_1302,common_voice_ext,data/common_voice_ext/cv_1302.wav,data/distorted_cv_ext/cv_1302_severe.wav,severe,ฉันชอบพาร์ทที่เป็นดนตรีแต่เสียงร้องมันแย่มาก,5.3768
cv_1303,common_voice_ext,data/common_voice_ext/cv_1303.wav,data/distorted_cv_ext/cv_1303_severe.wav,severe,ทุกวันนี้น่องไก่เป็นอาหารที่หายาก,3.7814
cv_1304,common_voice_ext,data/common_voice_ext/cv_1304.wav,data/distorted_cv_ext/cv_1304_severe.wav,severe,ศูนย์บ่มเพาะเด็กช่วยให้ทารกคลอดก่อนกำหนด,4.9536
cv_1305,common_voice_ext,data/common_voice_ext/cv_1305.wav,data/distorted_cv_ext/cv_1305_severe.wav,severe,เขาพูดว่าอะไร ?,2.8679
cv_1306,common_voice_ext,data/common_voice_ext/cv_1306.wav,data/distorted_cv_ext/cv_1306_severe.wav,severe,ฉันไม่ได้รู้สึกซาบซึ้งแบบทั่วไปต่อคุณ,3.9745
cv_1307,common_voice_ext,data/common_voice_ext/cv_1307.wav,data/distorted_cv_ext/cv_1307_severe.wav,severe,ครั้งหน้าถ้าฉันไปห้างสรรพสินค้า เตือนฉันให้ซื้อไข่หน่อย,5.9971
cv_1308,common_voice_ext,data/common_voice_ext/cv_1308.wav,data/distorted_cv_ext/cv_1308_severe.wav,severe,ความรู้สึกสำนึกผิดยึดเขาไว้,4.0876
cv_1309,common_voice_ext,data/common_voice_ext/cv_1309.wav,data/distorted_cv_ext/cv_1309_severe.wav,severe,มา มา ลูกพี่ลูกน้องของฉัน เริ่มใหม่อีกครั้ง,5.4886
cv_1310,common_voice_ext,data/common_voice_ext/cv_1310.wav,data/distorted_cv_ext/cv_1310_severe.wav,severe,นั่นเป็นแนวคิดที่แปลกใหม่,3.5953
cv_1311,common_voice_ext,data/common_voice_ext/cv_1311.wav,data/distorted_cv_ext/cv_1311_severe.wav,severe,แม้กับแว่นมองกลางคืน ก็ยังไม่เห็นเป้าหมาย,5.1964
cv_1312,common_voice_ext,data/common_voice_ext/cv_1312.wav,data/distorted_cv_ext/cv_1312_severe.wav,severe,ไส้ดินสอที่มีสีดำจะเขียนดีที่สุด,3.8152
cv_1313,common_voice_ext,data/common_voice_ext/cv_1313.wav,data/distorted_cv_ext/cv_1313_severe.wav,severe,พวกเขาเข้าไปในเมืองทั้งคู่,3.1513
cv_1314,common_voice_ext,data/common_voice_ext/cv_1314.wav,data/distorted_cv_ext/cv_1314_severe.wav,severe,นายวราวุธ ศิลปอาชา,4.0708
cv_1315,common_voice_ext,data/common_voice_ext/cv_1315.wav,data/distorted_cv_ext/cv_1315_severe.wav,severe,สิ่งที่แตกต่างจากการพูดถึงชัยชนะบนล้อ,5.3234
cv_1316,common_voice_ext,data/common_voice_ext/cv_1316.wav,data/distorted_cv_ext/cv_1316_severe.wav,severe,การสั่นสะเทือนของตัวโน้ต,4.3226
cv_1317,common_voice_ext,data/common_voice_ext/cv_1317.wav,data/distorted_cv_ext/cv_1317_severe.wav,severe,เพื่อนหนุ่มของฉันเป็นผู้คุ้มครองศาล,4.2221
cv_1318,common_voice_ext,data/common_voice_ext/cv_1318.wav,data/distorted_cv_ext/cv_1318_severe.wav,severe,เขาทำอะไร ?,2.5051
cv_1319,common_voice_ext,data/common_voice_ext/cv_1319.wav,data/distorted_cv_ext/cv_1319_severe.wav,severe,พวกนักทำลายบ้านดูเหมือนจะชอบเตาผิงที่ทำจากไม้นะ,4.6621
cv_1320,common_voice_ext,data/common_voice_ext/cv_1320.wav,data/distorted_cv_ext/cv_1320_severe.wav,severe,ชื่ออะไรและนายกำลังทำอะไร,4.0738
cv_1321,common_voice_ext,data/common_voice_ext/cv_1321.wav,data/distorted_cv_ext/cv_1321_severe.wav,severe,เขาปราศจากความรู้สึกจากแรงกระตุ้นในตัว,4.7526
cv_1322,common_voice_ext,data/common_voice_ext/cv_1322.wav,data/distorted_cv_ext/cv_1322_severe.wav,severe,ฉันจ้องมองไปที่เขา,3.6444
cv_1323,common_voice_ext,data/common_voice_ext/cv_1323.wav,data/distorted_cv_ext/cv_1323_severe.wav,severe,นายสันติ พร้อมพัฒน์,3.3025
cv_1324,common_voice_ext,data/common_voice_ext/cv_1324.wav,data/distorted_cv_ext/cv_1324_severe.wav,severe,มันจะดีกว่านี้ถ้าไม่เก็บพวกเขาไว้,3.4717
cv_1325,common_voice_ext,data/common_voice_ext/cv_1325.wav,data/distorted_cv_ext/cv_1325_severe.wav,severe,นั่นเป็นคนที่น่ากลัวกว่าเสมียน,4.3329
cv_1326,common_voice_ext,data/common_voice_ext/cv_1326.wav,data/distorted_cv_ext/cv_1326_severe.wav,severe,ฉันจะไม่เสี่ยงแบบนั้น,3.6241
cv_1327,common_voice_ext,data/common_voice_ext/cv_1327.wav,data/distorted_cv_ext/cv_1327_severe.wav,severe,อย่างไรก็ตามเธอก็มีความสุขในอีกทางหนึ่ง,4.8612
cv_1328,common_voice_ext,data/common_voice_ext/cv_1328.wav,data/distorted_cv_ext/cv_1328_severe.wav,severe,เขาไม่ได้อยู่ที่นั่น,2.8914
cv_1329,common_voice_ext,data/common_voice_ext/cv_1329.wav,data/distorted_cv_ext/cv_1329_severe.wav,severe,ฉันรู้สึกปวดในท้อง,3.7382
cv_1330,common_voice_ext,data/common_voice_ext/cv_1330.wav,data/distorted_cv_ext/cv_1330_severe.wav,severe,ฉันยิ้มและส่ายหัว,3.3149
cv_1331,common_voice_ext,data/common_voice_ext/cv_1331.wav,data/distorted_cv_ext/cv_1331_severe.wav,severe,นายประภัตร โพธสุธน,3.4233
cv_1332,common_voice_ext,data/common_voice_ext/cv_1332.wav,data/distorted_cv_ext/cv_1332_severe.wav,severe,มาเธ่อยู่ในทางแล้ว,4.0046
cv_1333,common_voice_ext,data/common_voice_ext/cv_1333.wav,data/distorted_cv_ext/cv_1333_severe.wav,severe,เต่าเป็นสัตว์เลื้อยคลานไม่ใช่สัตว์ครึ่งบกครึ่งน้ำ,4.6828
cv_1334,common_voice_ext,data/common_voice_ext/cv_1334.wav,data/distorted_cv_ext/cv_1334_severe.wav,severe,ไม่มีอะไร อลิซพูด,3.5611
cv_1335,common_voice_ext,data/common_voice_ext/cv_1335.wav,data/distorted_cv_ext/cv_1335_severe.wav,severe,ปุ่มบนรวงของข้าวสาลีเจริญเติบโตทุกวัน,4.3384
cv_1336,common_voice_ext,data/common_voice_ext/cv_1336.wav,data/distorted_cv_ext/cv_1336_severe.wav,severe,อยากกินทุเรียนไหม,3.1979
cv_1337,common_voice_ext,data/common_voice_ext/cv_1337.wav,data/distorted_cv_ext/cv_1337_severe.wav,severe,แคโรลีนกำลังเรียนภาษาฝรั่งเศสในชั้นเรียนสำหรับผู้ใหญ่,4.6484
cv_1338,common_voice_ext,data/common_voice_ext/cv_1338.wav,data/distorted_cv_ext/cv_1338_severe.wav,severe,ซีเลียยกหัวขึ้นเพื่อตอบคำถาม,3.8403
cv_1339,common_voice_ext,data/common_voice_ext/cv_1339.wav,data/distorted_cv_ext/cv_1339_severe.wav,severe,คุณตอบฉันได้ไหม ซิมม่อน,4.9151
cv_1340,common_voice_ext,data/common_voice_ext/cv_1340.wav,data/distorted_cv_ext/cv_1340_severe.wav,severe,สำนักงานใหญ่นี้สามารถเข้าถึงได้เฉพาะสาธารณะในช่วงวันหยุดสุดสัปดาห์,7.7417
cv_1341,common_voice_ext,data/common_voice_ext/cv_1341.wav,data/distorted_cv_ext/cv_1341_severe.wav,severe,คุณทำอะไร,2.6254
cv_1342,common_voice_ext,data/common_voice_ext/cv_1342.wav,data/distorted_cv_ext/cv_1342_severe.wav,severe,การรับรู้ถึงความฉลาดไม่ได้เกิดได้ด้วยตัวมันเอง,4.2751
cv_1343,common_voice_ext,data/common_voice_ext/cv_1343.wav,data/distorted_cv_ext/cv_1343_severe.wav,severe,ในอนาคต เราอาจจะมีอวัยวะเทียมมาทดแทนเมื่ออวัยวะของเราล้มเหลว,8.1542
cv_1344,common_voice_ext,data/common_voice_ext/cv_1344.wav,data/distorted_cv_ext/cv_1344_severe.wav,severe,ฉันชอบนาฬิกาดิจิตัลมากกว่าแบบอนาล็อก,4.9089
cv_1345,common_voice_ext,data/common_voice_ext/cv_1345.wav,data/distorted_cv_ext/cv_1345_severe.wav,severe,ไหนตั๋วของเธอเด็กน้อย เจ้าหน้าที่ถามพลางมองมายังอลิซอย่างเกรี้ยวกราด,8.5157
cv_1346,common_voice_ext,data/common_voice_ext/cv_1346.wav,data/distorted_cv_ext/cv_1346_severe.wav,severe,และเขาแบมือ,3.0012
cv_1347,common_voice_ext,data/common_voice_ext/cv_1347.wav,data/distorted_cv_ext/cv_1347_severe.wav,severe,ฉันไม่อุทิศตนกับอาหาร,3.1337
cv_1348,common_voice_ext,data/common_voice_ext/cv_1348.wav,data/distorted_cv_ext/cv_1348_severe.wav,severe,ฉันเห็นเด็กหญิงคนนี้เมื่อครึ่งชั่วโมงที่ผ่านมาก่อนฉันเจอเธอ,5.0881
cv_1349,common_voice_ext,data/common_voice_ext/cv_1349.wav,data/distorted_cv_ext/cv_1349_severe.wav,severe,มานี่ มานี่,3.88
cv_1350,common_voice_ext,data/common_voice_ext/cv_1350.wav,data/distorted_cv_ext/cv_1350_severe.wav,severe,ฉันเป็นคนเดียวที่ยังคงนั่งอยู่,2.9209
cv_1351,common_voice_ext,data/common_voice_ext/cv_1351.wav,data/distorted_cv_ext/cv_1351_severe.wav,severe,คุณยังจำรหัสผ่านของบัญชีเก่าของคุณได้ไหม,4.2017
cv_1352,common_voice_ext,data/common_voice_ext/cv_1352.wav,data/distorted_cv_ext/cv_1352_severe.wav,severe,ไปดื่มชาและทานบิสกิตกัน,3.2551
cv_1353,common_voice_ext,data/common_voice_ext/cv_1353.wav,data/distorted_cv_ext/cv_1353_severe.wav,severe,มันไม่เป็นใครคนอื่นแล้วหรอ หล่อนบ่นบ่นพึมพำกับตัวเอง,5.9644
cv_1354,common_voice_ext,data/common_voice_ext/cv_1354.wav,data/distorted_cv_ext/cv_1354_severe.wav,severe,ช่างเป็นวันที่แสนดี !,2.4164
cv_1355,common_voice_ext,data/common_voice_ext/cv_1355.wav,data/distorted_cv_ext/cv_1355_severe.wav,severe,สิ่งแรกที่นำเขาไปสู่ความคิดที่คล้าย ๆ การอกหัก,5.4921
cv_1356,common_voice_ext,data/common_voice_ext/cv_1356.wav,data/distorted_cv_ext/cv_1356_severe.wav,severe,ฉันจะไปหามัน,2.2816
cv_1357,common_voice_ext,data/common_voice_ext/cv_1357.wav,data/distorted_cv_ext/cv_1357_severe.wav,severe,ผู้คนต่างอ้าปากค้างเมื่อพวกเขาได้เห็นว่านักพูดนั้นไม่ได้สวมใส่เสื้อผ้าสักชิ้น,6.1379
cv_1358,common_voice_ext,data/common_voice_ext/cv_1358.wav,data/distorted_cv_ext/cv_1358_severe.wav,severe,เขามาถึงในคืนวันที่สองแทน,2.5808
cv_1359,common_voice_ext,data/common_voice_ext/cv_1359.wav,data/distorted_cv_ext/cv_1359_severe.wav,severe,ฉันไม่สามารถเชื่อมันได้.,2.2258
cv_1360,common_voice_ext,data/common_voice_ext/cv_1360.wav,data/distorted_cv_ext/cv_1360_severe.wav,severe,นาฬิกาปลุกของฉันไม่มีปุ่มสั่น,3.1309
cv_1361,common_voice_ext,data/common_voice_ext/cv_1361.wav,data/distorted_cv_ext/cv_1361_severe.wav,severe,คุณกำลังจะเจอกับช่วงเวลาอันเลวร้าย,4.5768
cv_1362,common_voice_ext,data/common_voice_ext/cv_1362.wav,data/distorted_cv_ext/cv_1362_severe.wav,severe,ตอนนี้ฉันไปหาเธออีกครั้งซึ่งเป็นความผิดพลาดครั้งที่สอง,4.6043
cv_1363,common_voice_ext,data/common_voice_ext/cv_1363.wav,data/distorted_cv_ext/cv_1363_severe.wav,severe,ฉันว่าหล่อนน่าจะชอบเดินไปคุยไปนะ,5.0767
cv_1364,common_voice_ext,data/common_voice_ext/cv_1364.wav,data/distorted_cv_ext/cv_1364_severe.wav,severe,ภาวนาต่อความเงียบงันสำหรับคืนนี้ของผู้พูด,4.3319
cv_1365,common_voice_ext,data/common_voice_ext/cv_1365.wav,data/distorted_cv_ext/cv_1365_severe.wav,severe,“ไปเลย ! ” โดโรธีกล่าว,2.8668
cv_1366,common_voice_ext,data/common_voice_ext/cv_1366.wav,data/distorted_cv_ext/cv_1366_severe.wav,severe,ความเห็นที่พวกเขาเขียนบนอินเทอร์เน็ตนั้นไม่ค่อยมีวัตถุประสงค์,3.8914
cv_1367,common_voice_ext,data/common_voice_ext/cv_1367.wav,data/distorted_cv_ext/cv_1367_severe.wav,severe,มันไม่ได้อยู่ในรายการที่ต้องทำ ดังนั้นเราจะไม่ทำในวันนี้,5.4204
cv_1368,common_voice_ext,data/common_voice_ext/cv_1368.wav,data/distorted_cv_ext/cv_1368_severe.wav,severe,น้ำในลินคอล์นไชร์หมดแล้ว,3.0793
cv_1369,common_voice_ext,data/common_voice_ext/cv_1369.wav,data/distorted_cv_ext/cv_1369_severe.wav,severe,คุณรู้ไหมว่าเราชั่งน้ำหนักของถ่านหินที่เราเผาทุกปอนด์,4.8619
cv_1370,common_voice_ext,data/common_voice_ext/cv_1370.wav,data/distorted_cv_ext/cv_1370_severe.wav,severe,นั่นจะไม่ช่วยคุณ,3.6557
cv_1371,common_voice_ext,data/common_voice_ext/cv_1371.wav,data/distorted_cv_ext/cv_1371_severe.wav,severe,ด้วยเสียงที่แยกจากกันอย่างชัดเจน,3.7405
cv_1372,common_voice_ext,data/common_voice_ext/cv_1372.wav,data/distorted_cv_ext/cv_1372_severe.wav,severe,ฉันถูกเข้าใจผิด ฉันกล้าพูดเลย,3.7264
cv_1373,common_voice_ext,data/common_voice_ext/cv_1373.wav,data/distorted_cv_ext/cv_1373_severe.wav,severe,และฉันไม่ฉลาด เขาพูดด้วยความพึงพอใจ,3.6914
cv_1374,common_voice_ext,data/common_voice_ext/cv_1374.wav,data/distorted_cv_ext/cv_1374_severe.wav,severe,คำอธิบายที่เป็นความจริงสามารถช่วยอธิบายความหมายของโมเดลกล่องดำได้,6.255
cv_1375,common_voice_ext,data/common_voice_ext/cv_1375.wav,data/distorted_cv_ext/cv_1375_severe.wav,severe,ฉันคิดว่าอาจจะสำคัญ,3.0826
cv_1376,common_voice_ext,data/common_voice_ext/cv_1376.wav,data/distorted_cv_ext/cv_1376_severe.wav,severe,เพื่อนที่ข่มขู่และเป็นอันตราย,2.8228
cv_1377,common_voice_ext,data/common_voice_ext/cv_1377.wav,data/distorted_cv_ext/cv_1377_severe.wav,severe,นักประดาน้ำ ใช้แรงเปิดปากหอยนางลม เผยให้เห็นไข่มุขที่ส่องแสงเป็นประกาย,8.4711
cv_1378,common_voice_ext,data/common_voice_ext/cv_1378.wav,data/distorted_cv_ext/cv_1378_severe.wav,severe,ดูเหมือนว่าผู้สูงอายุมีปัญหาในการใช้อินเทอร์เน็ต,4.0566
cv_1379,common_voice_ext,data/common_voice_ext/cv_1379.wav,data/distorted_cv_ext/cv_1379_severe.wav,severe,ให้ฉันดูสิว่าฉันแกล้งทำเป็นต้องพิจารณา,5.6481
cv_1380,common_voice_ext,data/common_voice_ext/cv_1380.wav,data/distorted_cv_ext/cv_1380_severe.wav,severe,มันจะเป็นข้อตกลงที่ดีสำหรับเรา,3.9274
cv_1381,common_voice_ext,data/common_voice_ext/cv_1381.wav,data/distorted_cv_ext/cv_1381_severe.wav,severe,ศาสนายูดาย ศาสนาคริสต์และอิสลาม เป็น ศาสนาอับบราฮัมมิก,8.0213
cv_1382,common_voice_ext,data/common_voice_ext/cv_1382.wav,data/distorted_cv_ext/cv_1382_severe.wav,severe,นอกจากนั้น มันก็ไม่ใช่สิ่งที่ต้องใช้เวลาคิดนาน,6.3692
cv_1383,common_voice_ext,data/common_voice_ext/cv_1383.wav,data/distorted_cv_ext/cv_1383_severe.wav,severe,ฉันชนรถเช่าอย่างไม่ได้ตั้งใจ,6.0846
cv_1384,common_voice_ext,data/common_voice_ext/cv_1384.wav,data/distorted_cv_ext/cv_1384_severe.wav,severe,ไปดิสนี่แลนด์ด้วยกันเถอะ,4.554
cv_1385,common_voice_ext,data/common_voice_ext/cv_1385.wav,data/distorted_cv_ext/cv_1385_severe.wav,severe,หัวหน้ามันคืออะไรหรอ,4.967
cv_1386,common_voice_ext,data/common_voice_ext/cv_1386.wav,data/distorted_cv_ext/cv_1386_severe.wav,severe,ในสหราชอาณาจักรมีสะพานลอยที่เป็นที่รู้จักกัน,5.2669
cv_1387,common_voice_ext,data/common_voice_ext/cv_1387.wav,data/distorted_cv_ext/cv_1387_severe.wav,severe,ชอร์ตี้หันไปหานายจ้าง,2.7589
cv_1388,common_voice_ext,data/common_voice_ext/cv_1388.wav,data/distorted_cv_ext/cv_1388_severe.wav,severe,ฉันสามารถมองเห็นมัน,2.1698
cv_1389,common_voice_ext,data/common_voice_ext/cv_1389.wav,data/distorted_cv_ext/cv_1389_severe.wav,severe,หน้าต่างและประตูบางบานเปิดออกและผู้คนออกมาดู,5.6175
cv_1390,common_voice_ext,data/common_voice_ext/cv_1390.wav,data/distorted_cv_ext/cv_1390_severe.wav,severe,หมอต้องตายทันที,2.6816
cv_1391,common_voice_ext,data/common_voice_ext/cv_1391.wav,data/distorted_cv_ext/cv_1391_severe.wav,severe,หนึ่งแน่นอน ! 'ดอร์เม้าส์พูดอย่างขุ่นเคือง,4.3213
cv_1392,common_voice_ext,data/common_voice_ext/cv_1392.wav,data/distorted_cv_ext/cv_1392_severe.wav,severe,ปลาทะเลหรือแม่น้ำ ?,2.4253
cv_1393,common_voice_ext,data/common_voice_ext/cv_1393.wav,data/distorted_cv_ext/cv_1393_severe.wav,severe,ผู้ชายสองคนคุยกันเป็นภาษาอาหรับในขณะที่ดื่มในบาร์,5.5639
cv_1394,common_voice_ext,data/common_voice_ext/cv_1394.wav,data/distorted_cv_ext/cv_1394_severe.wav,severe,ฉันคิดไว้แล้วว่าคุณจะขอเรื่องนั้น แต่ฉันยังไม่มี,8.1337
cv_1395,common_voice_ext,data/common_voice_ext/cv_1395.wav,data/distorted_cv_ext/cv_1395_severe.wav,severe,กำลังดำเนินการ,2.4402
cv_1396,common_voice_ext,data/common_voice_ext/cv_1396.wav,data/distorted_cv_ext/cv_1396_severe.wav,severe,ฉันคิดว่ามันค่อนข้างวิธีการของเรามีอยู่จริง,8.2891
cv_1397,common_voice_ext,data/common_voice_ext/cv_1397.wav,data/distorted_cv_ext/cv_1397_severe.wav,severe,คำพูดในความเห็นที่ไม่ถ่อมตัวมากนักของฉันคือแหล่งของเวทมนตร์ที้ไม่มีวันหมด,9.8749
cv_1398,common_voice_ext,data/common_voice_ext/cv_1398.wav,data/distorted_cv_ext/cv_1398_severe.wav,severe,พระผู้เป็นเจ้า ชายหนุ่มพูด,2.7899
cv_1399,common_voice_ext,data/common_voice_ext/cv_1399.wav,data/distorted_cv_ext/cv_1399_severe.wav,severe,นั่นไม่เคยเกิดขึ้นกับเธอ,2.7476
cv_1400,common_voice_ext,data/common_voice_ext/cv_1400.wav,data/distorted_cv_ext/cv_1400_severe.wav,severe,ฉันได้จองวันหยุดแล้ว,2.5151
cv_1401,common_voice_ext,data/common_voice_ext/cv_1401.wav,data/distorted_cv_ext/cv_1401_severe.wav,severe,คุณจำได้ไหมว่าเธอเป็นชาวแคนาดาหรืออเมริกัน,4.7873
cv_1402,common_voice_ext,data/common_voice_ext/cv_1402.wav,data/distorted_cv_ext/cv_1402_severe.wav,severe,ฉันคิดว่าฉันไม่ควรพบคุณห่างไกลจากอาหาร,3.7332
cv_1403,common_voice_ext,data/common_voice_ext/cv_1403.wav,data/distorted_cv_ext/cv_1403_severe.wav,severe,เค้กชอคโกแล็ตที่อุ่นได้กับไมโครเวฟ,4.2234
cv_1404,common_voice_ext,data/common_voice_ext/cv_1404.wav,data/distorted_cv_ext/cv_1404_severe.wav,severe,ความงามของทิวทัศน์ทำให้เด็กชายตะลึง,3.9296
cv_1405,common_voice_ext,data/common_voice_ext/cv_1405.wav,data/distorted_cv_ext/cv_1405_severe.wav,severe,ฉันเหนื่อยมากฉันไม่อยากจะขยับเลย,3.2572
cv_1406,common_voice_ext,data/common_voice_ext/cv_1406.wav,data/distorted_cv_ext/cv_1406_severe.wav,severe,นั่นเป็นสิ่งเดียวที่เราได้เรียนรู้,4.6445
cv_1407,common_voice_ext,data/common_voice_ext/cv_1407.wav,data/distorted_cv_ext/cv_1407_severe.wav,severe,เป็นเสียงที่ดี คุณว่าไหม,5.1028
cv_1408,common_voice_ext,data/common_voice_ext/cv_1408.wav,data/distorted_cv_ext/cv_1408_severe.wav,severe,นักพัฒนาที่มีความคล่องแคล่วเชี่ยวชาญในการสร้างผลิตภัณฑ์ขั้นพื้นฐาน,8.1197
cv_1409,common_voice_ext,data/common_voice_ext/cv_1409.wav,data/distorted_cv_ext/cv_1409_severe.wav,severe,เขาไม่สามารถเอามันออกจากหัวได้,4.6007
cv_1410,common_voice_ext,data/common_voice_ext/cv_1410.wav,data/distorted_cv_ext/cv_1410_severe.wav,severe,คุณอวยพรว่าอะไร,3.7811
cv_1411,common_voice_ext,data/common_voice_ext/cv_1411.wav,data/distorted_cv_ext/cv_1411_severe.wav,severe,เธอจะพูดไหม กษัตริย์ขู่,3.7777
cv_1412,common_voice_ext,data/common_voice_ext/cv_1412.wav,data/distorted_cv_ext/cv_1412_severe.wav,severe,ถ้าหมวกแก๊ปพอดี ก็ใส่มัน,4.9498
cv_1413,common_voice_ext,data/common_voice_ext/cv_1413.wav,data/distorted_cv_ext/cv_1413_severe.wav,severe,ตอนนี้ให้เธอแสดงให้ฉันเห็นอีกครั้ง,5.6179
cv_1414,common_voice_ext,data/common_voice_ext/cv_1414.wav,data/distorted_cv_ext/cv_1414_severe.wav,severe,แล้วอากาศก็เริ่มเย็นขึ้น,3.9361
cv_1415,common_voice_ext,data/common_voice_ext/cv_1415.wav,data/distorted_cv_ext/cv_1415_severe.wav,severe,ฉันคุยกับหนึ่งในผู้ให้คำแนะนำ ผู้ซึ่งเปี่ยมไปด้วยความรู้มาก,7.9227
cv_1416,common_voice_ext,data/common_voice_ext/cv_1416.wav,data/distorted_cv_ext/cv_1416_severe.wav,severe,พวกเขาได้แรงบันดาลใจมาจากพายุที่ผ่านมา เพื่อที่จะไม่ให้มันเกิดขึ้นอีกครั้ง,9.2137
cv_1417,common_voice_ext,data/common_voice_ext/cv_1417.wav,data/distorted_cv_ext/cv_1417_severe.wav,severe,ฉันหันไปหาเธอ,3.5824
cv_1418,common_voice_ext,data/common_voice_ext/cv_1418.wav,data/distorted_cv_ext/cv_1418_severe.wav,severe,แต่นี่ไม่ใช่สิ่งที่จะเป็น,4.2572
cv_1419,common_voice_ext,data/common_voice_ext/cv_1419.wav,data/distorted_cv_ext/cv_1419_severe.wav,severe,เราจะไปกินข้าวกลางวันกัน,4.883
cv_1420,common_voice_ext,data/common_voice_ext/cv_1420.wav,data/distorted_cv_ext/cv_1420_severe.wav,severe,ขอเครื่องดื่มรสเชอรี่กับพลัมค่ะ,4.8563
cv_1421,common_voice_ext,data/common_voice_ext/cv_1421.wav,data/distorted_cv_ext/cv_1421_severe.wav,severe,เขาหมายความว่าอะไร,4.3785
cv_1422,common_voice_ext,data/common_voice_ext/cv_1422.wav,data/distorted_cv_ext/cv_1422_severe.wav,severe,มันจะเป็นอย่างไร,3.1648
cv_1423,common_voice_ext,data/common_voice_ext/cv_1423.wav,data/distorted_cv_ext/cv_1423_severe.wav,severe,เขาเข้าใจความหมายของลุคนี้,3.8844
cv_1424,common_voice_ext,data/common_voice_ext/cv_1424.wav,data/distorted_cv_ext/cv_1424_severe.wav,severe,ฉันจะทำงานไปกับคุณในโครงการนี้,5.3811
cv_1425,common_voice_ext,data/common_voice_ext/cv_1425.wav,data/distorted_cv_ext/cv_1425_severe.wav,severe,นี่มันหมายความว่าอะไร,4.0569
cv_1426,common_voice_ext,data/common_voice_ext/cv_1426.wav,data/distorted_cv_ext/cv_1426_severe.wav,severe,ฉันกำลังจะลองขุดเจาะน้ำมัน,5.0439
cv_1427,common_voice_ext,data/common_voice_ext/cv_1427.wav,data/distorted_cv_ext/cv_1427_severe.wav,severe,คุณรู้จักฉันไหม,3.5263
cv_1428,common_voice_ext,data/common_voice_ext/cv_1428.wav,data/distorted_cv_ext/cv_1428_severe.wav,severe,เขาเริ่มมีความมั่นใจ,4.1281
cv_1429,common_voice_ext,data/common_voice_ext/cv_1429.wav,data/distorted_cv_ext/cv_1429_severe.wav,severe,โจแอนมองอย่างชัยชนะไปที่เขลดอน ผู้กำลังโค้งคำนับ,7.0228
cv_1430,common_voice_ext,data/common_voice_ext/cv_1430.wav,data/distorted_cv_ext/cv_1430_severe.wav,severe,โคมไฟเป็นประกายแสงเปลวเพลิงสีเขียว,5.2276
cv_1431,common_voice_ext,data/common_voice_ext/cv_1431.wav,data/distorted_cv_ext/cv_1431_severe.wav,severe,องค์กรสันติภาพนัดประชุมเพื่อปรึกษาเรื่องแผนงาน,6.1099
cv_1432,common_voice_ext,data/common_voice_ext/cv_1432.wav,data/distorted_cv_ext/cv_1432_severe.wav,severe,คุณต้องการอุดท่อนั้นจริงหรือ,4.4028
cv_1433,common_voice_ext,data/common_voice_ext/cv_1433.wav,data/distorted_cv_ext/cv_1433_severe.wav,severe,ครูควรมีความเข้าอกเข้าใจเด็ก,4.0095
cv_1434,common_voice_ext,data/common_voice_ext/cv_1434.wav,data/distorted_cv_ext/cv_1434_severe.wav,severe,สมองที่กระทบกระเทือนสามารถเปลี่ยนชีวิตได้,4.9697
cv_1435,common_voice_ext,data/common_voice_ext/cv_1435.wav,data/distorted_cv_ext/cv_1435_severe.wav,severe,อะไรในโลกที่จะทำให้โชเฟอร์ต้องการเต้น ?,5.0643
cv_1436,common_voice_ext,data/common_voice_ext/cv_1436.wav,data/distorted_cv_ext/cv_1436_severe.wav,severe,บางสิ่งบางอย่างเกี่ยวกับมันดูเหมือนจะทำให้เขาหลงใหลท้าทายการปรากฏตัวของเขา,7.0687
cv_1437,common_voice_ext,data/common_voice_ext/cv_1437.wav,data/distorted_cv_ext/cv_1437_severe.wav,severe,เครือข่ายการก่อการร้ายข้ามชาติ,4.4341
cv_1438,common_voice_ext,data/common_voice_ext/cv_1438.wav,data/distorted_cv_ext/cv_1438_severe.wav,severe,เขาเปลี่ยนไปเขากลับมาแล้วส่ายหัว,4.839
cv_1439,common_voice_ext,data/common_voice_ext/cv_1439.wav,data/distorted_cv_ext/cv_1439_severe.wav,severe,แมวที่หวาดกลัววิ่งหนีข้ามถนน,4.3271
cv_1440,common_voice_ext,data/common_voice_ext/cv_1440.wav,data/distorted_cv_ext/cv_1440_severe.wav,severe,คุณได้ใช้ที่หนีบผมหรือเปล่า ?,3.7496
cv_1441,common_voice_ext,data/common_voice_ext/cv_1441.wav,data/distorted_cv_ext/cv_1441_severe.wav,severe,เขาหยิบกุญแจมาจากตู้เก็บของของเขา,4.5572
cv_1442,common_voice_ext,data/common_voice_ext/cv_1442.wav,data/distorted_cv_ext/cv_1442_severe.wav,severe,ผู้เข้าร่วมสิบหกคนมีส่วนร่วมในการแข่งขันหมากรุก,6.2583
cv_1443,common_voice_ext,data/common_voice_ext/cv_1443.wav,data/distorted_cv_ext/cv_1443_severe.wav,severe,เฮ้ เฮ้ ทำไมของใช้อันนี้ไม่ทำงานกันล่ะเนี่ย,4.9544
cv_1444,common_voice_ext,data/common_voice_ext/cv_1444.wav,data/distorted_cv_ext/cv_1444_severe.wav,severe,ดังเช่นคนสวนนั้นก็คือสวน,3.8633
cv_1445,common_voice_ext,data/common_voice_ext/cv_1445.wav,data/distorted_cv_ext/cv_1445_severe.wav,severe,ใช่ ฉันเห็นแล้วแหละ เขาพูดอย่างหน้าตาเฉย,5.7336
cv_1446,common_voice_ext,data/common_voice_ext/cv_1446.wav,data/distorted_cv_ext/cv_1446_severe.wav,severe,พลเอก ประวิตร วงษ์สุวรรณ เป็นรองนายกรัฐมนตรี,5.1828
cv_1447,common_voice_ext,data/common_voice_ext/cv_1447.wav,data/distorted_cv_ext/cv_1447_severe.wav,severe,บางครั้งฉันต้องล้างแคชเบราว์เซอร์ของฉันเพื่อประหยัดพื้นที่จัดเก็บเพิ่มเติม,8.0483
cv_1448,common_voice_ext,data/common_voice_ext/cv_1448.wav,data/distorted_cv_ext/cv_1448_severe.wav,severe,แต่ในแม่น้ำของหุบเขาและป่านั้นยังคงอุดมสมบูรณ์,6.9188
cv_1449,common_voice_ext,data/common_voice_ext/cv_1449.wav,data/distorted_cv_ext/cv_1449_severe.wav,severe,ฉันเห็นพวกเขาย่องเข้าไปขโมยของในบ้านขณะที่เราคุยกันอยู่,7.5128
cv_1450,common_voice_ext,data/common_voice_ext/cv_1450.wav,data/distorted_cv_ext/cv_1450_severe.wav,severe,ฉันไม่แปลกใจ,3.1213
cv_1451,common_voice_ext,data/common_voice_ext/cv_1451.wav,data/distorted_cv_ext/cv_1451_severe.wav,severe,ฉันคิดว่าการแปลภาษาจะดีขึ้นเมื่อได้รับเวลา,5.5382
cv_1452,common_voice_ext,data/common_voice_ext/cv_1452.wav,data/distorted_cv_ext/cv_1452_severe.wav,severe,เขาทำอะไรน่ะ,2.7529
cv_1453,common_voice_ext,data/common_voice_ext/cv_1453.wav,data/distorted_cv_ext/cv_1453_severe.wav,severe,คนที่มีชื่อเสียงในยุโรปบ่นนายแบดเจอร์,5.3228
cv_1454,common_voice_ext,data/common_voice_ext/cv_1454.wav,data/distorted_cv_ext/cv_1454_severe.wav,severe,วันหรือสองวันและคุณจะเป็นตัวของคุณเองอีกครั้ง,5.3149
cv_1455,common_voice_ext,data/common_voice_ext/cv_1455.wav,data/distorted_cv_ext/cv_1455_severe.wav,severe,ซีเลียปล่อยแขนให้ตกลงบนโต๊ะข้างหน้าของเธอ,5.3574
cv_1456,common_voice_ext,data/common_voice_ext/cv_1456.wav,data/distorted_cv_ext/cv_1456_severe.wav,severe,ผ่านไปและผ่านไป ทำให้ดาบนั้นเกิดเสียง,6.7236
cv_1457,common_voice_ext,data/common_voice_ext/cv_1457.wav,data/distorted_cv_ext/cv_1457_severe.wav,severe,ตอนนั้นเธอจะทำอะไร,3.0623
cv_1458,common_voice_ext,data/common_voice_ext/cv_1458.wav,data/distorted_cv_ext/cv_1458_severe.wav,severe,ฉันทำมากกว่านี้ไม่ได้แล้ว,3.1246
cv_1459,common_voice_ext,data/common_voice_ext/cv_1459.wav,data/distorted_cv_ext/cv_1459_severe.wav,severe,ทัศนคติของนางซิมมอนส์จะกลายเป็นอันตรายอย่างแน่นอน,7.318
cv_1460,common_voice_ext,data/common_voice_ext/cv_1460.wav,data/distorted_cv_ext/cv_1460_severe.wav,severe,ฉันเห็นมันเมื่อหล่อนหมุน,3.8079
cv_1461,common_voice_ext,data/common_voice_ext/cv_1461.wav,data/distorted_cv_ext/cv_1461_severe.wav,severe,ผมคิดว่าหลังจากนั้นเธอจะไม่ต้องการความช่วยเหลือเพิ่มเติม,5.9758
cv_1462,common_voice_ext,data/common_voice_ext/cv_1462.wav,data/distorted_cv_ext/cv_1462_severe.wav,severe,ให้ฉันรู้ได้ไหม,3.0429
cv_1463,common_voice_ext,data/common_voice_ext/cv_1463.wav,data/distorted_cv_ext/cv_1463_severe.wav,severe,ฉันมั่นใจว่า เดี๋ยวเราก็จะหาทางสว่างได้ในงานอสังหาริมทรัพย์,7.8624
cv_1464,common_voice_ext,data/common_voice_ext/cv_1464.wav,data/distorted_cv_ext/cv_1464_severe.wav,severe,อะไรคือสิ่งที่ดีของบ้าน ถ้าหากว่าคุณไม่เคยมี,5.6396
cv_1465,common_voice_ext,data/common_voice_ext/cv_1465.wav,data/distorted_cv_ext/cv_1465_severe.wav,severe,เกิดอะไรขึ้นกับฉัน,3.2448
cv_1466,common_voice_ext,data/common_voice_ext/cv_1466.wav,data/distorted_cv_ext/cv_1466_severe.wav,severe,ผู้พันแซนเดอมีรูปใบหน้าของเค้าบนตึกหลายตึก,6.8096
cv_1467,common_voice_ext,data/common_voice_ext/cv_1467.wav,data/distorted_cv_ext/cv_1467_severe.wav,severe,เจสันเปิดหีบที่เก่าและขึ้นสนิมในห้องใต้หลังคาที่บ้านของเขา,7.6013
cv_1468,common_voice_ext,data/common_voice_ext/cv_1468.wav,data/distorted_cv_ext/cv_1468_severe.wav,severe,มันบอกไว้ว่าเขามาเพื่อพักผ่อน,4.8937
cv_1469,common_voice_ext,data/common_voice_ext/cv_1469.wav,data/distorted_cv_ext/cv_1469_severe.wav,severe,เมฆเคลื่อนไปอย่างสง่างามและหายไป,4.7839
cv_1470,common_voice_ext,data/common_voice_ext/cv_1470.wav,data/distorted_cv_ext/cv_1470_severe.wav,severe,เขาเงยหน้าขึ้นมองฉันและยิ้ม,4.3803
cv_1471,common_voice_ext,data/common_voice_ext/cv_1471.wav,data/distorted_cv_ext/cv_1471_severe.wav,severe,ในอังกฤษ สำนักงานสภาส่วนท้องถิ่นทำหน้าที่เหมือนโกดังสินค้าท้องถิ่น,6.8217
cv_1472,common_voice_ext,data/common_voice_ext/cv_1472.wav,data/distorted_cv_ext/cv_1472_severe.wav,severe,ขอสวรรค์ประทานพรให้เธอและสามีของเธอด้วยเถอะ !,6.4241
cv_1473,common_voice_ext,data/common_voice_ext/cv_1473.wav,data/distorted_cv_ext/cv_1473_severe.wav,severe,นั่นเป็นสาเหตุที่ทำให้เสียงของคุณสูงมาก,5.7521
cv_1474,common_voice_ext,data/common_voice_ext/cv_1474.wav,data/distorted_cv_ext/cv_1474_severe.wav,severe,มีบางอย่างที่ส่องแสงในมือของเขา มันเป็นกระบอกปืนพกของเขา,7.5206
cv_1475,common_voice_ext,data/common_voice_ext/cv_1475.wav,data/distorted_cv_ext/cv_1475_severe.wav,severe,เป็นอะไรหรือเปล่า,2.7283
cv_1476,common_voice_ext,data/common_voice_ext/cv_1476.wav,data/distorted_cv_ext/cv_1476_severe.wav,severe,ฉันรู้สึกตื้นตันใจมากและจะไม่ลืมความเมตตาของคุณเลย,4.8717
cv_1477,common_voice_ext,data/common_voice_ext/cv_1477.wav,data/distorted_cv_ext/cv_1477_severe.wav,severe,เขามองอย่างไร,2.973
cv_1478,common_voice_ext,data/common_voice_ext/cv_1478.wav,data/distorted_cv_ext/cv_1478_severe.wav,severe,รัฐบาลนี้จึงมีความมุ่งมั่นที่จะพัฒนาประเทศไทย,4.5819
cv_1479,common_voice_ext,data/common_voice_ext/cv_1479.wav,data/distorted_cv_ext/cv_1479_severe.wav,severe,มันจบได้อย่างไร,2.5104
cv_1480,common_voice_ext,data/common_voice_ext/cv_1480.wav,data/distorted_cv_ext/cv_1480_severe.wav,severe,มันเป็นไปได้ด้วยดี ทุกอย่างคิดไว้แล้ว,5.2243
cv_1481,common_voice_ext,data/common_voice_ext/cv_1481.wav,data/distorted_cv_ext/cv_1481_severe.wav,severe,พุดดิ้งคัสตาร์ดเป็นพุดดิ้งดั้งเดิมของอังกฤษ,5.1926
cv_1482,common_voice_ext,data/common_voice_ext/cv_1482.wav,data/distorted_cv_ext/cv_1482_severe.wav,severe,มันไม่เหมาะสมสำหรับวัตถุประสงค์อีกต่อไป,4.8206
cv_1483,common_voice_ext,data/common_voice_ext/cv_1483.wav,data/distorted_cv_ext/cv_1483_severe.wav,severe,การท่องเที่ยวและกีฬา,2.6094
cv_1484,common_voice_ext,data/common_voice_ext/cv_1484.wav,data/distorted_cv_ext/cv_1484_severe.wav,severe,คำสารภาพของเธอยืนยันเรื่องราวทั้งหมด,4.1138
cv_1485,common_voice_ext,data/common_voice_ext/cv_1485.wav,data/distorted_cv_ext/cv_1485_severe.wav,severe,ต้องเรียกคุณว่าอะไรจึงจะถูกต้อง ?,4.358
cv_1486,common_voice_ext,data/common_voice_ext/cv_1486.wav,data/distorted_cv_ext/cv_1486_severe.wav,severe,ฉันไม่เชื่อมัน,2.6749
cv_1487,common_voice_ext,data/common_voice_ext/cv_1487.wav,data/distorted_cv_ext/cv_1487_severe.wav,severe,ฉันกำลังตั้งใจฟังกับทุกสิ่งที่คุณพูด,4.275
cv_1488,common_voice_ext,data/common_voice_ext/cv_1488.wav,data/distorted_cv_ext/cv_1488_severe.wav,severe,ความซับซ้อนมักจะแย่นะ,3.4876
cv_1489,common_voice_ext,data/common_voice_ext/cv_1489.wav,data/distorted_cv_ext/cv_1489_severe.wav,severe,สิ่งที่พวกเขาชอบทำตลอดชีวิตก็คือเพาะเลี้ยงหมูพันธุ์หายาก,6.7334
cv_1490,common_voice_ext,data/common_voice_ext/cv_1490.wav,data/distorted_cv_ext/cv_1490_severe.wav,severe,ผมไม่ใจดีกับสัตว์ที่เลี้ยงหรอก มิสเตอร์จอร์ชกล่าว,5.0812
cv_1491,common_voice_ext,data/common_voice_ext/cv_1491.wav,data/distorted_cv_ext/cv_1491_severe.wav,severe,มันสร้างเสียงค่อนข้างบาง,5.0989
cv_1492,common_voice_ext,data/common_voice_ext/cv_1492.wav,data/distorted_cv_ext/cv_1492_severe.wav,severe,ฉันรู้ว่านายเอลีนไม่ใช่เพื่อนฉันเธอพูด,6.7695
cv_1493,common_voice_ext,data/common_voice_ext/cv_1493.wav,data/distorted_cv_ext/cv_1493_severe.wav,severe,แค่นั้นแหละชายชราพยักหน้า,4.7366
cv_1494,common_voice_ext,data/common_voice_ext/cv_1494.wav,data/distorted_cv_ext/cv_1494_severe.wav,severe,โดยวิธีการทั้งหมดเขาตอบด้วยรอยยิ้มของมารยาทที่รุนแรง,7.2189
cv_1495,common_voice_ext,data/common_voice_ext/cv_1495.wav,data/distorted_cv_ext/cv_1495_severe.wav,severe,เมื่อถึงจุดนั้น หมอค่อนข้างมั่นใจเป็นอย่างมาก,6.0946
cv_1496,common_voice_ext,data/common_voice_ext/cv_1496.wav,data/distorted_cv_ext/cv_1496_severe.wav,severe,พรุ่งนี้เช้ารถไฟจะถึงเมื่อไหร่,4.786
cv_1497,common_voice_ext,data/common_voice_ext/cv_1497.wav,data/distorted_cv_ext/cv_1497_severe.wav,severe,ฉันจะไม่ปล่อยให้ตัวเองถูกไล่ออก,5.1131
cv_1498,common_voice_ext,data/common_voice_ext/cv_1498.wav,data/distorted_cv_ext/cv_1498_severe.wav,severe,พลเอก ประยุทธ์ จันทร์โอชา นายกรัฐมนตรี,6.5164
cv_1499,common_voice_ext,data/common_voice_ext/cv_1499.wav,data/distorted_cv_ext/cv_1499_severe.wav,severe,ฉันเดาได้มาก,3.4553
cv_1500,common_voice_ext,data/common_voice_ext/cv_1500.wav,data/distorted_cv_ext/cv_1500_severe.wav,severe,การอัพเดตของเฟิร์มแวร์ได้พร้อมใช้งานแล้ว,6.1112
cv_1501,common_voice_ext,data/common_voice_ext/cv_1501.wav,data/distorted_cv_ext/cv_1501_severe.wav,severe,ดีมากออซตอบอย่างอ่อนโยน,4.6301
cv_1502,common_voice_ext,data/common_voice_ext/cv_1502.wav,data/distorted_cv_ext/cv_1502_severe.wav,severe,ท่าทางของเธอแปลก,3.8179
cv_1503,common_voice_ext,data/common_voice_ext/cv_1503.wav,data/distorted_cv_ext/cv_1503_severe.wav,severe,ขอบคุณที่ให้อัลบั้มเพลงคลาสสิคแก่ฉัน,4.7888
cv_1504,common_voice_ext,data/common_voice_ext/cv_1504.wav,data/distorted_cv_ext/cv_1504_severe.wav,severe,มันยังเห็นไม่ชัดเลย,4.0407
cv_1505,common_voice_ext,data/common_voice_ext/cv_1505.wav,data/distorted_cv_ext/cv_1505_severe.wav,severe,ไม่ต้องสงสัยเลยว่าฆาตกรของเขาถูกจับ,5.1161
cv_1506,common_voice_ext,data/common_voice_ext/cv_1506.wav,data/distorted_cv_ext/cv_1506_severe.wav,severe,ฉันโดนถามว่าเป็นภรรยาน้อยของบ้านบลีกหรือไม่,5.5741
cv_1507,common_voice_ext,data/common_voice_ext/cv_1507.wav,data/distorted_cv_ext/cv_1507_severe.wav,severe,หลังจากนี้ อลิซก็เงียบไปประมาณหนึ่งหรือสองนาที ขณะกำลังนึกคิด,7.6842
cv_1508,common_voice_ext,data/common_voice_ext/cv_1508.wav,data/distorted_cv_ext/cv_1508_severe.wav,severe,ผมว่าเรื่องนี้มันไม่ชอบมาพากลนะ มันอาจจะเป็นการหนีภาษีก็ได้,7.8618
cv_1509,common_voice_ext,data/common_voice_ext/cv_1509.wav,data/distorted_cv_ext/cv_1509_severe.wav,severe,คุณมีเบอร์โทรศัพท์ของฮิวโกไหม,5.4078
cv_1510,common_voice_ext,data/common_voice_ext/cv_1510.wav,data/distorted_cv_ext/cv_1510_severe.wav,severe,แตรรถทำให้ตำรวจตื่น,3.6995
cv_1511,common_voice_ext,data/common_voice_ext/cv_1511.wav,data/distorted_cv_ext/cv_1511_severe.wav,severe,จูจิซูเป็นศิลปะป้องกันตัว,4.5269
cv_1512,common_voice_ext,data/common_voice_ext/cv_1512.wav,data/distorted_cv_ext/cv_1512_severe.wav,severe,ใช่ ฉันรู้อะไรบางอย่าง,4.1754
cv_1513,common_voice_ext,data/common_voice_ext/cv_1513.wav,data/distorted_cv_ext/cv_1513_severe.wav,severe,ฉันไม่คิดว่า โดโรธีพูด,3.2019
cv_1514,common_voice_ext,data/common_voice_ext/cv_1514.wav,data/distorted_cv_ext/cv_1514_severe.wav,severe,คนที่ฟังก่อนที่จะพูดทำให้เขาฉลาด,5.0319
cv_1515,common_voice_ext,data/common_voice_ext/cv_1515.wav,data/distorted_cv_ext/cv_1515_severe.wav,severe,คุณพบฉัน ! เขาร้องไห้ด้วยความตกใจ,4.1399
cv_1516,common_voice_ext,data/common_voice_ext/cv_1516.wav,data/distorted_cv_ext/cv_1516_severe.wav,severe,มันง่ายกว่าที่จะให้แทนที่จะถือมันไว้,5.3342
cv_1517,common_voice_ext,data/common_voice_ext/cv_1517.wav,data/distorted_cv_ext/cv_1517_severe.wav,severe,เธอเก็บสะสมชุดของพจนานุกรมและสารานุกรมไว้ที่ตู้อันนี้,7.6701
cv_1518,common_voice_ext,data/common_voice_ext/cv_1518.wav,data/distorted_cv_ext/cv_1518_severe.wav,severe,คุณเห็นเธอบ้างไหม,2.5205
cv_1519,common_voice_ext,data/common_voice_ext/cv_1519.wav,data/distorted_cv_ext/cv_1519_severe.wav,severe,วิคกี้มีความรู้เรื่องเกี่ยวกับข้อกำหนดของการย้ายถิ่นฐานดีมาก,6.2589
cv_1520,common_voice_ext,data/common_voice_ext/cv_1520.wav,data/distorted_cv_ext/cv_1520_severe.wav,severe,ทำงานเป็นประจำเลย คุณป้าดาเลียทำงานเป็นประจำ,4.9618
cv_1521,common_voice_ext,data/common_voice_ext/cv_1521.wav,data/distorted_cv_ext/cv_1521_severe.wav,severe,ความเศร้าโศกและงานเฉลิมฉลอง,3.3634
cv_1522,common_voice_ext,data/common_voice_ext/cv_1522.wav,data/distorted_cv_ext/cv_1522_severe.wav,severe,เป็นรัฐมนตรีช่วยว่าการกระทรวงกลาโหม,5.0501
cv_1523,common_voice_ext,data/common_voice_ext/cv_1523.wav,data/distorted_cv_ext/cv_1523_severe.wav,severe,เราจะไม่พบกันอีก,2.4078
cv_1524,common_voice_ext,data/common_voice_ext/cv_1524.wav,data/distorted_cv_ext/cv_1524_severe.wav,severe,นั่นคือหอคอยขนาดใหญ่ !,3.5224
cv_1525,common_voice_ext,data/common_voice_ext/cv_1525.wav,data/distorted_cv_ext/cv_1525_severe.wav,severe,เป็นเวลาหลายปีแล้วตั้งแต่ที่ฉันได้เจอคุณ !,4.0163
cv_1526,common_voice_ext,data/common_voice_ext/cv_1526.wav,data/distorted_cv_ext/cv_1526_severe.wav,severe,การเคารพทำได้มากกว่าการที่จะต้องเชื่อฟังคำพูดตื้นเขิน,5.5134
cv_1527,common_voice_ext,data/common_voice_ext/cv_1527.wav,data/distorted_cv_ext/cv_1527_severe.wav,severe,เธอชื่อว่าอะไร,2.3369
cv_1528,common_voice_ext,data/common_voice_ext/cv_1528.wav,data/distorted_cv_ext/cv_1528_severe.wav,severe,พวกเราสนใจที่จะหาข้อเท็จจริง,3.7425
cv_1529,common_voice_ext,data/common_voice_ext/cv_1529.wav,data/distorted_cv_ext/cv_1529_severe.wav,severe,เขาไม่สามารถเห็นคำสัญญาของเธอได้,4.0858
cv_1530,common_voice_ext,data/common_voice_ext/cv_1530.wav,data/distorted_cv_ext/cv_1530_severe.wav,severe,โอ้ ที่รักของฉัน เขากลับมากับความสิ้นหวังที่แสดงออกชัดเจน,5.9409
cv_1531,common_voice_ext,data/common_voice_ext/cv_1531.wav,data/distorted_cv_ext/cv_1531_severe.wav,severe,คุณเลือกการเข้ารหัสที่เข้ากันไม่ได้,3.9185
cv_1532,common_voice_ext,data/common_voice_ext/cv_1532.wav,data/distorted_cv_ext/cv_1532_severe.wav,severe,ฉันมีความสุขมาก,3.3601
cv_1533,common_voice_ext,data/common_voice_ext/cv_1533.wav,data/distorted_cv_ext/cv_1533_severe.wav,severe,ฉันเป็นเจ้าหน้าที่การแพทย์ของชุมชน,4.0784
cv_1534,common_voice_ext,data/common_voice_ext/cv_1534.wav,data/distorted_cv_ext/cv_1534_severe.wav,severe,คุณต้องการให้ฉันพูดว่าอะไรหรอ,3.7843
cv_1535,common_voice_ext,data/common_voice_ext/cv_1535.wav,data/distorted_cv_ext/cv_1535_severe.wav,severe,พยายามทาสีไปตามแนวเส้น,3.9926
cv_1536,common_voice_ext,data/common_voice_ext/cv_1536.wav,data/distorted_cv_ext/cv_1536_severe.wav,severe,ถึงมันจะซ้ำซากน่าเบื่อแต่ก็ทำให้รู้สึกสงบดี,7.3388
cv_1537,common_voice_ext,data/common_voice_ext/cv_1537.wav,data/distorted_cv_ext/cv_1537_severe.wav,severe,เราออกมาจากสถานีแล้ว,3.8104
cv_1538,common_voice_ext,data/common_voice_ext/cv_1538.wav,data/distorted_cv_ext/cv_1538_severe.wav,severe,แค่คิดดู !,3.1846
cv_1539,common_voice_ext,data/common_voice_ext/cv_1539.wav,data/distorted_cv_ext/cv_1539_severe.wav,severe,มีอะไรจะแนะนำไหม,3.6236
cv_1540,common_voice_ext,data/common_voice_ext/cv_1540.wav,data/distorted_cv_ext/cv_1540_severe.wav,severe,ติดกาวเข้ากับแผ่นไปที่พื้นหลังสีน้ำเงินเข้ม,3.3192
cv_1541,common_voice_ext,data/common_voice_ext/cv_1541.wav,data/distorted_cv_ext/cv_1541_severe.wav,severe,ฉันมีเสียงที่ไพเราะที่สุดเท่าที่คุณเคยได้ยิน,4.699
cv_1542,common_voice_ext,data/common_voice_ext/cv_1542.wav,data/distorted_cv_ext/cv_1542_severe.wav,severe,ฉันมองเห็นไม่ชัดเลย,2.4521
cv_1543,common_voice_ext,data/common_voice_ext/cv_1543.wav,data/distorted_cv_ext/cv_1543_severe.wav,severe,มา มา เราต้องไม่โกรธและเฉไฉอีก,5.3301
cv_1544,common_voice_ext,data/common_voice_ext/cv_1544.wav,data/distorted_cv_ext/cv_1544_severe.wav,severe,ใครส่งคุณมาให้ฉัน,3.4424
cv_1545,common_voice_ext,data/common_voice_ext/cv_1545.wav,data/distorted_cv_ext/cv_1545_severe.wav,severe,นี่เป็นฤดูกาลที่ยิ่งใหญ่สำหรับการเดินป่าบนถนน,4.7265
cv_1546,common_voice_ext,data/common_voice_ext/cv_1546.wav,data/distorted_cv_ext/cv_1546_severe.wav,severe,ฉันต้องการรู้ความคิดที่แท้จริงของคุณ ที่รัก,4.3111
cv_1547,common_voice_ext,data/common_voice_ext/cv_1547.wav,data/distorted_cv_ext/cv_1547_severe.wav,severe,นั่นเป็นการแสดงที่ยอดเยี่ยม ! ไชโย !,3.9261
cv_1548,common_voice_ext,data/common_voice_ext/cv_1548.wav,data/distorted_cv_ext/cv_1548_severe.wav,severe,ว่าแต่เรากำลังไปทีไ่หน,3.1913
cv_1549,common_voice_ext,data/common_voice_ext/cv_1549.wav,data/distorted_cv_ext/cv_1549_severe.wav,severe,คนไทยมีการศึกษาแต่ไร้ความคิดของตัวเอง,6.2138
cv_1550,common_voice_ext,data/common_voice_ext/cv_1550.wav,data/distorted_cv_ext/cv_1550_severe.wav,severe,น้องสาวที่เงียบสงบนั่นคือความทรงจำครั้งแรกของฉัน,5.7315
cv_1551,common_voice_ext,data/common_voice_ext/cv_1551.wav,data/distorted_cv_ext/cv_1551_severe.wav,severe,ฉันไม่เชื่อมันหรอก,4.7263
cv_1552,common_voice_ext,data/common_voice_ext/cv_1552.wav,data/distorted_cv_ext/cv_1552_severe.wav,severe,มันไม่ใช่โลกที่มีขนาดใหญ่.,3.8882
cv_1553,common_voice_ext,data/common_voice_ext/cv_1553.wav,data/distorted_cv_ext/cv_1553_severe.wav,severe,โยนความคิดนี้ทิ้งไปได้เลย,3.2727
cv_1554,common_voice_ext,data/common_voice_ext/cv_1554.wav,data/distorted_cv_ext/cv_1554_severe.wav,severe,ฉันขอนั่งลงได้ไหม,3.0411
cv_1555,common_voice_ext,data/common_voice_ext/cv_1555.wav,data/distorted_cv_ext/cv_1555_severe.wav,severe,ไม่ใช่การเติบโตเชิงปริมาณ,3.5437
cv_1556,common_voice_ext,data/common_voice_ext/cv_1556.wav,data/distorted_cv_ext/cv_1556_severe.wav,severe,สำนักงานใหญ่มาสามารถเข้าถึงสาธารณะได้ระหว่างในสัปดาห์,5.5744
cv_1557,common_voice_ext,data/common_voice_ext/cv_1557.wav,data/distorted_cv_ext/cv_1557_severe.wav,severe,จะส่งเสริมให้ประเทศไทยมีบทบาทมากขึ้นในประชาคมโลกและมีบทบาท,6.1067
cv_1558,common_voice_ext,data/common_voice_ext/cv_1558.wav,data/distorted_cv_ext/cv_1558_severe.wav,severe,คนมักเรียกบัตรสวัสดิการแห่งรัฐว่าบัตรคนจน,4.1787
cv_1559,common_voice_ext,data/common_voice_ext/cv_1559.wav,data/distorted_cv_ext/cv_1559_severe.wav,severe,มั่นใจในตัวเขาอย่างเต็มที่ เธอพูดหลังจากนั้นไม่นาน.,5.7261
cv_1560,common_voice_ext,data/common_voice_ext/cv_1560.wav,data/distorted_cv_ext/cv_1560_severe.wav,severe,มันเป็นงานที่แย่ ซึ่งไม่สามารถมีหัวหน้าได้,3.8564
cv_1561,common_voice_ext,data/common_voice_ext/cv_1561.wav,data/distorted_cv_ext/cv_1561_severe.wav,severe,หน้าตา น้ำเสียง และกริยาของเขา บ่งบอกถึงความเรียบง่าย,6.4458
cv_1562,common_voice_ext,data/common_voice_ext/cv_1562.wav,data/distorted_cv_ext/cv_1562_severe.wav,severe,เขาเคยมีชิมแปนซีตัวใหญ่ซึ่งเคยเป็นผู้ชนะ,5.3389
cv_1563,common_voice_ext,data/common_voice_ext/cv_1563.wav,data/distorted_cv_ext/cv_1563_severe.wav,severe,ฉันสับสนไปหมด มันอย่างกับเครื่องอินิกมา,4.1101
cv_1564,common_voice_ext,data/common_voice_ext/cv_1564.wav,data/distorted_cv_ext/cv_1564_severe.wav,severe,ตัวเร่งปฏิกิริยาทำให้ปฏิกิริยาทางเคมีเกิดขึ้นได้ที่อุณหภูมิต่ำ,7.221
cv_1565,common_voice_ext,data/common_voice_ext/cv_1565.wav,data/distorted_cv_ext/cv_1565_severe.wav,severe,ฉันไม่อยากทำเหมือนเรื่องนี้มันไม่มีอะไร,4.8907
cv_1566,common_voice_ext,data/common_voice_ext/cv_1566.wav,data/distorted_cv_ext/cv_1566_severe.wav,severe,ไม่ต้องคิดว่ามันมีสารบัญพวกนี้หรอ,4.3881
cv_1567,common_voice_ext,data/common_voice_ext/cv_1567.wav,data/distorted_cv_ext/cv_1567_severe.wav,severe,ทนายความสิทธิบัตรเป็นทนายความประเภทหนึ่งที่เชี่ยวชาญด้านกฎหมายสิทธิบัตร,6.1037
cv_1568,common_voice_ext,data/common_voice_ext/cv_1568.wav,data/distorted_cv_ext/cv_1568_severe.wav,severe,เรายังไม่บรรลุเป้าหมายของเราเจ้านายกล่าว,4.5278
cv_1569,common_voice_ext,data/common_voice_ext/cv_1569.wav,data/distorted_cv_ext/cv_1569_severe.wav,severe,ยาที่ดีที่สุดคือการหัวเราะ,4.0654
cv_1570,common_voice_ext,data/common_voice_ext/cv_1570.wav,data/distorted_cv_ext/cv_1570_severe.wav,severe,จูบที่ปลายนิ้วของเขา,2.8485
cv_1571,common_voice_ext,data/common_voice_ext/cv_1571.wav,data/distorted_cv_ext/cv_1571_severe.wav,severe,มันจะเปิดอีกรอบตอนเที่ยง,3.1854
cv_1572,common_voice_ext,data/common_voice_ext/cv_1572.wav,data/distorted_cv_ext/cv_1572_severe.wav,severe,ความตายจะมาอย่างฉับพลัน หมอกล่าว,4.55
cv_1573,common_voice_ext,data/common_voice_ext/cv_1573.wav,data/distorted_cv_ext/cv_1573_severe.wav,severe,ทั้งหมดนี้หมายความว่าอะไร,3.1902
cv_1574,common_voice_ext,data/common_voice_ext/cv_1574.wav,data/distorted_cv_ext/cv_1574_severe.wav,severe,เป็นรัฐมนตรีว่าการกระทรวงพลังงาน,3.7361
cv_1575,common_voice_ext,data/common_voice_ext/cv_1575.wav,data/distorted_cv_ext/cv_1575_severe.wav,severe,ฉันคิดว่าเขาอาจจะเป็นหนึ่งในคุณลุงที่ดีของฉัน,4.0958
cv_1576,common_voice_ext,data/common_voice_ext/cv_1576.wav,data/distorted_cv_ext/cv_1576_severe.wav,severe,แม่ม้าสีเทาเดินไปก่อนหน้าลูกม้าตัวผู้แล้ว,5.5041
cv_1577,common_voice_ext,data/common_voice_ext/cv_1577.wav,data/distorted_cv_ext/cv_1577_severe.wav,severe,เราได้เห็นทุกสิ่งที่นี่; ให้เราขึ้นไปชั้นบนเขาพูด,6.8541
cv_1578,common_voice_ext,data/common_voice_ext/cv_1578.wav,data/distorted_cv_ext/cv_1578_severe.wav,severe,สหรัฐอเมริกาและอีกหลายประเทศทั่วโลกมีวันประกาศอิสรภาพในเดือนกรกฎาคม,7.2747
cv_1579,common_voice_ext,data/common_voice_ext/cv_1579.wav,data/distorted_cv_ext/cv_1579_severe.wav,severe,งั้นหมายความว่าอยากจะคุยกับฉันงั้นหรอ,4.7347
cv_1580,common_voice_ext,data/common_voice_ext/cv_1580.wav,data/distorted_cv_ext/cv_1580_severe.wav,severe,ซีเลียต้องแต่งงานกับฉันอาทิตย์นี้,3.4381
cv_1581,common_voice_ext,data/common_voice_ext/cv_1581.wav,data/distorted_cv_ext/cv_1581_severe.wav,severe,ฉันพยักหน้าตอบรับอย่างหงุดหงิดและจิ้มก้อนไข่เจียวก้อนหนึ่ง,4.7723
cv_1582,common_voice_ext,data/common_voice_ext/cv_1582.wav,data/distorted_cv_ext/cv_1582_severe.wav,severe,รอยช้ำที่ไม่ดีและผิวแตกอย่างน่าเศร้า,3.8506
cv_1583,common_voice_ext,data/common_voice_ext/cv_1583.wav,data/distorted_cv_ext/cv_1583_severe.wav,severe,เจมส์ อยู่ที่แผนกต้อนรับเช้านี้,3.5426
cv_1584,common_voice_ext,data/common_voice_ext/cv_1584.wav,data/distorted_cv_ext/cv_1584_severe.wav,severe,ฉันหวังว่าในเดือนมกราคมเราจะได้ไปเล่นสกี,7.0456
cv_1585,common_voice_ext,data/common_voice_ext/cv_1585.wav,data/distorted_cv_ext/cv_1585_severe.wav,severe,ยิ่งคุณอ่านมากเท่าไหร่คุณก็จะยิ่งเข้าใจมากขึ้นเท่านั้น,6.7188
cv_1586,common_voice_ext,data/common_voice_ext/cv_1586.wav,data/distorted_cv_ext/cv_1586_severe.wav,severe,เด็กเล็กไม่ควรใช้โซเชียลมีเดีย,5.2147
cv_1587,common_voice_ext,data/common_voice_ext/cv_1587.wav,data/distorted_cv_ext/cv_1587_severe.wav,severe,ฉันกำลังอ่านเรื่องสืบสวนที่น่าสนใจ,5.9529
cv_1588,common_voice_ext,data/common_voice_ext/cv_1588.wav,data/distorted_cv_ext/cv_1588_severe.wav,severe,และฉันเข้าใจว่าเธอนำพาเขาไปสู่ชีวิตที่โครตแย่,6.5537
cv_1589,common_voice_ext,data/common_voice_ext/cv_1589.wav,data/distorted_cv_ext/cv_1589_severe.wav,severe,บางที เราอาจจะเห็นเขาพูด,5.605
cv_1590,common_voice_ext,data/common_voice_ext/cv_1590.wav,data/distorted_cv_ext/cv_1590_severe.wav,severe,แผนของฉันคือนอนซ่อนตัวในห้องนอนและดูว่าจะมีอะไรเกิดขึ้น,8.5434
cv_1591,common_voice_ext,data/common_voice_ext/cv_1591.wav,data/distorted_cv_ext/cv_1591_severe.wav,severe,ฉันเข้าใจแล้ว,3.6433
cv_1592,common_voice_ext,data/common_voice_ext/cv_1592.wav,data/distorted_cv_ext/cv_1592_severe.wav,severe,พยายามแก้ไขรอยแยกด้วยกาว,2.9663
cv_1593,common_voice_ext,data/common_voice_ext/cv_1593.wav,data/distorted_cv_ext/cv_1593_severe.wav,severe,แล้วคุณก็อยากเห็นแต่ในระดับชั้นสูงสุด,3.5551
cv_1594,common_voice_ext,data/common_voice_ext/cv_1594.wav,data/distorted_cv_ext/cv_1594_severe.wav,severe,เสริมสร้างความเข้มแข็งและแก้ไขปัญหา,4.8491
cv_1595,common_voice_ext,data/common_voice_ext/cv_1595.wav,data/distorted_cv_ext/cv_1595_severe.wav,severe,ฉันได้ฟื้นฟูสุขภาพและกำลังใจขึ้นมากแล้ว ฉันบอกเขา,7.0118
cv_1596,common_voice_ext,data/common_voice_ext/cv_1596.wav,data/distorted_cv_ext/cv_1596_severe.wav,severe,โอ้ ดู หล่อนกล่าว,5.3102
cv_1597,common_voice_ext,data/common_voice_ext/cv_1597.wav,data/distorted_cv_ext/cv_1597_severe.wav,severe,คลอเดียหยิบมีดและโบกอย่างคุกคาม,5.1563
cv_1598,common_voice_ext,data/common_voice_ext/cv_1598.wav,data/distorted_cv_ext/cv_1598_severe.wav,severe,เขากำฟางเอาไว้,4.0074
cv_1599,common_voice_ext,data/common_voice_ext/cv_1599.wav,data/distorted_cv_ext/cv_1599_severe.wav,severe,เพราะว่าความระมัดระวังเป็นจุดแข็งของคุณเสมอ,5.7499
cv_1600,common_voice_ext,data/common_voice_ext/cv_1600.wav,data/distorted_cv_ext/cv_1600_severe.wav,severe,เค้าเมามากอย่างชัดเจน,4.3593
cv_1601,common_voice_ext,data/common_voice_ext/cv_1601.wav,data/distorted_cv_ext/cv_1601_severe.wav,severe,หัวหน้าแย่แค่ไหน,2.9703
cv_1602,common_voice_ext,data/common_voice_ext/cv_1602.wav,data/distorted_cv_ext/cv_1602_severe.wav,severe,คำอุทานเล็กน้อยจากฮานาด์นั้นทำให้โลกสะเทือน,4.6389
cv_1603,common_voice_ext,data/common_voice_ext/cv_1603.wav,data/distorted_cv_ext/cv_1603_severe.wav,severe,คุณเห็นนั่นไหม,3.0248
cv_1604,common_voice_ext,data/common_voice_ext/cv_1604.wav,data/distorted_cv_ext/cv_1604_severe.wav,severe,สายตาของเธอยิ้มอย่างจริงใจไปหาเขา เหมือนที่เขามาจากแหล่งน้ำนั้น,8.1562
cv_1605,common_voice_ext,data/common_voice_ext/cv_1605.wav,data/distorted_cv_ext/cv_1605_severe.wav,severe,เขาแกล้งออกไปแล้วก็หันกลับมาอยู่ฝั่งตรงข้าม,7.0829
cv_1606,common_voice_ext,data/common_voice_ext/cv_1606.wav,data/distorted_cv_ext/cv_1606_severe.wav,severe,โปรดอย่าโยนพิซซ่าซาลามี่ออกไป,6.2938
cv_1607,common_voice_ext,data/common_voice_ext/cv_1607.wav,data/distorted_cv_ext/cv_1607_severe.wav,severe,ซีเลีย แก้มของเธอแดง ดวงตาเปล่งประกาย,5.063
cv_1608,common_voice_ext,data/common_voice_ext/cv_1608.wav,data/distorted_cv_ext/cv_1608_severe.wav,severe,คอลินและนาธานเป็นคู่แข่งกัน,3.9875
cv_1609,common_voice_ext,data/common_voice_ext/cv_1609.wav,data/distorted_cv_ext/cv_1609_severe.wav,severe,นักฟุตบอลคือคนที่เล่นกีฬาฟุตบอล,3.4371
cv_1610,common_voice_ext,data/common_voice_ext/cv_1610.wav,data/distorted_cv_ext/cv_1610_severe.wav,severe,จากนั้นมีคนอยู่ที่โรงเรียนกับผู้ชายคนนั้น,4.0127
cv_1611,common_voice_ext,data/common_voice_ext/cv_1611.wav,data/distorted_cv_ext/cv_1611_severe.wav,severe,มันเป็นการประชุมของปัญญาชนและนักปรัชญาทั้งหลาย,4.5191
cv_1612,common_voice_ext,data/common_voice_ext/cv_1612.wav,data/distorted_cv_ext/cv_1612_severe.wav,severe,เซลเซียสเป็นมาตรวัดอุณหภูมิ,4.4812
cv_1613,common_voice_ext,data/common_voice_ext/cv_1613.wav,data/distorted_cv_ext/cv_1613_severe.wav,severe,มันมีเครื่องยนต์ลูกเบี้ยวเป็นคู่อยู่เหนือศรีษะ,4.2397
cv_1614,common_voice_ext,data/common_voice_ext/cv_1614.wav,data/distorted_cv_ext/cv_1614_severe.wav,severe,นายสมศักดิ์ เทพสุทิน,2.6563
cv_1615,common_voice_ext,data/common_voice_ext/cv_1615.wav,data/distorted_cv_ext/cv_1615_severe.wav,severe,กรณีศึกษาที่สามารถสันนิษฐานได้ช่วยให้ผู้คนเข้าใจบางอย่างจากมุมมองที่แตกต่างได้,7.8315
cv_1616,common_voice_ext,data/common_voice_ext/cv_1616.wav,data/distorted_cv_ext/cv_1616_severe.wav,severe,พวกเราสามารถจัดลำดับการประชุมได้ไหม,3.8102
cv_1617,common_voice_ext,data/common_voice_ext/cv_1617.wav,data/distorted_cv_ext/cv_1617_severe.wav,severe,แมวจรจัดให้กำเนิดลูกแมว,4.0181
cv_1618,common_voice_ext,data/common_voice_ext/cv_1618.wav,data/distorted_cv_ext/cv_1618_severe.wav,severe,มีเด็กผู้หญิงหิวน้ำอยู่ในสนามบอล,3.5521
cv_1619,common_voice_ext,data/common_voice_ext/cv_1619.wav,data/distorted_cv_ext/cv_1619_severe.wav,severe,การตัดของเธอเป็นอะไรที่ง่ายด้วยตัวมันเอง,5.7214
cv_1620,common_voice_ext,data/common_voice_ext/cv_1620.wav,data/distorted_cv_ext/cv_1620_severe.wav,severe,เจมม่าเป็นคนเย็นชาอย่างแท้จริง,4.1398
cv_1621,common_voice_ext,data/common_voice_ext/cv_1621.wav,data/distorted_cv_ext/cv_1621_severe.wav,severe,รถยนต์จะต้องได้รับการบริการอย่างสม่ำเสมอ,3.7759
cv_1622,common_voice_ext,data/common_voice_ext/cv_1622.wav,data/distorted_cv_ext/cv_1622_severe.wav,severe,อย่าโอนเงินให้กับคนที่สุ่มทางออนไลน์,3.9471
cv_1623,common_voice_ext,data/common_voice_ext/cv_1623.wav,data/distorted_cv_ext/cv_1623_severe.wav,severe,ตามกฏฮิวริสติกแล้วขนมปังมักขายเป็นแพคละหกก้อน,5.1851
cv_1624,common_voice_ext,data/common_voice_ext/cv_1624.wav,data/distorted_cv_ext/cv_1624_severe.wav,severe,น้ำเสียงของเขาไม่ได้สะท้อนความเศร้าโศก ด้วยเป็นคนรู้จักใหม่ของเขา,5.4816
cv_1625,common_voice_ext,data/common_voice_ext/cv_1625.wav,data/distorted_cv_ext/cv_1625_severe.wav,severe,จากการต่อสู้กับความยากจนในอดีต,4.4591
cv_1626,common_voice_ext,data/common_voice_ext/cv_1626.wav,data/distorted_cv_ext/cv_1626_severe.wav,severe,รถบิดและพันกันด้วยความเร็วสูง,4.9765
cv_1627,common_voice_ext,data/common_voice_ext/cv_1627.wav,data/distorted_cv_ext/cv_1627_severe.wav,severe,นั่นฉันค่อนข้างชัดเจนว่าเป็นความตั้งใจของเขา,6.1461
cv_1628,common_voice_ext,data/common_voice_ext/cv_1628.wav,data/distorted_cv_ext/cv_1628_severe.wav,severe,คุณธรรม,3.3286
cv_1629,common_voice_ext,data/common_voice_ext/cv_1629.wav,data/distorted_cv_ext/cv_1629_severe.wav,severe,เธอสั่นหัว ด้วยความบ้าคลั่ง,4.7021
cv_1630,common_voice_ext,data/common_voice_ext/cv_1630.wav,data/distorted_cv_ext/cv_1630_severe.wav,severe,แต่ละอันราคาเท่าไหร่ ?,3.65
cv_1631,common_voice_ext,data/common_voice_ext/cv_1631.wav,data/distorted_cv_ext/cv_1631_severe.wav,severe,คุณเอาสิ่งนั้นจากแอพสโตร์ได้มั้ย,3.293
cv_1632,common_voice_ext,data/common_voice_ext/cv_1632.wav,data/distorted_cv_ext/cv_1632_severe.wav,severe,เครื่องกำเนิดของเราถูกรบกวนด้วยคลื่นความถี่สูงพิเศษ,5.3226
cv_1633,common_voice_ext,data/common_voice_ext/cv_1633.wav,data/distorted_cv_ext/cv_1633_severe.wav,severe,แต่ว่ามันเยี่ยมมากเลยนะ แล้วคุณไปเจอมันได้อย่างไร,4.6258
cv_1634,common_voice_ext,data/common_voice_ext/cv_1634.wav,data/distorted_cv_ext/cv_1634_severe.wav,severe,เธอยินดีที่จะได้รับการยอมรับเข้าสู่หลักสูตร,4.02
cv_1635,common_voice_ext,data/common_voice_ext/cv_1635.wav,data/distorted_cv_ext/cv_1635_severe.wav,severe,เขาดูแลฉันดีกว่าใคร,3.7973
cv_1636,common_voice_ext,data/common_voice_ext/cv_1636.wav,data/distorted_cv_ext/cv_1636_severe.wav,severe,เขาบีบแก้มเธอ,3.1795
cv_1637,common_voice_ext,data/common_voice_ext/cv_1637.wav,data/distorted_cv_ext/cv_1637_severe.wav,severe,มันไม่น่ายำเกรงมากพอที่จะยอมเคารพให้ พระราชากล่าว,6.2954
cv_1638,common_voice_ext,data/common_voice_ext/cv_1638.wav,data/distorted_cv_ext/cv_1638_severe.wav,severe,ดูเหมือนว่านายจ้างของคุณจะไม่ได้เป็นคนที่คุณต้องการ,5.8797
cv_1639,common_voice_ext,data/common_voice_ext/cv_1639.wav,data/distorted_cv_ext/cv_1639_severe.wav,severe,แจ็คยอมรับว่าจิ้งจกนั้นได้สร้างมิติใหม่ในประสบการณ์ซาวน่าของเขา,6.1086
cv_1640,common_voice_ext,data/common_voice_ext/cv_1640.wav,data/distorted_cv_ext/cv_1640_severe.wav,severe,ฮอร์โมนออกซิโทซินจะถูกปล่อยออกมาเมื่อแม่ให้นมลูก,5.5551
cv_1641,common_voice_ext,data/common_voice_ext/cv_1641.wav,data/distorted_cv_ext/cv_1641_severe.wav,severe,ฉันเป็นเครื่องจักรเย็บผ้า,2.445
cv_1642,common_voice_ext,data/common_voice_ext/cv_1642.wav,data/distorted_cv_ext/cv_1642_severe.wav,severe,ใช่ เราถูกทำให้พบกันบ่อยขึ้น เขาตอบกลับ,5.4594
cv_1643,common_voice_ext,data/common_voice_ext/cv_1643.wav,data/distorted_cv_ext/cv_1643_severe.wav,severe,ท่านคะ ดิฉันเกรงว่างานนี้สำหรับผู้ที่ได้รับเชิญเท่านั้น,5.0809
cv_1644,common_voice_ext,data/common_voice_ext/cv_1644.wav,data/distorted_cv_ext/cv_1644_severe.wav,severe,เราต้องลงโฆษณาเรื่องนี้,2.5647
cv_1645,common_voice_ext,data/common_voice_ext/cv_1645.wav,data/distorted_cv_ext/cv_1645_severe.wav,severe,ของจำนวนสมาชิกทั้งหมดเท่าที่มีอยู่ของทั้งสองสภา,5.4744
cv_1646,common_voice_ext,data/common_voice_ext/cv_1646.wav,data/distorted_cv_ext/cv_1646_severe.wav,severe,แต่นั่นทำให้หมดคำถาม,3.4396
cv_1647,common_voice_ext,data/common_voice_ext/cv_1647.wav,data/distorted_cv_ext/cv_1647_severe.wav,severe,ในไม่ช้าพวกคุณหลายคนจะเดินไปตามถนนบรอดเวย์,4.6346
cv_1648,common_voice_ext,data/common_voice_ext/cv_1648.wav,data/distorted_cv_ext/cv_1648_severe.wav,severe,ฉันคิดว่าอาจจะเป็นใครที่เรารู้จักอยู่แล้ว,4.5162
cv_1649,common_voice_ext,data/common_voice_ext/cv_1649.wav,data/distorted_cv_ext/cv_1649_severe.wav,severe,อันจะทำให้ประเทศไทยมีความมั่นคง มั่งคั่ง ยั่งยืน,5.7046
cv_1650,common_voice_ext,data/common_voice_ext/cv_1650.wav,data/distorted_cv_ext/cv_1650_severe.wav,severe,กรุงโรมไม่ได้สร้างเสร็จภายในวันเดียว,3.1185
cv_1651,common_voice_ext,data/common_voice_ext/cv_1651.wav,data/distorted_cv_ext/cv_1651_severe.wav,severe,ดังนั้นฉันจึงถามเธอว่า - เธอไม่ใส่เหรอ ?,4.3561
cv_1652,common_voice_ext,data/common_voice_ext/cv_1652.wav,data/distorted_cv_ext/cv_1652_severe.wav,severe,จอส เดฟ และสตูเป็นสมาชิกวงดนตรีชาย,3.6787
cv_1653,common_voice_ext,data/common_voice_ext/cv_1653.wav,data/distorted_cv_ext/cv_1653_severe.wav,severe,เขาต้องต้องกระเทาะเปลือกถั่วออก เพื่อเอาเมล็ดของมันมาทาน,7.0966
cv_1654,common_voice_ext,data/common_voice_ext/cv_1654.wav,data/distorted_cv_ext/cv_1654_severe.wav,severe,ผมบอกไม่ได้ เขากล่าวพลางย่างก้าวอย่างเงียบเชียบไปที่ม้านั่ง,8.1327
cv_1655,common_voice_ext,data/common_voice_ext/cv_1655.wav,data/distorted_cv_ext/cv_1655_severe.wav,severe,โค้ชวิ่งกลับเข้าไปในบ้าน,3.1556
cv_1656,common_voice_ext,data/common_voice_ext/cv_1656.wav,data/distorted_cv_ext/cv_1656_severe.wav,severe,บรรณาการธรรมดาสามัญเพื่อแสดงความเคารพต่อศิลปินผู้ยิ่งใหญ่,6.037
cv_1657,common_voice_ext,data/common_voice_ext/cv_1657.wav,data/distorted_cv_ext/cv_1657_severe.wav,severe,ความภาคภูมิใจบางอย่างถูกทิ้งไว้ในตัวฉัน,4.7068
cv_1658,common_voice_ext,data/common_voice_ext/cv_1658.wav,data/distorted_cv_ext/cv_1658_severe.wav,severe,ไม่น้อยเลย,2.0595
cv_1659,common_voice_ext,data/common_voice_ext/cv_1659.wav,data/distorted_cv_ext/cv_1659_severe.wav,severe,สิงโตเป็นสัตว์ที่กินสัตว์อื่นเป็นอาหาร,4.6532
cv_1660,common_voice_ext,data/common_voice_ext/cv_1660.wav,data/distorted_cv_ext/cv_1660_severe.wav,severe,หลอดเลือดดำขนาดเล็กบางอันไม่น่าสงสัยเลยที่จะแตก,4.962
cv_1661,common_voice_ext,data/common_voice_ext/cv_1661.wav,data/distorted_cv_ext/cv_1661_severe.wav,severe,ดูเหมือนว่าราหูคิดทุกอย่างไว้หมดแล้ว,3.5189
cv_1662,common_voice_ext,data/common_voice_ext/cv_1662.wav,data/distorted_cv_ext/cv_1662_severe.wav,severe,ตรวจสลากกินแบ่งรัฐบาล,3.7243
cv_1663,common_voice_ext,data/common_voice_ext/cv_1663.wav,data/distorted_cv_ext/cv_1663_severe.wav,severe,เฮนรี่ดำน้ำโดยเอาหัวลงก่อนไปยังแม่น้ำ,4.201
cv_1664,common_voice_ext,data/common_voice_ext/cv_1664.wav,data/distorted_cv_ext/cv_1664_severe.wav,severe,อย่าพึ่งข้ามสะพานจนกว่าจะถึงมัน,3.6542
cv_1665,common_voice_ext,data/common_voice_ext/cv_1665.wav,data/distorted_cv_ext/cv_1665_severe.wav,severe,จะยึดหลักการสำคัญสี่ประการ,3.9579
cv_1666,common_voice_ext,data/common_voice_ext/cv_1666.wav,data/distorted_cv_ext/cv_1666_severe.wav,severe,เขาส่งมะเดื่อไปให้คนอื่นแต่เก็บเชอรี่สุกไว้เอง,5.6059
cv_1667,common_voice_ext,data/common_voice_ext/cv_1667.wav,data/distorted_cv_ext/cv_1667_severe.wav,severe,เมื่อไหร่ก็ต้องเจอโคลนหรือฝุ่น,3.1916
cv_1668,common_voice_ext,data/common_voice_ext/cv_1668.wav,data/distorted_cv_ext/cv_1668_severe.wav,severe,การแสดงของผู้ชายคนนั้นยอดเยี่ยม,3.1553
cv_1669,common_voice_ext,data/common_voice_ext/cv_1669.wav,data/distorted_cv_ext/cv_1669_severe.wav,severe,ฉันไม่มีอะไรจะพูดกับคุณ,3.2887
cv_1670,common_voice_ext,data/common_voice_ext/cv_1670.wav,data/distorted_cv_ext/cv_1670_severe.wav,severe,ให้เรานั่งลง,2.2757
cv_1671,common_voice_ext,data/common_voice_ext/cv_1671.wav,data/distorted_cv_ext/cv_1671_severe.wav,severe,สนุกเข้าไว้ กระหายความสุขสิ,4.2661
cv_1672,common_voice_ext,data/common_voice_ext/cv_1672.wav,data/distorted_cv_ext/cv_1672_severe.wav,severe,พวกเขาขยายความในสิ่งที่ฉันพูด,3.5412
cv_1673,common_voice_ext,data/common_voice_ext/cv_1673.wav,data/distorted_cv_ext/cv_1673_severe.wav,severe,ฉันชื่นชมหล่อนได้โดยไม่มีการอิจฉา,4.1022
cv_1674,common_voice_ext,data/common_voice_ext/cv_1674.wav,data/distorted_cv_ext/cv_1674_severe.wav,severe,ฉันเกือบคิดแล้วว่าเขาทำ,3.2479
cv_1675,common_voice_ext,data/common_voice_ext/cv_1675.wav,data/distorted_cv_ext/cv_1675_severe.wav,severe,ออกซิเจนมีความสำคัญต่อเรา แต่แบคทีเรียบางตัวไม่ต้องการเลย,6.7277
cv_1676,common_voice_ext,data/common_voice_ext/cv_1676.wav,data/distorted_cv_ext/cv_1676_severe.wav,severe,ฉันเห็นว่าเธอกำลังทำอะไร,4.0617
cv_1677,common_voice_ext,data/common_voice_ext/cv_1677.wav,data/distorted_cv_ext/cv_1677_severe.wav,severe,ฉันขอยืมรถจักรยานของเธอได้ไหม,4.1695
cv_1678,common_voice_ext,data/common_voice_ext/cv_1678.wav,data/distorted_cv_ext/cv_1678_severe.wav,severe,ที่ประเทศไทยได้มีข้อผูกพันไว้ในเวทีโลก,4.6645
cv_1679,common_voice_ext,data/common_voice_ext/cv_1679.wav,data/distorted_cv_ext/cv_1679_severe.wav,severe,ตอม่อจมลงสู่สนามหญ้าที่อ่อนนุ่ม,3.9537
cv_1680,common_voice_ext,data/common_voice_ext/cv_1680.wav,data/distorted_cv_ext/cv_1680_severe.wav,severe,เค้าเลิกคบกับกลุ่มเพื่อนเก่า,3.4929
cv_1681,common_voice_ext,data/common_voice_ext/cv_1681.wav,data/distorted_cv_ext/cv_1681_severe.wav,severe,ฉันอยากแกะสลักโลมาไม้,2.9962
cv_1682,common_voice_ext,data/common_voice_ext/cv_1682.wav,data/distorted_cv_ext/cv_1682_severe.wav,severe,คุณแนะนำอะไรครับ,2.5152
cv_1683,common_voice_ext,data/common_voice_ext/cv_1683.wav,data/distorted_cv_ext/cv_1683_severe.wav,severe,คุณทำแบบนี้ไม่ได้ มันเขียนไว้ในสัญญาแล้ว,4.4933
cv_1684,common_voice_ext,data/common_voice_ext/cv_1684.wav,data/distorted_cv_ext/cv_1684_severe.wav,severe,ผู้หญิงสวยและมีเสน่ห์,2.9068
cv_1685,common_voice_ext,data/common_voice_ext/cv_1685.wav,data/distorted_cv_ext/cv_1685_severe.wav,severe,ฉันยังมีอะไรที่ต้องพูดกับเธอ,3.4081
cv_1686,common_voice_ext,data/common_voice_ext/cv_1686.wav,data/distorted_cv_ext/cv_1686_severe.wav,severe,คุณไปที่นั่นได้อย่างไร,2.4481
cv_1687,common_voice_ext,data/common_voice_ext/cv_1687.wav,data/distorted_cv_ext/cv_1687_severe.wav,severe,อลิซเกือบจะกระทืบด้วยความฉุนเฉียวเมื่อเขาพูดเอื่อยเฉื่อยชา,5.5221
cv_1688,common_voice_ext,data/common_voice_ext/cv_1688.wav,data/distorted_cv_ext/cv_1688_severe.wav,severe,ปล่อยให้ฉันกังวลเกี่ยวกับสิ่งนั้น,3.2482
cv_1689,common_voice_ext,data/common_voice_ext/cv_1689.wav,data/distorted_cv_ext/cv_1689_severe.wav,severe,พวกเขามีชื่อเสียงและได้รับความนิยมจากหนังสือพิมพ์,3.7744
cv_1690,common_voice_ext,data/common_voice_ext/cv_1690.wav,data/distorted_cv_ext/cv_1690_severe.wav,severe,เขาสุดยอดมาก เยี่ยมยอดและน่าประทับใจ,3.9127
cv_1691,common_voice_ext,data/common_voice_ext/cv_1691.wav,data/distorted_cv_ext/cv_1691_severe.wav,severe,ชีวิตมีความซับซ้อน,2.4853
cv_1692,common_voice_ext,data/common_voice_ext/cv_1692.wav,data/distorted_cv_ext/cv_1692_severe.wav,severe,แถลงต่อรัฐสภา,2.6986
cv_1693,common_voice_ext,data/common_voice_ext/cv_1693.wav,data/distorted_cv_ext/cv_1693_severe.wav,severe,รีวิวโรงเรียนเตรียมอุดมศึกษา,3.4929
cv_1694,common_voice_ext,data/common_voice_ext/cv_1694.wav,data/distorted_cv_ext/cv_1694_severe.wav,severe,ไมค์และรูธถูกห้ามเข้าสวนในช่วงนี้,3.4221
cv_1695,common_voice_ext,data/common_voice_ext/cv_1695.wav,data/distorted_cv_ext/cv_1695_severe.wav,severe,วันนี้เธอขาดงานที่ร้านขายยา,3.2473
cv_1696,common_voice_ext,data/common_voice_ext/cv_1696.wav,data/distorted_cv_ext/cv_1696_severe.wav,severe,บางคนเขียนรายการหมายเลขทะเบียนไว้บนกระดานประกาศ,6.7985
cv_1697,common_voice_ext,data/common_voice_ext/cv_1697.wav,data/distorted_cv_ext/cv_1697_severe.wav,severe,แขนที่ขาดไปโดยอุบัติเหตุถูกผ่าตัดกลับคืน,5.0839
cv_1698,common_voice_ext,data/common_voice_ext/cv_1698.wav,data/distorted_cv_ext/cv_1698_severe.wav,severe,ฉันมุ่งหน้าเข้าหาเธอ,2.9316
cv_1699,common_voice_ext,data/common_voice_ext/cv_1699.wav,data/distorted_cv_ext/cv_1699_severe.wav,severe,หลังจากที่มีการปรึกษาหารือกันอย่างรอบคอบแล้ว สำนักงานจะย้ายเข้ามาใกล้มหาวิทยาลัยมากขึ้น,7.7894
cv_1700,common_voice_ext,data/common_voice_ext/cv_1700.wav,data/distorted_cv_ext/cv_1700_severe.wav,severe,มันทำให้ฉันคิดถึง,3.0672
cv_1701,common_voice_ext,data/common_voice_ext/cv_1701.wav,data/distorted_cv_ext/cv_1701_severe.wav,severe,ไม่จริง เอเลี่ยนไม่ยึดโลกหรอก,3.3469
cv_1702,common_voice_ext,data/common_voice_ext/cv_1702.wav,data/distorted_cv_ext/cv_1702_severe.wav,severe,แม้ว่ารักจะเป็นได้หลายอย่าง แต่เงินสามารถเป็นได้ทุกอย่าง,4.8044
cv_1703,common_voice_ext,data/common_voice_ext/cv_1703.wav,data/distorted_cv_ext/cv_1703_severe.wav,severe,ฉันก็เช่นกันสำหรับเรื่องนั้น,3.0289
cv_1704,common_voice_ext,data/common_voice_ext/cv_1704.wav,data/distorted_cv_ext/cv_1704_severe.wav,severe,ประธานาธิบดีของรัสเซียคือ วลาดีมีร์ ปูติน,5.022
cv_1705,common_voice_ext,data/common_voice_ext/cv_1705.wav,data/distorted_cv_ext/cv_1705_severe.wav,severe,ฉันหวังเป็นอย่างยิ่งว่าในครั้งนี้มันจะต่างออกไป,4.1541
cv_1706,common_voice_ext,data/common_voice_ext/cv_1706.wav,data/distorted_cv_ext/cv_1706_severe.wav,severe,เพลงพื้นบ้านไม่ใช่แนวเพลงที่ฉันชอบ,3.6932
cv_1707,common_voice_ext,data/common_voice_ext/cv_1707.wav,data/distorted_cv_ext/cv_1707_severe.wav,severe,นั่นไม่ได้เกิดขึ้นกับฉันจนกระทั่งหลังสงคราม,4.3428
cv_1708,common_voice_ext,data/common_voice_ext/cv_1708.wav,data/distorted_cv_ext/cv_1708_severe.wav,severe,ฉันไม่ใช่คนรับใช้ส่วนตัวของคุณเจค,3.5823
cv_1709,common_voice_ext,data/common_voice_ext/cv_1709.wav,data/distorted_cv_ext/cv_1709_severe.wav,severe,ซอฟต์แวร์ลิขสิทธิ์ใช้มัลติเธรดสำหรับบางขั้นตอนกลาง,6.2392
cv_1710,common_voice_ext,data/common_voice_ext/cv_1710.wav,data/distorted_cv_ext/cv_1710_severe.wav,severe,มันเป็นกุญแจดอกใหญ่ แต่ว่ากุญแจห้องขังใหญ่กว่านะ,4.493
cv_1711,common_voice_ext,data/common_voice_ext/cv_1711.wav,data/distorted_cv_ext/cv_1711_severe.wav,severe,หลังจากวันที่ยาวนานในการทำงาน เราจำเป็นต้องพักผ่อนแค่สักนิด,5.4067
cv_1712,common_voice_ext,data/common_voice_ext/cv_1712.wav,data/distorted_cv_ext/cv_1712_severe.wav,severe,ฉันควรจะคิด เขาพูดอย่างเคร่งขรึม,3.3986
cv_1713,common_voice_ext,data/common_voice_ext/cv_1713.wav,data/distorted_cv_ext/cv_1713_severe.wav,severe,ฉันเป็นชาวโปแลนด์,2.3933
cv_1714,common_voice_ext,data/common_voice_ext/cv_1714.wav,data/distorted_cv_ext/cv_1714_severe.wav,severe,ฟิลิปตามแสงไฟนั่นไป,4.0014
cv_1715,common_voice_ext,data/common_voice_ext/cv_1715.wav,data/distorted_cv_ext/cv_1715_severe.wav,severe,ฉันคิดว่าคุณต้องมีเรื่องรบกวนเล็กน้อย ฉันกล่าว,5.671
cv_1716,common_voice_ext,data/common_voice_ext/cv_1716.wav,data/distorted_cv_ext/cv_1716_severe.wav,severe,เธอออกไปพ้กผ่อนที่โซฟาแสนสบายขนาดใหญ่ที่มุมห้องโถง,6.8856
cv_1717,common_voice_ext,data/common_voice_ext/cv_1717.wav,data/distorted_cv_ext/cv_1717_severe.wav,severe,มนุษย์ไฟก็เหมือนพวกเรา คืออาศัยอยู่ในถ้ำ,4.5396
cv_1718,common_voice_ext,data/common_voice_ext/cv_1718.wav,data/distorted_cv_ext/cv_1718_severe.wav,severe,เม็ดไข่มุกถูกสวมใส่ด้วยแหวนสีน้ำเงินสีเงิน,6.0417
cv_1719,common_voice_ext,data/common_voice_ext/cv_1719.wav,data/distorted_cv_ext/cv_1719_severe.wav,severe,ปัดฝุ่นจากพรมบนสนาม,3.0105
cv_1720,common_voice_ext,data/common_voice_ext/cv_1720.wav,data/distorted_cv_ext/cv_1720_severe.wav,severe,แรคคูนก็เป็นสัตว์เลี้ยงลูกด้วยนม,3.606
cv_1721,common_voice_ext,data/common_voice_ext/cv_1721.wav,data/distorted_cv_ext/cv_1721_severe.wav,severe,เราต้องหาตัวเอมี่,2.5946
cv_1722,common_voice_ext,data/common_voice_ext/cv_1722.wav,data/distorted_cv_ext/cv_1722_severe.wav,severe,ฉันคิดว่าเธอว่าฉันอย่างถูกต้อง,2.9994
cv_1723,common_voice_ext,data/common_voice_ext/cv_1723.wav,data/distorted_cv_ext/cv_1723_severe.wav,severe,ฉันไม่เชื่อคุณหรอก,2.9672
cv_1724,common_voice_ext,data/common_voice_ext/cv_1724.wav,data/distorted_cv_ext/cv_1724_severe.wav,severe,ซีเลียจะได้รับการต้อนรับอย่างดี,3.5707
cv_1725,common_voice_ext,data/common_voice_ext/cv_1725.wav,data/distorted_cv_ext/cv_1725_severe.wav,severe,ฉันไม่รู้ว่าฉันกำลังร้องไห้อยู่,4.1535
cv_1726,common_voice_ext,data/common_voice_ext/cv_1726.wav,data/distorted_cv_ext/cv_1726_severe.wav,severe,ปัญญาของเด็กช่วยชีวิตเราไว้,3.0531
cv_1727,common_voice_ext,data/common_voice_ext/cv_1727.wav,data/distorted_cv_ext/cv_1727_severe.wav,severe,ฉันเป็นคนหลอกลวง,2.6964
cv_1728,common_voice_ext,data/common_voice_ext/cv_1728.wav,data/distorted_cv_ext/cv_1728_severe.wav,severe,ฉันได้เปลี่ยนไปอย่างมาก โอ้ มากถึงมากที่สุด,5.8541
cv_1729,common_voice_ext,data/common_voice_ext/cv_1729.wav,data/distorted_cv_ext/cv_1729_severe.wav,severe,สันนิษฐานว่าไรอันไม่เคยตรวจสติ,4.3368
cv_1730,common_voice_ext,data/common_voice_ext/cv_1730.wav,data/distorted_cv_ext/cv_1730_severe.wav,severe,คนไทยในทุกช่วงวัยจะมีความพร้อมทั้งในด้านหลักคิด,7.0151
cv_1731,common_voice_ext,data/common_voice_ext/cv_1731.wav,data/distorted_cv_ext/cv_1731_severe.wav,severe,ผู้ประสบภัยสองรายต้องการการรักษาพยาบาลทันที,7.7717
cv_1732,common_voice_ext,data/common_voice_ext/cv_1732.wav,data/distorted_cv_ext/cv_1732_severe.wav,severe,ด้วยความมั่นคง,2.2041
cv_1733,common_voice_ext,data/common_voice_ext/cv_1733.wav,data/distorted_cv_ext/cv_1733_severe.wav,severe,โรคหัวใจสามารถป้องกันได้ด้วยการรับประทานอาหารที่ดีบวกกับคำแนะนำทางด้านสุขภาพ,7.5315
cv_1734,common_voice_ext,data/common_voice_ext/cv_1734.wav,data/distorted_cv_ext/cv_1734_severe.wav,severe,ดวงดาวคือแสงที่ส่องจากดวงอาทิตย์ที่อยู่ไกลแสนไกล,5.5899
cv_1735,common_voice_ext,data/common_voice_ext/cv_1735.wav,data/distorted_cv_ext/cv_1735_severe.wav,severe,พลังอะไรกัน ผู้หญิงคนนี้มีความน่าหลงไหลอย่างมาก,6.5565
cv_1736,common_voice_ext,data/common_voice_ext/cv_1736.wav,data/distorted_cv_ext/cv_1736_severe.wav,severe,พวกเขาจงใจสร้างบรรยากาศไม่เป็นมิตร,3.9909
cv_1737,common_voice_ext,data/common_voice_ext/cv_1737.wav,data/distorted_cv_ext/cv_1737_severe.wav,severe,ผู้ตัดสินตัดสินให้เตะฟรีคิกแทนการเตะลูกโทษ,4.8537
cv_1738,common_voice_ext,data/common_voice_ext/cv_1738.wav,data/distorted_cv_ext/cv_1738_severe.wav,severe,เขายอมรับว่าภาพเขียนนั้นทำให้เขาผวา,4.73
cv_1739,common_voice_ext,data/common_voice_ext/cv_1739.wav,data/distorted_cv_ext/cv_1739_severe.wav,severe,เจฟฟ์เป็นนักอากาศวิทยาและนักสถิติ,4.2793
cv_1740,common_voice_ext,data/common_voice_ext/cv_1740.wav,data/distorted_cv_ext/cv_1740_severe.wav,severe,พิจารณาว่าตอนนี้กี่โมงแล้ว,4.5565
cv_1741,common_voice_ext,data/common_voice_ext/cv_1741.wav,data/distorted_cv_ext/cv_1741_severe.wav,severe,เขามั่นใจว่าเขาเข้าใจในสิ่งที่สุนัขของเขาพูด,4.8031
cv_1742,common_voice_ext,data/common_voice_ext/cv_1742.wav,data/distorted_cv_ext/cv_1742_severe.wav,severe,เธอควรบอกเขาว่าอะไร,3.4985
cv_1743,common_voice_ext,data/common_voice_ext/cv_1743.wav,data/distorted_cv_ext/cv_1743_severe.wav,severe,ฉันคุ้นเคยกับมัน,2.7789
cv_1744,common_voice_ext,data/common_voice_ext/cv_1744.wav,data/distorted_cv_ext/cv_1744_severe.wav,severe,เธอเอาธงโจรสลัดขึ้น,4.5628
cv_1745,common_voice_ext,data/common_voice_ext/cv_1745.wav,data/distorted_cv_ext/cv_1745_severe.wav,severe,ฉันไม่สามารถทำอะไรได้อีกแล้ว,3.3144
cv_1746,common_voice_ext,data/common_voice_ext/cv_1746.wav,data/distorted_cv_ext/cv_1746_severe.wav,severe,อาการชักมักมีสาเหตุจากการเห็นแสงวูบวาบ,4.7644
cv_1747,common_voice_ext,data/common_voice_ext/cv_1747.wav,data/distorted_cv_ext/cv_1747_severe.wav,severe,ฉันเข้าใจเขาพูด,2.9108
cv_1748,common_voice_ext,data/common_voice_ext/cv_1748.wav,data/distorted_cv_ext/cv_1748_severe.wav,severe,พวกเราสร้างกองทัพหุ่นยนต์นักฆ่าได้,3.8932
cv_1749,common_voice_ext,data/common_voice_ext/cv_1749.wav,data/distorted_cv_ext/cv_1749_severe.wav,severe,ตั้งแต่วัฒนธรรมการปฎิวัติจนถึงตอนนี้ทำให้คณะรัฐบาลเผด็จการอ่อนแอลง,6.7467
cv_1750,common_voice_ext,data/common_voice_ext/cv_1750.wav,data/distorted_cv_ext/cv_1750_severe.wav,severe,ฉันจะกินปลากระพงสำหรับมื้อเย็น,4.0692
cv_1751,common_voice_ext,data/common_voice_ext/cv_1751.wav,data/distorted_cv_ext/cv_1751_severe.wav,severe,เรามักจะเหงื่อออกเวลารู้สึกร้อนจนทนไม่ไหว,5.0467
cv_1752,common_voice_ext,data/common_voice_ext/cv_1752.wav,data/distorted_cv_ext/cv_1752_severe.wav,severe,ฉันควรพูดอย่างนั้น !,2.6672
cv_1753,common_voice_ext,data/common_voice_ext/cv_1753.wav,data/distorted_cv_ext/cv_1753_severe.wav,severe,ไม่มีความเมตตาต่อผู้ฆ่าตำรวจ !,4.1943
cv_1754,common_voice_ext,data/common_voice_ext/cv_1754.wav,data/distorted_cv_ext/cv_1754_severe.wav,severe,เวลาเป็นสิ่งสำคัญเมื่อเล่าเรื่องตลกที่ดี,4.828
cv_1755,common_voice_ext,data/common_voice_ext/cv_1755.wav,data/distorted_cv_ext/cv_1755_severe.wav,severe,มันกำลังจะดีขึ้นมากกว่าแต่ก่อน,3.6168
cv_1756,common_voice_ext,data/common_voice_ext/cv_1756.wav,data/distorted_cv_ext/cv_1756_severe.wav,severe,การแลกเปลี่ยนยังคงคั่งค้างอยู่,3.6952
cv_1757,common_voice_ext,data/common_voice_ext/cv_1757.wav,data/distorted_cv_ext/cv_1757_severe.wav,severe,ตอนนั้นไม่มีใครพูดเลย,2.8685
cv_1758,common_voice_ext,data/common_voice_ext/cv_1758.wav,data/distorted_cv_ext/cv_1758_severe.wav,severe,ตัดผ้าสีทองเป็นริบบอน,3.1411
cv_1759,common_voice_ext,data/common_voice_ext/cv_1759.wav,data/distorted_cv_ext/cv_1759_severe.wav,severe,ควรมีการตกลงกันเรื่องจรรยาบรรณ,3.8067
cv_1760,common_voice_ext,data/common_voice_ext/cv_1760.wav,data/distorted_cv_ext/cv_1760_severe.wav,severe,นครศรีธรรมราชเป็นจังหวัดติดทะเล,3.1625
cv_1761,common_voice_ext,data/common_voice_ext/cv_1761.wav,data/distorted_cv_ext/cv_1761_severe.wav,severe,นี่ก็มาเป็นส่วนหนึ่งของตารางกิจวัตรประจำวัน,4.5118
cv_1762,common_voice_ext,data/common_voice_ext/cv_1762.wav,data/distorted_cv_ext/cv_1762_severe.wav,severe,คุณพร้อมเสมอเวลาจะไปไหนหรือไปทำอะไร,4.4269
cv_1763,common_voice_ext,data/common_voice_ext/cv_1763.wav,data/distorted_cv_ext/cv_1763_severe.wav,severe,ทั้งหมดที่ฉันจะต้องพูดกับคุณมีเพียงเท่านี้แหล่ะ !,4.4205
cv_1764,common_voice_ext,data/common_voice_ext/cv_1764.wav,data/distorted_cv_ext/cv_1764_severe.wav,severe,บางคนต้องปิดมัน,2.8638
cv_1765,common_voice_ext,data/common_voice_ext/cv_1765.wav,data/distorted_cv_ext/cv_1765_severe.wav,severe,หลังจากที่ฉันเกษียณแล้ว ฉันมีแผนที่จะยึดเยรูซาเล็มอีกครั้ง,5.7996
cv_1766,common_voice_ext,data/common_voice_ext/cv_1766.wav,data/distorted_cv_ext/cv_1766_severe.wav,severe,ท่านอธิการบดีกล่าวชื่อที่น่าเบื่อ,5.2124
cv_1767,common_voice_ext,data/common_voice_ext/cv_1767.wav,data/distorted_cv_ext/cv_1767_severe.wav,severe,ไม่เห็นมีใครเลย คนส่งเอกสารพูด,4.0809
cv_1768,common_voice_ext,data/common_voice_ext/cv_1768.wav,data/distorted_cv_ext/cv_1768_severe.wav,severe,ฉันจะบอกได้อย่างไร,3.3462
cv_1769,common_voice_ext,data/common_voice_ext/cv_1769.wav,data/distorted_cv_ext/cv_1769_severe.wav,severe,โคมไฟอันนี้ดูสวยดีนะ,2.7094
cv_1770,common_voice_ext,data/common_voice_ext/cv_1770.wav,data/distorted_cv_ext/cv_1770_severe.wav,severe,ฉันจริงจังมาก,2.6947
cv_1771,common_voice_ext,data/common_voice_ext/cv_1771.wav,data/distorted_cv_ext/cv_1771_severe.wav,severe,ถ้าพ่อเลี้ยงของฉันขายรูปปั้นเก่านี้เขาอาจกลายเป็นเศรษฐี,5.5066
cv_1772,common_voice_ext,data/common_voice_ext/cv_1772.wav,data/distorted_cv_ext/cv_1772_severe.wav,severe,โทเบียสพยายามดูถูกด้วยน้ำเสียงของเขา,5.4546
cv_1773,common_voice_ext,data/common_voice_ext/cv_1773.wav,data/distorted_cv_ext/cv_1773_severe.wav,severe,เพื่อพัฒนาประเทศไทยให้ก้าวไปข้างหน้า,4.1741
cv_1774,common_voice_ext,data/common_voice_ext/cv_1774.wav,data/distorted_cv_ext/cv_1774_severe.wav,severe,คุณไม่รู้จักเขาไม่ใช่หรอ ?,3.4121
cv_1775,common_voice_ext,data/common_voice_ext/cv_1775.wav,data/distorted_cv_ext/cv_1775_severe.wav,severe,ฉันจะจัดการเคสนี้เอง,2.7694
cv_1776,common_voice_ext,data/common_voice_ext/cv_1776.wav,data/distorted_cv_ext/cv_1776_severe.wav,severe,กุญแจดอกหนึ่งมีเพื่อเข้ารหัส แต่อีกอันหนึ่งเพื่อการถอดรหัส,5.1784
cv_1777,common_voice_ext,data/common_voice_ext/cv_1777.wav,data/distorted_cv_ext/cv_1777_severe.wav,severe,แต่มุมนี้ไม่เปลี่ยนไปเลยตั้งแต่สองปีก่อน,3.3962
cv_1778,common_voice_ext,data/common_voice_ext/cv_1778.wav,data/distorted_cv_ext/cv_1778_severe.wav,severe,งานที่ลิขสิทธิ์หมดอายุแล้วเป็นงานของสาธารณะ,4.0708
cv_1779,common_voice_ext,data/common_voice_ext/cv_1779.wav,data/distorted_cv_ext/cv_1779_severe.wav,severe,ฉันไม่เคยเห็น หรือได้ยินมาก่อนเลย อลิซกล่าว,4.1464
cv_1780,common_voice_ext,data/common_voice_ext/cv_1780.wav,data/distorted_cv_ext/cv_1780_severe.wav,severe,ฉันกำลังใส่เคสที่ใหญ่ แต่มันอาจจะเป็นแบบนั้น,3.598
cv_1781,common_voice_ext,data/common_voice_ext/cv_1781.wav,data/distorted_cv_ext/cv_1781_severe.wav,severe,แมวเป็นสัตว์ที่ลึกลับอย่างแท้จริง,3.2043
cv_1782,common_voice_ext,data/common_voice_ext/cv_1782.wav,data/distorted_cv_ext/cv_1782_severe.wav,severe,รหัสจะใช้เมื่อมีการส่งความลับ,3.402
cv_1783,common_voice_ext,data/common_voice_ext/cv_1783.wav,data/distorted_cv_ext/cv_1783_severe.wav,severe,เมื่อไหร่ เมื่อไหร่แล้วที่คุณเกิดสงสัยแฮรรี่ขึ้นมาตั้งแต่แรก ?,6.9269
cv_1784,common_voice_ext,data/common_voice_ext/cv_1784.wav,data/distorted_cv_ext/cv_1784_severe.wav,severe,ซีเลียยกมือปิดใบหน้าของเธอขณะหนึ่ง,3.9466
cv_1785,common_voice_ext,data/common_voice_ext/cv_1785.wav,data/distorted_cv_ext/cv_1785_severe.wav,severe,เสียงของความสิ้นหวังดังเข้ามาในห้อง,4.3997
cv_1786,common_voice_ext,data/common_voice_ext/cv_1786.wav,data/distorted_cv_ext/cv_1786_severe.wav,severe,เขาเคยมีรูปทรงหนวดที่สุภาพ,3.5281
cv_1787,common_voice_ext,data/common_voice_ext/cv_1787.wav,data/distorted_cv_ext/cv_1787_severe.wav,severe,รัฐบาลของสกอตแลนด์ประกอบด้วยนักการเมืองหลายคน,5.2708
cv_1788,common_voice_ext,data/common_voice_ext/cv_1788.wav,data/distorted_cv_ext/cv_1788_severe.wav,severe,ฉันนึกภาพไม่ออกเลย,2.7358
cv_1789,common_voice_ext,data/common_voice_ext/cv_1789.wav,data/distorted_cv_ext/cv_1789_severe.wav,severe,แต่มีบางสิ่งที่น่าตกใจมากกว่าความคล้ายคลึงนี้,5.0009
cv_1790,common_voice_ext,data/common_voice_ext/cv_1790.wav,data/distorted_cv_ext/cv_1790_severe.wav,severe,บ้านสองชั้นบนพื้นอิฐ,2.6246
cv_1791,common_voice_ext,data/common_voice_ext/cv_1791.wav,data/distorted_cv_ext/cv_1791_severe.wav,severe,คราบหมึกแห้ง ในหน้าที่เสร็จแล้ว,3.6733
cv_1792,common_voice_ext,data/common_voice_ext/cv_1792.wav,data/distorted_cv_ext/cv_1792_severe.wav,severe,ใช่ เธอพูด ด้วยรอยยิ้มที่พึงพอใจ,3.7892
cv_1793,common_voice_ext,data/common_voice_ext/cv_1793.wav,data/distorted_cv_ext/cv_1793_severe.wav,severe,เซอร์เลสเตอร์ได้ยินเสียงอ้าปากค้างอย่างชัดเจนก่อนพูด,4.9079
cv_1794,common_voice_ext,data/common_voice_ext/cv_1794.wav,data/distorted_cv_ext/cv_1794_severe.wav,severe,เป็นรัฐมนตรีว่าการกระทรวงการพัฒนาสังคม,4.6289
cv_1795,common_voice_ext,data/common_voice_ext/cv_1795.wav,data/distorted_cv_ext/cv_1795_severe.wav,severe,ฉันว่าคุณรับภาษานั้นจากมาเหล่าคนอินเดีย,4.873
cv_1796,common_voice_ext,data/common_voice_ext/cv_1796.wav,data/distorted_cv_ext/cv_1796_severe.wav,severe,และเชฟยังอยู่,2.5537
cv_1797,common_voice_ext,data/common_voice_ext/cv_1797.wav,data/distorted_cv_ext/cv_1797_severe.wav,severe,เขาใส่ดีวีดีในเครื่องเล่น,3.3114
cv_1798,common_voice_ext,data/common_voice_ext/cv_1798.wav,data/distorted_cv_ext/cv_1798_severe.wav,severe,ผลที่ตามมาอันน่าทึ่งของทฤษฎีบทของเบย์ก็คือเราสามารถสร้างการอนุมานที่สวนทางกับลำดับการเป็นสาเหตุของเหตุการณ์ได้,9.7043
cv_1799,common_voice_ext,data/common_voice_ext/cv_1799.wav,data/distorted_cv_ext/cv_1799_severe.wav,severe,ฉันไม่อ้วน,2.7209
cv_1800,common_voice_ext,data/common_voice_ext/cv_1800.wav,data/distorted_cv_ext/cv_1800_severe.wav,severe,หลังจากนี้อีกสักพักเราก็จะหยุดแล้ว,3.7404
cv_1801,common_voice_ext,data/common_voice_ext/cv_1801.wav,data/distorted_cv_ext/cv_1801_severe.wav,severe,เด็กสาวที่มีเสน่ห์และงดงามมาก,3.8618
cv_1802,common_voice_ext,data/common_voice_ext/cv_1802.wav,data/distorted_cv_ext/cv_1802_severe.wav,severe,ทางไปไร่ธัญพืชอยู่สุดถนน,3.0835
cv_1803,common_voice_ext,data/common_voice_ext/cv_1803.wav,data/distorted_cv_ext/cv_1803_severe.wav,severe,หล่อนคิดว่าอาหารเช้ามักจะเร็วกว่านี้,3.4242
cv_1804,common_voice_ext,data/common_voice_ext/cv_1804.wav,data/distorted_cv_ext/cv_1804_severe.wav,severe,คุณทำมันสำเร็จได้ยังไง,3.2698
cv_1805,common_voice_ext,data/common_voice_ext/cv_1805.wav,data/distorted_cv_ext/cv_1805_severe.wav,severe,ฉันรักครอบครัวและเพื่อนเสมอ,3.1951
cv_1806,common_voice_ext,data/common_voice_ext/cv_1806.wav,data/distorted_cv_ext/cv_1806_severe.wav,severe,และชาวยุโรปจีนและคนอังกฤษคำนับออกไป,5.4575
cv_1807,common_voice_ext,data/common_voice_ext/cv_1807.wav,data/distorted_cv_ext/cv_1807_severe.wav,severe,ก็แค่บอกว่าเขาเป็นคนยังไง,3.2828
cv_1808,common_voice_ext,data/common_voice_ext/cv_1808.wav,data/distorted_cv_ext/cv_1808_severe.wav,severe,ทั้งสองจะนำไปสู่ราคาน้ำมันที่สูงขึ้นและทำให้พลังงานหมุนเวียนน่าดึงดูดมากขึ้น,6.6608
cv_1809,common_voice_ext,data/common_voice_ext/cv_1809.wav,data/distorted_cv_ext/cv_1809_severe.wav,severe,หลังจากหลายปีของสัญญาที่ล้มเหลว นักลงทุนก็เริ่มรู้สึกหมดหวัง,5.9914
cv_1810,common_voice_ext,data/common_voice_ext/cv_1810.wav,data/distorted_cv_ext/cv_1810_severe.wav,severe,ยอดเขานี้สูงกว่าระดับน้ำทะเลสองพันเมตร,5.6165
cv_1811,common_voice_ext,data/common_voice_ext/cv_1811.wav,data/distorted_cv_ext/cv_1811_severe.wav,severe,ดูแลตัวเองด้วยนะ อลิซบอกอย่างเศร้าสร้อย,5.2631
cv_1812,common_voice_ext,data/common_voice_ext/cv_1812.wav,data/distorted_cv_ext/cv_1812_severe.wav,severe,พวกเขาเป็นยังไง,3.1806
cv_1813,common_voice_ext,data/common_voice_ext/cv_1813.wav,data/distorted_cv_ext/cv_1813_severe.wav,severe,เอามันมาให้ฉัน,2.2098
cv_1814,common_voice_ext,data/common_voice_ext/cv_1814.wav,data/distorted_cv_ext/cv_1814_severe.wav,severe,อย่าตั้งเป้าฉันสูงเกินไป ฉันขอ,4.607
cv_1815,common_voice_ext,data/common_voice_ext/cv_1815.wav,data/distorted_cv_ext/cv_1815_severe.wav,severe,ฉันมักจะลืมว่าทำไมฉันต้องเริ่มเล่าเรื่องแล้วหยุดที่ครึ่งเรื่องเสมอ,7.929
cv_1816,common_voice_ext,data/common_voice_ext/cv_1816.wav,data/distorted_cv_ext/cv_1816_severe.wav,severe,ไม่ชอบสิ่งที่กำลังเรียนอยู่ ทำไงดี,3.448
cv_1817,common_voice_ext,data/common_voice_ext/cv_1817.wav,data/distorted_cv_ext/cv_1817_severe.wav,severe,ลีซื้อตั๋วคอนเสิร์ตที่ตรงกลางเวที,4.6171
cv_1818,common_voice_ext,data/common_voice_ext/cv_1818.wav,data/distorted_cv_ext/cv_1818_severe.wav,severe,เขาเป็นคนธรรมดาและอัธยาศัยดี แต่ฉันคิดว่านายรู้อยู่แล้วล่ะ,6.8094
cv_1819,common_voice_ext,data/common_voice_ext/cv_1819.wav,data/distorted_cv_ext/cv_1819_severe.wav,severe,คิดว่าฉันคงเป็นแบบนั้น คุณผู้หญิง เธอตอบกลับ,5.0557
cv_1820,common_voice_ext,data/common_voice_ext/cv_1820.wav,data/distorted_cv_ext/cv_1820_severe.wav,severe,ฉันอยู่ในขั้นตอนของการได้รับใบขับขี่,5.1573
cv_1821,common_voice_ext,data/common_voice_ext/cv_1821.wav,data/distorted_cv_ext/cv_1821_severe.wav,severe,อะไรคือความตั้งใจในการเล่นโกหกครั้งนี้ ?,5.83
cv_1822,common_voice_ext,data/common_voice_ext/cv_1822.wav,data/distorted_cv_ext/cv_1822_severe.wav,severe,อ่า คุณจะต้องเชื่อว่าในคืนนี้มีสิ่งที่ยอดเยี่ยมในนั้น,4.1737
cv_1823,common_voice_ext,data/common_voice_ext/cv_1823.wav,data/distorted_cv_ext/cv_1823_severe.wav,severe,ซีเลียยั่งเย้าเธอด้วยความหวัง,3.5737
cv_1824,common_voice_ext,data/common_voice_ext/cv_1824.wav,data/distorted_cv_ext/cv_1824_severe.wav,severe,เธอเบี่ยงศีรษะหลบ,3.2012
cv_1825,common_voice_ext,data/common_voice_ext/cv_1825.wav,data/distorted_cv_ext/cv_1825_severe.wav,severe,ฉันรับประกันได้เลยว่าไม่มีอะไรที่ต้องกลัว,4.3846
cv_1826,common_voice_ext,data/common_voice_ext/cv_1826.wav,data/distorted_cv_ext/cv_1826_severe.wav,severe,ทำไมหละ แน่นอน ฉันเอง ริชาร์ดพูดอย่างประหลาดใจในความเรียบง่ายของฉัน,6.1245
cv_1827,common_voice_ext,data/common_voice_ext/cv_1827.wav,data/distorted_cv_ext/cv_1827_severe.wav,severe,แบตเตอรี่อัลคาไลน์สามารถนำกลับมาใช้ใหม่ได้,4.6401
cv_1828,common_voice_ext,data/common_voice_ext/cv_1828.wav,data/distorted_cv_ext/cv_1828_severe.wav,severe,อาหารยังคงอุ่นอยู่บนจานในตอนที่เขากลับมาจากการเช็คหน้าต่างและประตู,7.1544
cv_1829,common_voice_ext,data/common_voice_ext/cv_1829.wav,data/distorted_cv_ext/cv_1829_severe.wav,severe,โอ้ไม่กระต่ายของฉันออกมาจากกรง !,4.2044
cv_1830,common_voice_ext,data/common_voice_ext/cv_1830.wav,data/distorted_cv_ext/cv_1830_severe.wav,severe,ในการประชุมนี้ฉันมีความสุขมาก,3.4909
cv_1831,common_voice_ext,data/common_voice_ext/cv_1831.wav,data/distorted_cv_ext/cv_1831_severe.wav,severe,ไม่ เจ้าหนอนกล่าว,3.4087
cv_1832,common_voice_ext,data/common_voice_ext/cv_1832.wav,data/distorted_cv_ext/cv_1832_severe.wav,severe,หิมะที่ตกหนักในช่วงฤดูหนาวทำให้ถนนไม่สามารถใช้สัญจรได้ในช่วงปลายเดือนกุมภาพันธ์,7.8591
cv_1833,common_voice_ext,data/common_voice_ext/cv_1833.wav,data/distorted_cv_ext/cv_1833_severe.wav,severe,คุณบอกฉันทำไม,2.8406
cv_1834,common_voice_ext,data/common_voice_ext/cv_1834.wav,data/distorted_cv_ext/cv_1834_severe.wav,severe,แต่ฉันรู้ดี,2.4779
cv_1835,common_voice_ext,data/common_voice_ext/cv_1835.wav,data/distorted_cv_ext/cv_1835_severe.wav,severe,เขาเคยเป็นผู้ชายแบบไหน,2.9531
cv_1836,common_voice_ext,data/common_voice_ext/cv_1836.wav,data/distorted_cv_ext/cv_1836_severe.wav,severe,ในความคิดของซีเลียนั้นยังคงมุ่งมั่นที่จะแก้ปัญหา,5.0649
cv_1837,common_voice_ext,data/common_voice_ext/cv_1837.wav,data/distorted_cv_ext/cv_1837_severe.wav,severe,คุณจะพูดแบบนั้นได้อย่างไร ?,2.8916
cv_1838,common_voice_ext,data/common_voice_ext/cv_1838.wav,data/distorted_cv_ext/cv_1838_severe.wav,severe,เขาหนีออกจากบ้านและความคิดของเขา,4.2694
cv_1839,common_voice_ext,data/common_voice_ext/cv_1839.wav,data/distorted_cv_ext/cv_1839_severe.wav,severe,อลิซสับสนอย่างหนัก,2.5235
cv_1840,common_voice_ext,data/common_voice_ext/cv_1840.wav,data/distorted_cv_ext/cv_1840_severe.wav,severe,สิ่งนี้เกิดขึ้นแน่นอนในเรื่องเล่าจากนอร์วีเจีย,4.4873
cv_1841,common_voice_ext,data/common_voice_ext/cv_1841.wav,data/distorted_cv_ext/cv_1841_severe.wav,severe,ฉันจะไม่ทำให้เธอเสียใจ,3.0969
cv_1842,common_voice_ext,data/common_voice_ext/cv_1842.wav,data/distorted_cv_ext/cv_1842_severe.wav,severe,ซอสพริกให้ความฉุน,3.6826
cv_1843,common_voice_ext,data/common_voice_ext/cv_1843.wav,data/distorted_cv_ext/cv_1843_severe.wav,severe,มันออกไปโดยที่ไม่พูดอะไร,4.4874
cv_1844,common_voice_ext,data/common_voice_ext/cv_1844.wav,data/distorted_cv_ext/cv_1844_severe.wav,severe,และมีศักยภาพที่จะดำเนินชีวิตในศตวรรษที่ยี่สิบเอ็ด,4.8433
cv_1845,common_voice_ext,data/common_voice_ext/cv_1845.wav,data/distorted_cv_ext/cv_1845_severe.wav,severe,ฉันไม่เคยคิดเกี่ยวกับมันเลย,3.3583
cv_1846,common_voice_ext,data/common_voice_ext/cv_1846.wav,data/distorted_cv_ext/cv_1846_severe.wav,severe,นางกนกวรรณ วิลาวัลย์,2.9411
cv_1847,common_voice_ext,data/common_voice_ext/cv_1847.wav,data/distorted_cv_ext/cv_1847_severe.wav,severe,ถ้าคุณต้องการส่วนลด คุณต้องมีไอดี,3.1516
cv_1848,common_voice_ext,data/common_voice_ext/cv_1848.wav,data/distorted_cv_ext/cv_1848_severe.wav,severe,ชู่ว เจ้ากระต่ายพูดด้วยน้ำเสียงต่ำแต่เร่งรีบ,4.9433
cv_1849,common_voice_ext,data/common_voice_ext/cv_1849.wav,data/distorted_cv_ext/cv_1849_severe.wav,severe,ความเจ็บปวดจากการยิงผ่านไปเหมือนกับแสงไฟฟ้าไหลผ่านร่างกายของเขา,5.9263
cv_1850,common_voice_ext,data/common_voice_ext/cv_1850.wav,data/distorted_cv_ext/cv_1850_severe.wav,severe,เด็กที่ชอบแกล้งเพื่อนในห้องเรียน มักเป็นเด็กที่มีปัญหาทางบ้าน,5.4533
cv_1851,common_voice_ext,data/common_voice_ext/cv_1851.wav,data/distorted_cv_ext/cv_1851_severe.wav,severe,ผมขอความอภัยโทษของคุณครับท่าน แต่ผมคิดว่าสุภาพบุรุษเหล่านั้นคือทหาร ?,6.5586
cv_1852,common_voice_ext,data/common_voice_ext/cv_1852.wav,data/distorted_cv_ext/cv_1852_severe.wav,severe,และจากนั้นฉันท่องบทสวดมนต์และคิดอะไรเพิ่มอีกหน่อย,6.4249
cv_1853,common_voice_ext,data/common_voice_ext/cv_1853.wav,data/distorted_cv_ext/cv_1853_severe.wav,severe,ฉันว่าคุณนั่งมาทั้งวันแล้วนะ,3.1963
cv_1854,common_voice_ext,data/common_voice_ext/cv_1854.wav,data/distorted_cv_ext/cv_1854_severe.wav,severe,คนเราไม่ยอมผิดพลาดเป็นครั้งที่สอง,3.1972
cv_1855,common_voice_ext,data/common_voice_ext/cv_1855.wav,data/distorted_cv_ext/cv_1855_severe.wav,severe,เธอเป็นเพียงจุดเริ่มต้นของพวกเขา,3.1762
cv_1856,common_voice_ext,data/common_voice_ext/cv_1856.wav,data/distorted_cv_ext/cv_1856_severe.wav,severe,คุณรู้ได้อย่างไร ?,3.3409
cv_1857,common_voice_ext,data/common_voice_ext/cv_1857.wav,data/distorted_cv_ext/cv_1857_severe.wav,severe,ความเชื่อที่ฝังลึกมานานยากที่จะเปลี่ยนแปลง,4.8099
cv_1858,common_voice_ext,data/common_voice_ext/cv_1858.wav,data/distorted_cv_ext/cv_1858_severe.wav,severe,คุณไม่สงสัยวิลเลี่ยม กัปปี้หรอ ?,4.1756
cv_1859,common_voice_ext,data/common_voice_ext/cv_1859.wav,data/distorted_cv_ext/cv_1859_severe.wav,severe,ความวุ่นวายที่เกิดขึ้นกับเธอ,2.5756
cv_1860,common_voice_ext,data/common_voice_ext/cv_1860.wav,data/distorted_cv_ext/cv_1860_severe.wav,severe,ประเทศไทยในขณะนี้ต้องเผชิญกับความท้าทายใหม่,5.2264
cv_1861,common_voice_ext,data/common_voice_ext/cv_1861.wav,data/distorted_cv_ext/cv_1861_severe.wav,severe,คุณบอกมันไปว่าอะไร,3.4971
cv_1862,common_voice_ext,data/common_voice_ext/cv_1862.wav,data/distorted_cv_ext/cv_1862_severe.wav,severe,โดยเฉพาะการค้าระหว่างประเทศที่มีแนวโน้ม,3.0277
cv_1863,common_voice_ext,data/common_voice_ext/cv_1863.wav,data/distorted_cv_ext/cv_1863_severe.wav,severe,ยุ้งฉางอันมั่นคงตกลงด้วยเสียงดัง,4.0672
cv_1864,common_voice_ext,data/common_voice_ext/cv_1864.wav,data/distorted_cv_ext/cv_1864_severe.wav,severe,จิ้งจอก กระโดดอย่างรวดเร็ว เหนือแมวที่กำลังหลับอยู่,4.2853
cv_1865,common_voice_ext,data/common_voice_ext/cv_1865.wav,data/distorted_cv_ext/cv_1865_severe.wav,severe,แมเดอรีน บาสเซทบอกกว่าเธอจะแต่งงานกับฉัน,5.8341
cv_1866,common_voice_ext,data/common_voice_ext/cv_1866.wav,data/distorted_cv_ext/cv_1866_severe.wav,severe,คุณมาที่นี่ได้อย่างไร ?,3.5016
cv_1867,common_voice_ext,data/common_voice_ext/cv_1867.wav,data/distorted_cv_ext/cv_1867_severe.wav,severe,เอมิลีถูกแมงกะพรุนต่อย,3.0909
cv_1868,common_voice_ext,data/common_voice_ext/cv_1868.wav,data/distorted_cv_ext/cv_1868_severe.wav,severe,มิสเตอร์บุคเค็ทใช้นิ้วบรรเลงได้อย่างนุ่มนวล,4.7032
cv_1869,common_voice_ext,data/common_voice_ext/cv_1869.wav,data/distorted_cv_ext/cv_1869_severe.wav,severe,พวกเขายิ่งใหญ่ยากที่จะล้ม,3.3573
cv_1870,common_voice_ext,data/common_voice_ext/cv_1870.wav,data/distorted_cv_ext/cv_1870_severe.wav,severe,ฉันพร้อมจะไป,2.0757
cv_1871,common_voice_ext,data/common_voice_ext/cv_1871.wav,data/distorted_cv_ext/cv_1871_severe.wav,severe,ฟังก์ชันฮิวริสติกเป็นเพียงการประมาณความล่าช้า,5.9825
cv_1872,common_voice_ext,data/common_voice_ext/cv_1872.wav,data/distorted_cv_ext/cv_1872_severe.wav,severe,คุณอารมณ์ร้อนและไม่ค่อยเกรงใจ,3.0497
cv_1873,common_voice_ext,data/common_voice_ext/cv_1873.wav,data/distorted_cv_ext/cv_1873_severe.wav,severe,พวกเราสิบแปดคนไม่สามารถขยับรถตู้ได้,3.1506
cv_1874,common_voice_ext,data/common_voice_ext/cv_1874.wav,data/distorted_cv_ext/cv_1874_severe.wav,severe,ไม่ได้ทั้งหมดนี้,3.0802
cv_1875,common_voice_ext,data/common_voice_ext/cv_1875.wav,data/distorted_cv_ext/cv_1875_severe.wav,severe,ไม่มีแม้แต่เสียงมาจากในประตู,3.4674
cv_1876,common_voice_ext,data/common_voice_ext/cv_1876.wav,data/distorted_cv_ext/cv_1876_severe.wav,severe,ความมั่นใจระหว่างปรึกษาเป็นประโยชน์,3.1692
cv_1877,common_voice_ext,data/common_voice_ext/cv_1877.wav,data/distorted_cv_ext/cv_1877_severe.wav,severe,ฟาโรห์หลายคนเป็นคนปกครองอิยิปต์ในยุคโบราณ,4.6733
cv_1878,common_voice_ext,data/common_voice_ext/cv_1878.wav,data/distorted_cv_ext/cv_1878_severe.wav,severe,ที่สำนักงานใหญ่มีความปลื้มปีติเมื่อหัวหน้าประกาศได้รายได้พันล้านยูโร,7.2003
cv_1879,common_voice_ext,data/common_voice_ext/cv_1879.wav,data/distorted_cv_ext/cv_1879_severe.wav,severe,แต่อะไรทำให้เกิดการเปลี่ยนใจนี้,3.7753
cv_1880,common_voice_ext,data/common_voice_ext/cv_1880.wav,data/distorted_cv_ext/cv_1880_severe.wav,severe,อะไรที่มากกว่าจดหมายที่บอกฉันว่าไม่ต้องการมาที่นี่อีก,5.1383
cv_1881,common_voice_ext,data/common_voice_ext/cv_1881.wav,data/distorted_cv_ext/cv_1881_severe.wav,severe,ใจดีมากจริง ๆ,2.8963
cv_1882,common_voice_ext,data/common_voice_ext/cv_1882.wav,data/distorted_cv_ext/cv_1882_severe.wav,severe,เอามาให้ฉัน ป้าดาเลียพูดอย่างเฉื่อยชา,4.2413
cv_1883,common_voice_ext,data/common_voice_ext/cv_1883.wav,data/distorted_cv_ext/cv_1883_severe.wav,severe,ให้ปีศาจเขาเนื่องจาก,3.2315
cv_1884,common_voice_ext,data/common_voice_ext/cv_1884.wav,data/distorted_cv_ext/cv_1884_severe.wav,severe,ฉันกำลังเรียนการพัฒนาในการแสดง,3.2972
cv_1885,common_voice_ext,data/common_voice_ext/cv_1885.wav,data/distorted_cv_ext/cv_1885_severe.wav,severe,มันประกอบไปด้วยซูชินี่,2.9261
cv_1886,common_voice_ext,data/common_voice_ext/cv_1886.wav,data/distorted_cv_ext/cv_1886_severe.wav,severe,ต้องดำเนินการตามข้อตกลงระหว่างประเทศ,3.6208
cv_1887,common_voice_ext,data/common_voice_ext/cv_1887.wav,data/distorted_cv_ext/cv_1887_severe.wav,severe,ถ้าเธอไม่รู้ เธอก็ไม่สามารถตอบคำถามได้,3.9006
cv_1888,common_voice_ext,data/common_voice_ext/cv_1888.wav,data/distorted_cv_ext/cv_1888_severe.wav,severe,คุณรู้มั้ยว่าเป็นแพ็คเกจแบบไหน,3.8757
cv_1889,common_voice_ext,data/common_voice_ext/cv_1889.wav,data/distorted_cv_ext/cv_1889_severe.wav,severe,แต่มันก็ไม่เป็น,2.9362
cv_1890,common_voice_ext,data/common_voice_ext/cv_1890.wav,data/distorted_cv_ext/cv_1890_severe.wav,severe,เขาให้กระดาษในมือแม่บ้าน,3.5941
cv_1891,common_voice_ext,data/common_voice_ext/cv_1891.wav,data/distorted_cv_ext/cv_1891_severe.wav,severe,เขาบีบแก้มของเธอ,3.424
cv_1892,common_voice_ext,data/common_voice_ext/cv_1892.wav,data/distorted_cv_ext/cv_1892_severe.wav,severe,ขอเป็นเอสเพรสโซแก้วนึงค่ะ,4.9303
cv_1893,common_voice_ext,data/common_voice_ext/cv_1893.wav,data/distorted_cv_ext/cv_1893_severe.wav,severe,ฉันยังเป็นเพื่อนที่ดีกับสามีเก่าได้,3.8711
cv_1894,common_voice_ext,data/common_voice_ext/cv_1894.wav,data/distorted_cv_ext/cv_1894_severe.wav,severe,นักวิทยาศาสตร์ด้านคอมพิวเตอร์ได้พยายามหาวิธีการแก้ปัญหากันอย่างหนักจนถึงตอนนี้,6.0471
cv_1895,common_voice_ext,data/common_voice_ext/cv_1895.wav,data/distorted_cv_ext/cv_1895_severe.wav,severe,ฉันค่อนข้างประหลาดใจร้านอาหารที่ท้ายที่สุดก็สามารถแก้ปัญหาเรื่องไฟได้,6.2141
cv_1896,common_voice_ext,data/common_voice_ext/cv_1896.wav,data/distorted_cv_ext/cv_1896_severe.wav,severe,เธอหมดหวังที่จะฝึกฝนในฐานะนักบินเครื่องบินขับไล่,4.6823
cv_1897,common_voice_ext,data/common_voice_ext/cv_1897.wav,data/distorted_cv_ext/cv_1897_severe.wav,severe,ซีเลียขยับตัวและลืมตา,2.8403
cv_1898,common_voice_ext,data/common_voice_ext/cv_1898.wav,data/distorted_cv_ext/cv_1898_severe.wav,severe,ก่อนอื่นเธอก็ร้องครวญครางจากนั้นก็ไอและในที่สุดการระบายอากาศของเธอก็ทรุดตัวลง,11.2273
cv_1899,common_voice_ext,data/common_voice_ext/cv_1899.wav,data/distorted_cv_ext/cv_1899_severe.wav,severe,นายเทวัญ ลิปตพัลลภ,4.3035
cv_1900,common_voice_ext,data/common_voice_ext/cv_1900.wav,data/distorted_cv_ext/cv_1900_severe.wav,severe,และคำถามคือคำตอบของเธอ,4.4085
cv_1901,common_voice_ext,data/common_voice_ext/cv_1901.wav,data/distorted_cv_ext/cv_1901_severe.wav,severe,บางครั้งความฝันของเธอก็เต็มไปด้วยวิสัยทัศน์,5.666
cv_1902,common_voice_ext,data/common_voice_ext/cv_1902.wav,data/distorted_cv_ext/cv_1902_severe.wav,severe,แจ็คกี้ชานเป็นผู้ใช้ศิลปะการต่อสู้และนักแสดงชื่อดังจากฮ่องกง,7.4928
cv_1903,common_voice_ext,data/common_voice_ext/cv_1903.wav,data/distorted_cv_ext/cv_1903_severe.wav,severe,ความผิดพลาดของยูเอฟโอแสดงให้เห็นว่ามนุษย์ต่างดาวมีความเสี่ยงเช่นกัน,8.3658
cv_1904,common_voice_ext,data/common_voice_ext/cv_1904.wav,data/distorted_cv_ext/cv_1904_severe.wav,severe,เขาเปิดกล่องจดหมายออกมาแล้วพบกับโทรเลขอยู่ในนั้น,6.4414
cv_1905,common_voice_ext,data/common_voice_ext/cv_1905.wav,data/distorted_cv_ext/cv_1905_severe.wav,severe,มา เพื่อนของฉัน เขาพูดว่า ’’ให้เราได้ยินว่ามันเกิดอะไรขึ้น ! ’’,8.2873
cv_1906,common_voice_ext,data/common_voice_ext/cv_1906.wav,data/distorted_cv_ext/cv_1906_severe.wav,severe,ผมรอไม่ได้ เขาร่ำร้องออกมาด้วยความความลุ่มหลง,6.3465
cv_1907,common_voice_ext,data/common_voice_ext/cv_1907.wav,data/distorted_cv_ext/cv_1907_severe.wav,severe,ถ้าคุณยังทำเสียงดังอึกทึกอีก คุณควรที่จะออกไป,6.9222
cv_1908,common_voice_ext,data/common_voice_ext/cv_1908.wav,data/distorted_cv_ext/cv_1908_severe.wav,severe,ความจริงคืออะไร,3.7326
cv_1909,common_voice_ext,data/common_voice_ext/cv_1909.wav,data/distorted_cv_ext/cv_1909_severe.wav,severe,ฉันไม่ใช่พวกรอบบินสูง อลิซกล่าว,5.1622
cv_1910,common_voice_ext,data/common_voice_ext/cv_1910.wav,data/distorted_cv_ext/cv_1910_severe.wav,severe,เขาหยิ่งและวางตัวแย่ต่อพนักงาน,5.5249
cv_1911,common_voice_ext,data/common_voice_ext/cv_1911.wav,data/distorted_cv_ext/cv_1911_severe.wav,severe,นั่นก็ยืดออกไป,3.6956
cv_1912,common_voice_ext,data/common_voice_ext/cv_1912.wav,data/distorted_cv_ext/cv_1912_severe.wav,severe,ให้มันจับที่รุ่นเรา,3.7829
cv_1913,common_voice_ext,data/common_voice_ext/cv_1913.wav,data/distorted_cv_ext/cv_1913_severe.wav,severe,ฉันอยากไปต่อ,3.1748
cv_1914,common_voice_ext,data/common_voice_ext/cv_1914.wav,data/distorted_cv_ext/cv_1914_severe.wav,severe,ไม่ใช่ว่าเขาติดหนี้พวกเราอยู่เยอะแยะเต็มไปหมดหรอกหรอ ?,5.9264
cv_1915,common_voice_ext,data/common_voice_ext/cv_1915.wav,data/distorted_cv_ext/cv_1915_severe.wav,severe,เขาไม่รู้จะเริ่มต้นพูดอย่างไร,4.0309
cv_1916,common_voice_ext,data/common_voice_ext/cv_1916.wav,data/distorted_cv_ext/cv_1916_severe.wav,severe,เขาได้แก้ไขทีเร็กซ์เกมสำหรับงานวันคริสต์มาส,7.6341
cv_1917,common_voice_ext,data/common_voice_ext/cv_1917.wav,data/distorted_cv_ext/cv_1917_severe.wav,severe,และไม่ว่าจะที่ไหนฉันก็ตะลอนตามถนนที่เปียกไปด้วยแอลกอฮอล์,7.7052
cv_1918,common_voice_ext,data/common_voice_ext/cv_1918.wav,data/distorted_cv_ext/cv_1918_severe.wav,severe,การแข่งขันดอดจ์บอลครั้งแรกประจำปีกำลังจะเริ่มขึ้นแล้ว,7.4312
cv_1919,common_voice_ext,data/common_voice_ext/cv_1919.wav,data/distorted_cv_ext/cv_1919_severe.wav,severe,มันดูมืดมัวจัง สแคร์คราวกล่าว,6.4105
cv_1920,common_voice_ext,data/common_voice_ext/cv_1920.wav,data/distorted_cv_ext/cv_1920_severe.wav,severe,คุณกำลังจะทำอะไรกับฉันหรอ,4.2668
cv_1921,common_voice_ext,data/common_voice_ext/cv_1921.wav,data/distorted_cv_ext/cv_1921_severe.wav,severe,มาก่อน เสิร์ฟก่อน,3.2951
cv_1922,common_voice_ext,data/common_voice_ext/cv_1922.wav,data/distorted_cv_ext/cv_1922_severe.wav,severe,เซอร์เลสเตอร์ทุ่มเทให้กับคุณเกือบจะหลงใหล,5.2934
cv_1923,common_voice_ext,data/common_voice_ext/cv_1923.wav,data/distorted_cv_ext/cv_1923_severe.wav,severe,แสงสว่างส่องมาที่ฉันอย่างฉับพลัน,4.8949
cv_1924,common_voice_ext,data/common_voice_ext/cv_1924.wav,data/distorted_cv_ext/cv_1924_severe.wav,severe,แต่มันหมายความว่าอะไร,3.0626
cv_1925,common_voice_ext,data/common_voice_ext/cv_1925.wav,data/distorted_cv_ext/cv_1925_severe.wav,severe,ฉันค่อนข้างจะกลัวความเสี่ยงเมื่อมันเป็นเรื่องเด็กทารก,6.0063
cv_1926,common_voice_ext,data/common_voice_ext/cv_1926.wav,data/distorted_cv_ext/cv_1926_severe.wav,severe,ใช่ฉันต้องยอมรับชั่วคราว,4.3308
cv_1927,common_voice_ext,data/common_voice_ext/cv_1927.wav,data/distorted_cv_ext/cv_1927_severe.wav,severe,คุณต้องการที่จะรู้อะไรหรอ,3.7511
cv_1928,common_voice_ext,data/common_voice_ext/cv_1928.wav,data/distorted_cv_ext/cv_1928_severe.wav,severe,มันไม่มีอะไรให้ฉันเลย,3.6823
cv_1929,common_voice_ext,data/common_voice_ext/cv_1929.wav,data/distorted_cv_ext/cv_1929_severe.wav,severe,เพียงสิ่งสำคัญจากนี้ สุภาพบุรุษหนุ่มตอบ,5.2062
cv_1930,common_voice_ext,data/common_voice_ext/cv_1930.wav,data/distorted_cv_ext/cv_1930_severe.wav,severe,ผู้หญิงน้อยกว่ากึ่งหนึ่งของกลุ่ม,4.0804
cv_1931,common_voice_ext,data/common_voice_ext/cv_1931.wav,data/distorted_cv_ext/cv_1931_severe.wav,severe,ฉันเคยไปคานส์มาก่อน,4.3325
cv_1932,common_voice_ext,data/common_voice_ext/cv_1932.wav,data/distorted_cv_ext/cv_1932_severe.wav,severe,เมื่อเปลี่ยนระบบการศึกษาให้เป็นสากลปัญหาภายในประเทศหลายอย่างจะเปลี่ยนไปในทางดี,8.5637
cv_1933,common_voice_ext,data/common_voice_ext/cv_1933.wav,data/distorted_cv_ext/cv_1933_severe.wav,severe,เป็นรัฐมนตรีว่าการกระทรวงเกษตร,4.3724
cv_1934,common_voice_ext,data/common_voice_ext/cv_1934.wav,data/distorted_cv_ext/cv_1934_severe.wav,severe,เงินทำให้ยับยั้งการล้มละลายของชายคนนั้น,5.5404
cv_1935,common_voice_ext,data/common_voice_ext/cv_1935.wav,data/distorted_cv_ext/cv_1935_severe.wav,severe,มือของเธอยังกุมมือของเขาอยู่,5.1334
cv_1936,common_voice_ext,data/common_voice_ext/cv_1936.wav,data/distorted_cv_ext/cv_1936_severe.wav,severe,ฉันเก่งเท่ากันกับผู้ชาย เธอแหย่,5.256
cv_1937,common_voice_ext,data/common_voice_ext/cv_1937.wav,data/distorted_cv_ext/cv_1937_severe.wav,severe,การจะรักใครสักคนหนึ่งคุณจะฟังแค่เขาเล่ามาไม่ได้,8.2819
cv_1938,common_voice_ext,data/common_voice_ext/cv_1938.wav,data/distorted_cv_ext/cv_1938_severe.wav,severe,อย่าวางไข่ทั้งหมดของคุณในหนึ่งตะกร้า,4.4079
cv_1939,common_voice_ext,data/common_voice_ext/cv_1939.wav,data/distorted_cv_ext/cv_1939_severe.wav,severe,ซอสสำหรับห่านคือซอสของห่านตัวผู้,5.9268
cv_1940,common_voice_ext,data/common_voice_ext/cv_1940.wav,data/distorted_cv_ext/cv_1940_severe.wav,severe,ตามที่ได้มีประกาศพระบรมราชโองการแต่งตั้งให้กระผมดำรงตำแหน่ง,7.1288
cv_1941,common_voice_ext,data/common_voice_ext/cv_1941.wav,data/distorted_cv_ext/cv_1941_severe.wav,severe,เธอทำฉันขำ ฉันเลยห้ามเธอได้ยาก,4.9108
cv_1942,common_voice_ext,data/common_voice_ext/cv_1942.wav,data/distorted_cv_ext/cv_1942_severe.wav,severe,ฉันไม่รู้.,2.6662
cv_1943,common_voice_ext,data/common_voice_ext/cv_1943.wav,data/distorted_cv_ext/cv_1943_severe.wav,severe,ฉันสงสัยว่าไอรีนจะลบการสำรองข้อมูลของรายงานของฉัน,9.1941
cv_1944,common_voice_ext,data/common_voice_ext/cv_1944.wav,data/distorted_cv_ext/cv_1944_severe.wav,severe,เช็ดคราบมันออกจากหน้าของเขา,5.0459
cv_1945,common_voice_ext,data/common_voice_ext/cv_1945.wav,data/distorted_cv_ext/cv_1945_severe.wav,severe,คุณรู้ไหมว่าฉันเป็นใคร,4.3882
cv_1946,common_voice_ext,data/common_voice_ext/cv_1946.wav,data/distorted_cv_ext/cv_1946_severe.wav,severe,คุณพูดแบบนั้นทำไม,3.3099
cv_1947,common_voice_ext,data/common_voice_ext/cv_1947.wav,data/distorted_cv_ext/cv_1947_severe.wav,severe,ในภาษาอังกฤษแบบบริติช วงเล็บเหลี่ยมเป็นสิ่งเดียวกับวงเล็บ,6.8326
cv_1948,common_voice_ext,data/common_voice_ext/cv_1948.wav,data/distorted_cv_ext/cv_1948_severe.wav,severe,ย่าของฉันพยุงตัวเองไม่ค่อยไหว เธอใช้ที่ช่วยเดิน,6.4426
cv_1949,common_voice_ext,data/common_voice_ext/cv_1949.wav,data/distorted_cv_ext/cv_1949_severe.wav,severe,เธอพยายามเป็นเทพธิดาในบ้านเสมอ,3.4704
cv_1950,common_voice_ext,data/common_voice_ext/cv_1950.wav,data/distorted_cv_ext/cv_1950_severe.wav,severe,มีความน่ากลัวอยู่บนหน้าของพวกเขา,4.5544
cv_1951,common_voice_ext,data/common_voice_ext/cv_1951.wav,data/distorted_cv_ext/cv_1951_severe.wav,severe,หวังว่าคุณจะคิดรอบคอบก่อนจะส่งสลิปในอนาคตนะ,6.2858
cv_1952,common_voice_ext,data/common_voice_ext/cv_1952.wav,data/distorted_cv_ext/cv_1952_severe.wav,severe,ใช้เนยพอประมาณ,2.6444
cv_1953,common_voice_ext,data/common_voice_ext/cv_1953.wav,data/distorted_cv_ext/cv_1953_severe.wav,severe,ฉันคิดถึงทัพพี่เป็นไปได้ว่าน่าจะไปซ่อนที่ไหนสักแห่ง,8.1719
cv_1954,common_voice_ext,data/common_voice_ext/cv_1954.wav,data/distorted_cv_ext/cv_1954_severe.wav,severe,และต้องต่อสู้กับปัญหาใหม่,2.7142
cv_1955,common_voice_ext,data/common_voice_ext/cv_1955.wav,data/distorted_cv_ext/cv_1955_severe.wav,severe,เดนมาร์กเป็นผู้บุกเบิกพลังงานลมทดแทน,4.6251
cv_1956,common_voice_ext,data/common_voice_ext/cv_1956.wav,data/distorted_cv_ext/cv_1956_severe.wav,severe,ประกาศแต่งตั้งรัฐมนตรี,4.2076
cv_1957,common_voice_ext,data/common_voice_ext/cv_1957.wav,data/distorted_cv_ext/cv_1957_severe.wav,severe,มันเป็นก่อนที่ผมจะมา ชายหนุ่มพูด,4.9647
cv_1958,common_voice_ext,data/common_voice_ext/cv_1958.wav,data/distorted_cv_ext/cv_1958_severe.wav,severe,ฉันรู้สึกยินดีที่ฉันมางานสังสรรค์อาหารเย็นอันน่าอัศจรรย์ของคุณในลอนดอน,7.5386
cv_1959,common_voice_ext,data/common_voice_ext/cv_1959.wav,data/distorted_cv_ext/cv_1959_severe.wav,severe,ฉันว่าคุณเหนื่อยนะ,2.6896
cv_1960,common_voice_ext,data/common_voice_ext/cv_1960.wav,data/distorted_cv_ext/cv_1960_severe.wav,severe,ฉันจะไม่เปลี่ยนคำพูดของฉัน,3.2399
cv_1961,common_voice_ext,data/common_voice_ext/cv_1961.wav,data/distorted_cv_ext/cv_1961_severe.wav,severe,กุมเงินของคุณเอาไว้,2.4501
cv_1962,common_voice_ext,data/common_voice_ext/cv_1962.wav,data/distorted_cv_ext/cv_1962_severe.wav,severe,คุณคิดอย่างไรกับเรื่องนี้ ?,3.4891
cv_1963,common_voice_ext,data/common_voice_ext/cv_1963.wav,data/distorted_cv_ext/cv_1963_severe.wav,severe,คุณเจอเค้าครั้งสุดท้ายเมื่อไหร่,3.3388
cv_1964,common_voice_ext,data/common_voice_ext/cv_1964.wav,data/distorted_cv_ext/cv_1964_severe.wav,severe,ข่าววันนี้,2.4213
cv_1965,common_voice_ext,data/common_voice_ext/cv_1965.wav,data/distorted_cv_ext/cv_1965_severe.wav,severe,อัลลันยับยั้งผู้หญิงเพียงท่าทางที่เงียบสงบ แต่มีผล,6.9228
cv_1966,common_voice_ext,data/common_voice_ext/cv_1966.wav,data/distorted_cv_ext/cv_1966_severe.wav,severe,มันก็ยังฟังไม่เหมือนมังสวิรัติอยู่ดี,3.3126
cv_1967,common_voice_ext,data/common_voice_ext/cv_1967.wav,data/distorted_cv_ext/cv_1967_severe.wav,severe,ฉันมีความสุขที่จะพูดว่ามันกำลังก้าวหน้า,5.761
cv_1968,common_voice_ext,data/common_voice_ext/cv_1968.wav,data/distorted_cv_ext/cv_1968_severe.wav,severe,ขอโทษที ฉันสามารถหาหนังสือบัญชีเพื่อยืมได้ที่ไหน ?,5.6812
cv_1969,common_voice_ext,data/common_voice_ext/cv_1969.wav,data/distorted_cv_ext/cv_1969_severe.wav,severe,กระดาษห่อช็อคโกแลตช่วยให้ขนมสด,3.7963
cv_1970,common_voice_ext,data/common_voice_ext/cv_1970.wav,data/distorted_cv_ext/cv_1970_severe.wav,severe,ฉันไม่รู้,2.1848
cv_1971,common_voice_ext,data/common_voice_ext/cv_1971.wav,data/distorted_cv_ext/cv_1971_severe.wav,severe,ด้านหน้าของรองเท้าเคยมีหัวสายรัดสีทอง,5.1309
cv_1972,common_voice_ext,data/common_voice_ext/cv_1972.wav,data/distorted_cv_ext/cv_1972_severe.wav,severe,คุณรู้อะไรเกี่ยวกับเขาบ้าง,3.7296
cv_1973,common_voice_ext,data/common_voice_ext/cv_1973.wav,data/distorted_cv_ext/cv_1973_severe.wav,severe,คุณรู้ได้ยังไง ?,2.3874
cv_1974,common_voice_ext,data/common_voice_ext/cv_1974.wav,data/distorted_cv_ext/cv_1974_severe.wav,severe,คุณไม่รู้จักมันหรอ,2.8896
cv_1975,common_voice_ext,data/common_voice_ext/cv_1975.wav,data/distorted_cv_ext/cv_1975_severe.wav,severe,แล้วดอกไม้ทุกชนิดพูดได้หรือเปล่า ?,3.8397
cv_1976,common_voice_ext,data/common_voice_ext/cv_1976.wav,data/distorted_cv_ext/cv_1976_severe.wav,severe,บางที นั่นคือสิ่งที่ศ้ตรูที่ซ่อนเร้นต้องการ,6.3426
cv_1977,common_voice_ext,data/common_voice_ext/cv_1977.wav,data/distorted_cv_ext/cv_1977_severe.wav,severe,พวกเขาอยากจะคุยเรื่องงานเป็นการส่วนตัว,3.9191
cv_1978,common_voice_ext,data/common_voice_ext/cv_1978.wav,data/distorted_cv_ext/cv_1978_severe.wav,severe,ไอออนโลหะจะต้องได้รับความร้อนจากเปลวไฟก่อน,6.0373
cv_1979,common_voice_ext,data/common_voice_ext/cv_1979.wav,data/distorted_cv_ext/cv_1979_severe.wav,severe,ฉันไม่ใช่ประธานาธิบดีของสาธารณรัฐนี้,6.4589
cv_1980,common_voice_ext,data/common_voice_ext/cv_1980.wav,data/distorted_cv_ext/cv_1980_severe.wav,severe,มันคือรถคันนั้น,2.866
cv_1981,common_voice_ext,data/common_voice_ext/cv_1981.wav,data/distorted_cv_ext/cv_1981_severe.wav,severe,และสงครามไซเบอร์,2.7149
cv_1982,common_voice_ext,data/common_voice_ext/cv_1982.wav,data/distorted_cv_ext/cv_1982_severe.wav,severe,ขอโทษนะ แต่ฉันต้องการแจ้งเจสันว่าฉันจะมาสาย,6.3804
cv_1983,common_voice_ext,data/common_voice_ext/cv_1983.wav,data/distorted_cv_ext/cv_1983_severe.wav,severe,มันสำคัญอย่างยิ่งที่จะต้องคอยฉุดบนยางมะตอย,5.3562
cv_1984,common_voice_ext,data/common_voice_ext/cv_1984.wav,data/distorted_cv_ext/cv_1984_severe.wav,severe,ข้าวโพดหวานอร่อยกว่าเวลาเอาไปย่าง,4.5649
cv_1985,common_voice_ext,data/common_voice_ext/cv_1985.wav,data/distorted_cv_ext/cv_1985_severe.wav,severe,คุณคิดยังไงกับเขา,2.8511
cv_1986,common_voice_ext,data/common_voice_ext/cv_1986.wav,data/distorted_cv_ext/cv_1986_severe.wav,severe,และนี่คือความเป็นพี่น้องกัน ใช่มั้ย,3.5482
cv_1987,common_voice_ext,data/common_voice_ext/cv_1987.wav,data/distorted_cv_ext/cv_1987_severe.wav,severe,เอาล่ะ ถ้างั้นนายตรวจแลป ฉันจะไปหาเธอ,4.7109
cv_1988,common_voice_ext,data/common_voice_ext/cv_1988.wav,data/distorted_cv_ext/cv_1988_severe.wav,severe,โจมองไปที่คุณบักเก็ตอย่างตกตะลึง,4.2194
cv_1989,common_voice_ext,data/common_voice_ext/cv_1989.wav,data/distorted_cv_ext/cv_1989_severe.wav,severe,อุปกรณ์ช่วยฟังมีคุณสมบัติในการขยายเสียงให้ผู้ฟัง,6.1448
cv_1990,common_voice_ext,data/common_voice_ext/cv_1990.wav,data/distorted_cv_ext/cv_1990_severe.wav,severe,ฉันผ่านการดูแลแล้วตอนนี้,3.0053
cv_1991,common_voice_ext,data/common_voice_ext/cv_1991.wav,data/distorted_cv_ext/cv_1991_severe.wav,severe,โซ่จักรยานที่สกปรกของคุณสามารถใช้น้ำมันหล่อลื่นได้,6.0413
cv_1992,common_voice_ext,data/common_voice_ext/cv_1992.wav,data/distorted_cv_ext/cv_1992_severe.wav,severe,ฉันรู้สึกทึ่งกับมัน,2.6918
cv_1993,common_voice_ext,data/common_voice_ext/cv_1993.wav,data/distorted_cv_ext/cv_1993_severe.wav,severe,ฉันจะบอกยังไง,3.0218
cv_1994,common_voice_ext,data/common_voice_ext/cv_1994.wav,data/distorted_cv_ext/cv_1994_severe.wav,severe,หน้าของเธอดูซีดยิ่งขึ้น ริมฝีปากเธอแห้ง,5.5676
cv_1995,common_voice_ext,data/common_voice_ext/cv_1995.wav,data/distorted_cv_ext/cv_1995_severe.wav,severe,ดีบุกและหัวแร้งบางส่วนวางอยู่บนโต๊ะทำงาน,5.519
cv_1996,common_voice_ext,data/common_voice_ext/cv_1996.wav,data/distorted_cv_ext/cv_1996_severe.wav,severe,ฉันพอใจกับการจัดการเรื่องนี้,5.2083
cv_1997,common_voice_ext,data/common_voice_ext/cv_1997.wav,data/distorted_cv_ext/cv_1997_severe.wav,severe,นั่นคือส่วนที่แปลกของมัน,3.4641
cv_1998,common_voice_ext,data/common_voice_ext/cv_1998.wav,data/distorted_cv_ext/cv_1998_severe.wav,severe,ผมเกลียดการเป็นที่สนใจของสาธารณะชน ริคาร์โด้กล่าวอย่างขมขื่น,6.2905
cv_1999,common_voice_ext,data/common_voice_ext/cv_1999.wav,data/distorted_cv_ext/cv_1999_severe.wav,severe,ฉันอยากเห็นมันเสร็จเรียบร้อยอยู่บนกระดาษนะ เขาพูด,5.603
